tanggal,pulau,jumlah_titik_panas,data_satelit_kosong,tahun,bulan,kelompok_tahun
2021-01-01,Sumatera,0.0,Tidak,2021,1,Non-El Nino
2021-01-01,Jawa,1.0,Tidak,2021,1,Non-El Nino
2021-01-01,Kalimantan,0.0,Tidak,2021,1,Non-El Nino
2021-01-01,Sulawesi,6.0,Tidak,2021,1,Non-El Nino
2021-01-01,Bali-Nusa Tenggara,0.0,Tidak,2021,1,Non-El Nino
2021-01-01,Maluku,0.0,Tidak,2021,1,Non-El Nino
2021-01-01,Papua,0.0,Tidak,2021,1,Non-El Nino
2021-01-02,Sumatera,1.0,Tidak,2021,1,Non-El Nino
2021-01-02,Jawa,1.0,Tidak,2021,1,Non-El Nino
2021-01-02,Kalimantan,0.0,Tidak,2021,1,Non-El Nino
2021-01-02,Sulawesi,15.0,Tidak,2021,1,Non-El Nino
2021-01-02,Bali-Nusa Tenggara,0.0,Tidak,2021,1,Non-El Nino
2021-01-02,Maluku,0.0,Tidak,2021,1,Non-El Nino
2021-01-02,Papua,0.0,Tidak,2021,1,Non-El Nino
2021-01-03,Sumatera,1.0,Tidak,2021,1,Non-El Nino
2021-01-03,Jawa,0.0,Tidak,2021,1,Non-El Nino
2021-01-03,Kalimantan,1.0,Tidak,2021,1,Non-El Nino
2021-01-03,Sulawesi,8.0,Tidak,2021,1,Non-El Nino
2021-01-03,Bali-Nusa Tenggara,5.0,Tidak,2021,1,Non-El Nino
2021-01-03,Maluku,0.0,Tidak,2021,1,Non-El Nino
2021-01-03,Papua,0.0,Tidak,2021,1,Non-El Nino
2021-01-04,Sumatera,1.0,Tidak,2021,1,Non-El Nino
2021-01-04,Jawa,1.0,Tidak,2021,1,Non-El Nino
2021-01-04,Kalimantan,1.0,Tidak,2021,1,Non-El Nino
2021-01-04,Sulawesi,0.0,Tidak,2021,1,Non-El Nino
2021-01-04,Bali-Nusa Tenggara,0.0,Tidak,2021,1,Non-El Nino
2021-01-04,Maluku,0.0,Tidak,2021,1,Non-El Nino
2021-01-04,Papua,0.0,Tidak,2021,1,Non-El Nino
2021-01-05,Sumatera,9.0,Tidak,2021,1,Non-El Nino
2021-01-05,Jawa,0.0,Tidak,2021,1,Non-El Nino
2021-01-05,Kalimantan,0.0,Tidak,2021,1,Non-El Nino
2021-01-05,Sulawesi,0.0,Tidak,2021,1,Non-El Nino
2021-01-05,Bali-Nusa Tenggara,0.0,Tidak,2021,1,Non-El Nino
2021-01-05,Maluku,0.0,Tidak,2021,1,Non-El Nino
2021-01-05,Papua,2.0,Tidak,2021,1,Non-El Nino
2021-01-06,Sumatera,5.0,Tidak,2021,1,Non-El Nino
2021-01-06,Jawa,1.0,Tidak,2021,1,Non-El Nino
2021-01-06,Kalimantan,5.0,Tidak,2021,1,Non-El Nino
2021-01-06,Sulawesi,0.0,Tidak,2021,1,Non-El Nino
2021-01-06,Bali-Nusa Tenggara,0.0,Tidak,2021,1,Non-El Nino
2021-01-06,Maluku,0.0,Tidak,2021,1,Non-El Nino
2021-01-06,Papua,1.0,Tidak,2021,1,Non-El Nino
2021-01-07,Sumatera,3.0,Tidak,2021,1,Non-El Nino
2021-01-07,Jawa,0.0,Tidak,2021,1,Non-El Nino
2021-01-07,Kalimantan,2.0,Tidak,2021,1,Non-El Nino
2021-01-07,Sulawesi,1.0,Tidak,2021,1,Non-El Nino
2021-01-07,Bali-Nusa Tenggara,0.0,Tidak,2021,1,Non-El Nino
2021-01-07,Maluku,0.0,Tidak,2021,1,Non-El Nino
2021-01-07,Papua,6.0,Tidak,2021,1,Non-El Nino
2021-01-08,Sumatera,3.0,Tidak,2021,1,Non-El Nino
2021-01-08,Jawa,1.0,Tidak,2021,1,Non-El Nino
2021-01-08,Kalimantan,0.0,Tidak,2021,1,Non-El Nino
2021-01-08,Sulawesi,3.0,Tidak,2021,1,Non-El Nino
2021-01-08,Bali-Nusa Tenggara,0.0,Tidak,2021,1,Non-El Nino
2021-01-08,Maluku,1.0,Tidak,2021,1,Non-El Nino
2021-01-08,Papua,0.0,Tidak,2021,1,Non-El Nino
2021-01-09,Sumatera,0.0,Tidak,2021,1,Non-El Nino
2021-01-09,Jawa,0.0,Tidak,2021,1,Non-El Nino
2021-01-09,Kalimantan,3.0,Tidak,2021,1,Non-El Nino
2021-01-09,Sulawesi,12.0,Tidak,2021,1,Non-El Nino
2021-01-09,Bali-Nusa Tenggara,1.0,Tidak,2021,1,Non-El Nino
2021-01-09,Maluku,2.0,Tidak,2021,1,Non-El Nino
2021-01-09,Papua,0.0,Tidak,2021,1,Non-El Nino
2021-01-10,Sumatera,0.0,Tidak,2021,1,Non-El Nino
2021-01-10,Jawa,0.0,Tidak,2021,1,Non-El Nino
2021-01-10,Kalimantan,2.0,Tidak,2021,1,Non-El Nino
2021-01-10,Sulawesi,20.0,Tidak,2021,1,Non-El Nino
2021-01-10,Bali-Nusa Tenggara,0.0,Tidak,2021,1,Non-El Nino
2021-01-10,Maluku,1.0,Tidak,2021,1,Non-El Nino
2021-01-10,Papua,0.0,Tidak,2021,1,Non-El Nino
2021-01-11,Sumatera,0.0,Tidak,2021,1,Non-El Nino
2021-01-11,Jawa,0.0,Tidak,2021,1,Non-El Nino
2021-01-11,Kalimantan,2.0,Tidak,2021,1,Non-El Nino
2021-01-11,Sulawesi,6.0,Tidak,2021,1,Non-El Nino
2021-01-11,Bali-Nusa Tenggara,0.0,Tidak,2021,1,Non-El Nino
2021-01-11,Maluku,0.0,Tidak,2021,1,Non-El Nino
2021-01-11,Papua,2.0,Tidak,2021,1,Non-El Nino
2021-01-12,Sumatera,0.0,Tidak,2021,1,Non-El Nino
2021-01-12,Jawa,0.0,Tidak,2021,1,Non-El Nino
2021-01-12,Kalimantan,0.0,Tidak,2021,1,Non-El Nino
2021-01-12,Sulawesi,5.0,Tidak,2021,1,Non-El Nino
2021-01-12,Bali-Nusa Tenggara,0.0,Tidak,2021,1,Non-El Nino
2021-01-12,Maluku,2.0,Tidak,2021,1,Non-El Nino
2021-01-12,Papua,4.0,Tidak,2021,1,Non-El Nino
2021-01-13,Sumatera,1.0,Tidak,2021,1,Non-El Nino
2021-01-13,Jawa,2.0,Tidak,2021,1,Non-El Nino
2021-01-13,Kalimantan,0.0,Tidak,2021,1,Non-El Nino
2021-01-13,Sulawesi,15.0,Tidak,2021,1,Non-El Nino
2021-01-13,Bali-Nusa Tenggara,0.0,Tidak,2021,1,Non-El Nino
2021-01-13,Maluku,1.0,Tidak,2021,1,Non-El Nino
2021-01-13,Papua,1.0,Tidak,2021,1,Non-El Nino
2021-01-14,Sumatera,3.0,Tidak,2021,1,Non-El Nino
2021-01-14,Jawa,2.0,Tidak,2021,1,Non-El Nino
2021-01-14,Kalimantan,0.0,Tidak,2021,1,Non-El Nino
2021-01-14,Sulawesi,4.0,Tidak,2021,1,Non-El Nino
2021-01-14,Bali-Nusa Tenggara,0.0,Tidak,2021,1,Non-El Nino
2021-01-14,Maluku,0.0,Tidak,2021,1,Non-El Nino
2021-01-14,Papua,0.0,Tidak,2021,1,Non-El Nino
2021-01-15,Sumatera,4.0,Tidak,2021,1,Non-El Nino
2021-01-15,Jawa,0.0,Tidak,2021,1,Non-El Nino
2021-01-15,Kalimantan,0.0,Tidak,2021,1,Non-El Nino
2021-01-15,Sulawesi,5.0,Tidak,2021,1,Non-El Nino
2021-01-15,Bali-Nusa Tenggara,0.0,Tidak,2021,1,Non-El Nino
2021-01-15,Maluku,0.0,Tidak,2021,1,Non-El Nino
2021-01-15,Papua,0.0,Tidak,2021,1,Non-El Nino
2021-01-16,Sumatera,5.0,Tidak,2021,1,Non-El Nino
2021-01-16,Jawa,2.0,Tidak,2021,1,Non-El Nino
2021-01-16,Kalimantan,0.0,Tidak,2021,1,Non-El Nino
2021-01-16,Sulawesi,0.0,Tidak,2021,1,Non-El Nino
2021-01-16,Bali-Nusa Tenggara,0.0,Tidak,2021,1,Non-El Nino
2021-01-16,Maluku,0.0,Tidak,2021,1,Non-El Nino
2021-01-16,Papua,2.0,Tidak,2021,1,Non-El Nino
2021-01-17,Sumatera,1.0,Tidak,2021,1,Non-El Nino
2021-01-17,Jawa,0.0,Tidak,2021,1,Non-El Nino
2021-01-17,Kalimantan,3.0,Tidak,2021,1,Non-El Nino
2021-01-17,Sulawesi,0.0,Tidak,2021,1,Non-El Nino
2021-01-17,Bali-Nusa Tenggara,0.0,Tidak,2021,1,Non-El Nino
2021-01-17,Maluku,0.0,Tidak,2021,1,Non-El Nino
2021-01-17,Papua,6.0,Tidak,2021,1,Non-El Nino
2021-01-18,Sumatera,3.0,Tidak,2021,1,Non-El Nino
2021-01-18,Jawa,0.0,Tidak,2021,1,Non-El Nino
2021-01-18,Kalimantan,0.0,Tidak,2021,1,Non-El Nino
2021-01-18,Sulawesi,0.0,Tidak,2021,1,Non-El Nino
2021-01-18,Bali-Nusa Tenggara,0.0,Tidak,2021,1,Non-El Nino
2021-01-18,Maluku,1.0,Tidak,2021,1,Non-El Nino
2021-01-18,Papua,0.0,Tidak,2021,1,Non-El Nino
2021-01-19,Sumatera,1.0,Tidak,2021,1,Non-El Nino
2021-01-19,Jawa,0.0,Tidak,2021,1,Non-El Nino
2021-01-19,Kalimantan,1.0,Tidak,2021,1,Non-El Nino
2021-01-19,Sulawesi,1.0,Tidak,2021,1,Non-El Nino
2021-01-19,Bali-Nusa Tenggara,0.0,Tidak,2021,1,Non-El Nino
2021-01-19,Maluku,0.0,Tidak,2021,1,Non-El Nino
2021-01-19,Papua,0.0,Tidak,2021,1,Non-El Nino
2021-01-20,Sumatera,13.0,Tidak,2021,1,Non-El Nino
2021-01-20,Jawa,0.0,Tidak,2021,1,Non-El Nino
2021-01-20,Kalimantan,32.0,Tidak,2021,1,Non-El Nino
2021-01-20,Sulawesi,18.0,Tidak,2021,1,Non-El Nino
2021-01-20,Bali-Nusa Tenggara,1.0,Tidak,2021,1,Non-El Nino
2021-01-20,Maluku,1.0,Tidak,2021,1,Non-El Nino
2021-01-20,Papua,1.0,Tidak,2021,1,Non-El Nino
2021-01-21,Sumatera,17.0,Tidak,2021,1,Non-El Nino
2021-01-21,Jawa,0.0,Tidak,2021,1,Non-El Nino
2021-01-21,Kalimantan,9.0,Tidak,2021,1,Non-El Nino
2021-01-21,Sulawesi,0.0,Tidak,2021,1,Non-El Nino
2021-01-21,Bali-Nusa Tenggara,0.0,Tidak,2021,1,Non-El Nino
2021-01-21,Maluku,4.0,Tidak,2021,1,Non-El Nino
2021-01-21,Papua,2.0,Tidak,2021,1,Non-El Nino
2021-01-22,Sumatera,22.0,Tidak,2021,1,Non-El Nino
2021-01-22,Jawa,0.0,Tidak,2021,1,Non-El Nino
2021-01-22,Kalimantan,1.0,Tidak,2021,1,Non-El Nino
2021-01-22,Sulawesi,12.0,Tidak,2021,1,Non-El Nino
2021-01-22,Bali-Nusa Tenggara,0.0,Tidak,2021,1,Non-El Nino
2021-01-22,Maluku,2.0,Tidak,2021,1,Non-El Nino
2021-01-22,Papua,12.0,Tidak,2021,1,Non-El Nino
2021-01-23,Sumatera,63.0,Tidak,2021,1,Non-El Nino
2021-01-23,Jawa,0.0,Tidak,2021,1,Non-El Nino
2021-01-23,Kalimantan,2.0,Tidak,2021,1,Non-El Nino
2021-01-23,Sulawesi,0.0,Tidak,2021,1,Non-El Nino
2021-01-23,Bali-Nusa Tenggara,0.0,Tidak,2021,1,Non-El Nino
2021-01-23,Maluku,0.0,Tidak,2021,1,Non-El Nino
2021-01-23,Papua,9.0,Tidak,2021,1,Non-El Nino
2021-01-24,Sumatera,36.0,Tidak,2021,1,Non-El Nino
2021-01-24,Jawa,0.0,Tidak,2021,1,Non-El Nino
2021-01-24,Kalimantan,0.0,Tidak,2021,1,Non-El Nino
2021-01-24,Sulawesi,1.0,Tidak,2021,1,Non-El Nino
2021-01-24,Bali-Nusa Tenggara,0.0,Tidak,2021,1,Non-El Nino
2021-01-24,Maluku,0.0,Tidak,2021,1,Non-El Nino
2021-01-24,Papua,4.0,Tidak,2021,1,Non-El Nino
2021-01-25,Sumatera,2.0,Tidak,2021,1,Non-El Nino
2021-01-25,Jawa,1.0,Tidak,2021,1,Non-El Nino
2021-01-25,Kalimantan,4.0,Tidak,2021,1,Non-El Nino
2021-01-25,Sulawesi,0.0,Tidak,2021,1,Non-El Nino
2021-01-25,Bali-Nusa Tenggara,0.0,Tidak,2021,1,Non-El Nino
2021-01-25,Maluku,0.0,Tidak,2021,1,Non-El Nino
2021-01-25,Papua,10.0,Tidak,2021,1,Non-El Nino
2021-01-26,Sumatera,2.0,Tidak,2021,1,Non-El Nino
2021-01-26,Jawa,0.0,Tidak,2021,1,Non-El Nino
2021-01-26,Kalimantan,5.0,Tidak,2021,1,Non-El Nino
2021-01-26,Sulawesi,0.0,Tidak,2021,1,Non-El Nino
2021-01-26,Bali-Nusa Tenggara,0.0,Tidak,2021,1,Non-El Nino
2021-01-26,Maluku,0.0,Tidak,2021,1,Non-El Nino
2021-01-26,Papua,0.0,Tidak,2021,1,Non-El Nino
2021-01-27,Sumatera,2.0,Tidak,2021,1,Non-El Nino
2021-01-27,Jawa,0.0,Tidak,2021,1,Non-El Nino
2021-01-27,Kalimantan,1.0,Tidak,2021,1,Non-El Nino
2021-01-27,Sulawesi,8.0,Tidak,2021,1,Non-El Nino
2021-01-27,Bali-Nusa Tenggara,0.0,Tidak,2021,1,Non-El Nino
2021-01-27,Maluku,4.0,Tidak,2021,1,Non-El Nino
2021-01-27,Papua,0.0,Tidak,2021,1,Non-El Nino
2021-01-28,Sumatera,1.0,Tidak,2021,1,Non-El Nino
2021-01-28,Jawa,1.0,Tidak,2021,1,Non-El Nino
2021-01-28,Kalimantan,1.0,Tidak,2021,1,Non-El Nino
2021-01-28,Sulawesi,27.0,Tidak,2021,1,Non-El Nino
2021-01-28,Bali-Nusa Tenggara,0.0,Tidak,2021,1,Non-El Nino
2021-01-28,Maluku,0.0,Tidak,2021,1,Non-El Nino
2021-01-28,Papua,0.0,Tidak,2021,1,Non-El Nino
2021-01-29,Sumatera,1.0,Tidak,2021,1,Non-El Nino
2021-01-29,Jawa,1.0,Tidak,2021,1,Non-El Nino
2021-01-29,Kalimantan,0.0,Tidak,2021,1,Non-El Nino
2021-01-29,Sulawesi,13.0,Tidak,2021,1,Non-El Nino
2021-01-29,Bali-Nusa Tenggara,0.0,Tidak,2021,1,Non-El Nino
2021-01-29,Maluku,0.0,Tidak,2021,1,Non-El Nino
2021-01-29,Papua,0.0,Tidak,2021,1,Non-El Nino
2021-01-30,Sumatera,1.0,Tidak,2021,1,Non-El Nino
2021-01-30,Jawa,0.0,Tidak,2021,1,Non-El Nino
2021-01-30,Kalimantan,4.0,Tidak,2021,1,Non-El Nino
2021-01-30,Sulawesi,18.0,Tidak,2021,1,Non-El Nino
2021-01-30,Bali-Nusa Tenggara,0.0,Tidak,2021,1,Non-El Nino
2021-01-30,Maluku,10.0,Tidak,2021,1,Non-El Nino
2021-01-30,Papua,0.0,Tidak,2021,1,Non-El Nino
2021-01-31,Sumatera,5.0,Tidak,2021,1,Non-El Nino
2021-01-31,Jawa,0.0,Tidak,2021,1,Non-El Nino
2021-01-31,Kalimantan,2.0,Tidak,2021,1,Non-El Nino
2021-01-31,Sulawesi,1.0,Tidak,2021,1,Non-El Nino
2021-01-31,Bali-Nusa Tenggara,0.0,Tidak,2021,1,Non-El Nino
2021-01-31,Maluku,0.0,Tidak,2021,1,Non-El Nino
2021-01-31,Papua,0.0,Tidak,2021,1,Non-El Nino
2021-02-01,Sumatera,0.0,Tidak,2021,2,Non-El Nino
2021-02-01,Jawa,0.0,Tidak,2021,2,Non-El Nino
2021-02-01,Kalimantan,0.0,Tidak,2021,2,Non-El Nino
2021-02-01,Sulawesi,0.0,Tidak,2021,2,Non-El Nino
2021-02-01,Bali-Nusa Tenggara,0.0,Tidak,2021,2,Non-El Nino
2021-02-01,Maluku,0.0,Tidak,2021,2,Non-El Nino
2021-02-01,Papua,0.0,Tidak,2021,2,Non-El Nino
2021-02-02,Sumatera,3.0,Tidak,2021,2,Non-El Nino
2021-02-02,Jawa,0.0,Tidak,2021,2,Non-El Nino
2021-02-02,Kalimantan,3.0,Tidak,2021,2,Non-El Nino
2021-02-02,Sulawesi,1.0,Tidak,2021,2,Non-El Nino
2021-02-02,Bali-Nusa Tenggara,0.0,Tidak,2021,2,Non-El Nino
2021-02-02,Maluku,0.0,Tidak,2021,2,Non-El Nino
2021-02-02,Papua,1.0,Tidak,2021,2,Non-El Nino
2021-02-03,Sumatera,8.0,Tidak,2021,2,Non-El Nino
2021-02-03,Jawa,0.0,Tidak,2021,2,Non-El Nino
2021-02-03,Kalimantan,1.0,Tidak,2021,2,Non-El Nino
2021-02-03,Sulawesi,5.0,Tidak,2021,2,Non-El Nino
2021-02-03,Bali-Nusa Tenggara,0.0,Tidak,2021,2,Non-El Nino
2021-02-03,Maluku,0.0,Tidak,2021,2,Non-El Nino
2021-02-03,Papua,0.0,Tidak,2021,2,Non-El Nino
2021-02-04,Sumatera,16.0,Tidak,2021,2,Non-El Nino
2021-02-04,Jawa,0.0,Tidak,2021,2,Non-El Nino
2021-02-04,Kalimantan,1.0,Tidak,2021,2,Non-El Nino
2021-02-04,Sulawesi,0.0,Tidak,2021,2,Non-El Nino
2021-02-04,Bali-Nusa Tenggara,0.0,Tidak,2021,2,Non-El Nino
2021-02-04,Maluku,0.0,Tidak,2021,2,Non-El Nino
2021-02-04,Papua,2.0,Tidak,2021,2,Non-El Nino
2021-02-05,Sumatera,18.0,Tidak,2021,2,Non-El Nino
2021-02-05,Jawa,1.0,Tidak,2021,2,Non-El Nino
2021-02-05,Kalimantan,6.0,Tidak,2021,2,Non-El Nino
2021-02-05,Sulawesi,4.0,Tidak,2021,2,Non-El Nino
2021-02-05,Bali-Nusa Tenggara,0.0,Tidak,2021,2,Non-El Nino
2021-02-05,Maluku,1.0,Tidak,2021,2,Non-El Nino
2021-02-05,Papua,0.0,Tidak,2021,2,Non-El Nino
2021-02-06,Sumatera,58.0,Tidak,2021,2,Non-El Nino
2021-02-06,Jawa,11.0,Tidak,2021,2,Non-El Nino
2021-02-06,Kalimantan,10.0,Tidak,2021,2,Non-El Nino
2021-02-06,Sulawesi,2.0,Tidak,2021,2,Non-El Nino
2021-02-06,Bali-Nusa Tenggara,0.0,Tidak,2021,2,Non-El Nino
2021-02-06,Maluku,0.0,Tidak,2021,2,Non-El Nino
2021-02-06,Papua,1.0,Tidak,2021,2,Non-El Nino
2021-02-07,Sumatera,16.0,Tidak,2021,2,Non-El Nino
2021-02-07,Jawa,0.0,Tidak,2021,2,Non-El Nino
2021-02-07,Kalimantan,1.0,Tidak,2021,2,Non-El Nino
2021-02-07,Sulawesi,23.0,Tidak,2021,2,Non-El Nino
2021-02-07,Bali-Nusa Tenggara,0.0,Tidak,2021,2,Non-El Nino
2021-02-07,Maluku,0.0,Tidak,2021,2,Non-El Nino
2021-02-07,Papua,2.0,Tidak,2021,2,Non-El Nino
2021-02-08,Sumatera,22.0,Tidak,2021,2,Non-El Nino
2021-02-08,Jawa,0.0,Tidak,2021,2,Non-El Nino
2021-02-08,Kalimantan,9.0,Tidak,2021,2,Non-El Nino
2021-02-08,Sulawesi,44.0,Tidak,2021,2,Non-El Nino
2021-02-08,Bali-Nusa Tenggara,0.0,Tidak,2021,2,Non-El Nino
2021-02-08,Maluku,0.0,Tidak,2021,2,Non-El Nino
2021-02-08,Papua,4.0,Tidak,2021,2,Non-El Nino
2021-02-09,Sumatera,31.0,Tidak,2021,2,Non-El Nino
2021-02-09,Jawa,1.0,Tidak,2021,2,Non-El Nino
2021-02-09,Kalimantan,12.0,Tidak,2021,2,Non-El Nino
2021-02-09,Sulawesi,16.0,Tidak,2021,2,Non-El Nino
2021-02-09,Bali-Nusa Tenggara,0.0,Tidak,2021,2,Non-El Nino
2021-02-09,Maluku,5.0,Tidak,2021,2,Non-El Nino
2021-02-09,Papua,0.0,Tidak,2021,2,Non-El Nino
2021-02-10,Sumatera,45.0,Tidak,2021,2,Non-El Nino
2021-02-10,Jawa,2.0,Tidak,2021,2,Non-El Nino
2021-02-10,Kalimantan,28.0,Tidak,2021,2,Non-El Nino
2021-02-10,Sulawesi,25.0,Tidak,2021,2,Non-El Nino
2021-02-10,Bali-Nusa Tenggara,0.0,Tidak,2021,2,Non-El Nino
2021-02-10,Maluku,3.0,Tidak,2021,2,Non-El Nino
2021-02-10,Papua,0.0,Tidak,2021,2,Non-El Nino
2021-02-11,Sumatera,41.0,Tidak,2021,2,Non-El Nino
2021-02-11,Jawa,1.0,Tidak,2021,2,Non-El Nino
2021-02-11,Kalimantan,21.0,Tidak,2021,2,Non-El Nino
2021-02-11,Sulawesi,3.0,Tidak,2021,2,Non-El Nino
2021-02-11,Bali-Nusa Tenggara,0.0,Tidak,2021,2,Non-El Nino
2021-02-11,Maluku,4.0,Tidak,2021,2,Non-El Nino
2021-02-11,Papua,0.0,Tidak,2021,2,Non-El Nino
2021-02-12,Sumatera,61.0,Tidak,2021,2,Non-El Nino
2021-02-12,Jawa,2.0,Tidak,2021,2,Non-El Nino
2021-02-12,Kalimantan,20.0,Tidak,2021,2,Non-El Nino
2021-02-12,Sulawesi,0.0,Tidak,2021,2,Non-El Nino
2021-02-12,Bali-Nusa Tenggara,0.0,Tidak,2021,2,Non-El Nino
2021-02-12,Maluku,0.0,Tidak,2021,2,Non-El Nino
2021-02-12,Papua,0.0,Tidak,2021,2,Non-El Nino
2021-02-13,Sumatera,90.0,Tidak,2021,2,Non-El Nino
2021-02-13,Jawa,2.0,Tidak,2021,2,Non-El Nino
2021-02-13,Kalimantan,7.0,Tidak,2021,2,Non-El Nino
2021-02-13,Sulawesi,0.0,Tidak,2021,2,Non-El Nino
2021-02-13,Bali-Nusa Tenggara,1.0,Tidak,2021,2,Non-El Nino
2021-02-13,Maluku,0.0,Tidak,2021,2,Non-El Nino
2021-02-13,Papua,1.0,Tidak,2021,2,Non-El Nino
2021-02-14,Sumatera,103.0,Tidak,2021,2,Non-El Nino
2021-02-14,Jawa,2.0,Tidak,2021,2,Non-El Nino
2021-02-14,Kalimantan,47.0,Tidak,2021,2,Non-El Nino
2021-02-14,Sulawesi,2.0,Tidak,2021,2,Non-El Nino
2021-02-14,Bali-Nusa Tenggara,0.0,Tidak,2021,2,Non-El Nino
2021-02-14,Maluku,0.0,Tidak,2021,2,Non-El Nino
2021-02-14,Papua,0.0,Tidak,2021,2,Non-El Nino
2021-02-15,Sumatera,76.0,Tidak,2021,2,Non-El Nino
2021-02-15,Jawa,1.0,Tidak,2021,2,Non-El Nino
2021-02-15,Kalimantan,136.0,Tidak,2021,2,Non-El Nino
2021-02-15,Sulawesi,3.0,Tidak,2021,2,Non-El Nino
2021-02-15,Bali-Nusa Tenggara,0.0,Tidak,2021,2,Non-El Nino
2021-02-15,Maluku,0.0,Tidak,2021,2,Non-El Nino
2021-02-15,Papua,0.0,Tidak,2021,2,Non-El Nino
2021-02-16,Sumatera,69.0,Tidak,2021,2,Non-El Nino
2021-02-16,Jawa,0.0,Tidak,2021,2,Non-El Nino
2021-02-16,Kalimantan,109.0,Tidak,2021,2,Non-El Nino
2021-02-16,Sulawesi,17.0,Tidak,2021,2,Non-El Nino
2021-02-16,Bali-Nusa Tenggara,0.0,Tidak,2021,2,Non-El Nino
2021-02-16,Maluku,0.0,Tidak,2021,2,Non-El Nino
2021-02-16,Papua,3.0,Tidak,2021,2,Non-El Nino
2021-02-17,Sumatera,98.0,Tidak,2021,2,Non-El Nino
2021-02-17,Jawa,0.0,Tidak,2021,2,Non-El Nino
2021-02-17,Kalimantan,21.0,Tidak,2021,2,Non-El Nino
2021-02-17,Sulawesi,5.0,Tidak,2021,2,Non-El Nino
2021-02-17,Bali-Nusa Tenggara,0.0,Tidak,2021,2,Non-El Nino
2021-02-17,Maluku,2.0,Tidak,2021,2,Non-El Nino
2021-02-17,Papua,1.0,Tidak,2021,2,Non-El Nino
2021-02-18,Sumatera,51.0,Tidak,2021,2,Non-El Nino
2021-02-18,Jawa,2.0,Tidak,2021,2,Non-El Nino
2021-02-18,Kalimantan,72.0,Tidak,2021,2,Non-El Nino
2021-02-18,Sulawesi,3.0,Tidak,2021,2,Non-El Nino
2021-02-18,Bali-Nusa Tenggara,1.0,Tidak,2021,2,Non-El Nino
2021-02-18,Maluku,2.0,Tidak,2021,2,Non-El Nino
2021-02-18,Papua,2.0,Tidak,2021,2,Non-El Nino
2021-02-19,Sumatera,117.0,Tidak,2021,2,Non-El Nino
2021-02-19,Jawa,0.0,Tidak,2021,2,Non-El Nino
2021-02-19,Kalimantan,42.0,Tidak,2021,2,Non-El Nino
2021-02-19,Sulawesi,1.0,Tidak,2021,2,Non-El Nino
2021-02-19,Bali-Nusa Tenggara,0.0,Tidak,2021,2,Non-El Nino
2021-02-19,Maluku,0.0,Tidak,2021,2,Non-El Nino
2021-02-19,Papua,0.0,Tidak,2021,2,Non-El Nino
2021-02-20,Sumatera,167.0,Tidak,2021,2,Non-El Nino
2021-02-20,Jawa,0.0,Tidak,2021,2,Non-El Nino
2021-02-20,Kalimantan,8.0,Tidak,2021,2,Non-El Nino
2021-02-20,Sulawesi,5.0,Tidak,2021,2,Non-El Nino
2021-02-20,Bali-Nusa Tenggara,0.0,Tidak,2021,2,Non-El Nino
2021-02-20,Maluku,2.0,Tidak,2021,2,Non-El Nino
2021-02-20,Papua,2.0,Tidak,2021,2,Non-El Nino
2021-02-21,Sumatera,211.0,Tidak,2021,2,Non-El Nino
2021-02-21,Jawa,1.0,Tidak,2021,2,Non-El Nino
2021-02-21,Kalimantan,21.0,Tidak,2021,2,Non-El Nino
2021-02-21,Sulawesi,35.0,Tidak,2021,2,Non-El Nino
2021-02-21,Bali-Nusa Tenggara,1.0,Tidak,2021,2,Non-El Nino
2021-02-21,Maluku,0.0,Tidak,2021,2,Non-El Nino
2021-02-21,Papua,0.0,Tidak,2021,2,Non-El Nino
2021-02-22,Sumatera,199.0,Tidak,2021,2,Non-El Nino
2021-02-22,Jawa,1.0,Tidak,2021,2,Non-El Nino
2021-02-22,Kalimantan,5.0,Tidak,2021,2,Non-El Nino
2021-02-22,Sulawesi,3.0,Tidak,2021,2,Non-El Nino
2021-02-22,Bali-Nusa Tenggara,0.0,Tidak,2021,2,Non-El Nino
2021-02-22,Maluku,0.0,Tidak,2021,2,Non-El Nino
2021-02-22,Papua,2.0,Tidak,2021,2,Non-El Nino
2021-02-23,Sumatera,133.0,Tidak,2021,2,Non-El Nino
2021-02-23,Jawa,0.0,Tidak,2021,2,Non-El Nino
2021-02-23,Kalimantan,12.0,Tidak,2021,2,Non-El Nino
2021-02-23,Sulawesi,5.0,Tidak,2021,2,Non-El Nino
2021-02-23,Bali-Nusa Tenggara,0.0,Tidak,2021,2,Non-El Nino
2021-02-23,Maluku,0.0,Tidak,2021,2,Non-El Nino
2021-02-23,Papua,1.0,Tidak,2021,2,Non-El Nino
2021-02-24,Sumatera,61.0,Tidak,2021,2,Non-El Nino
2021-02-24,Jawa,1.0,Tidak,2021,2,Non-El Nino
2021-02-24,Kalimantan,98.0,Tidak,2021,2,Non-El Nino
2021-02-24,Sulawesi,2.0,Tidak,2021,2,Non-El Nino
2021-02-24,Bali-Nusa Tenggara,0.0,Tidak,2021,2,Non-El Nino
2021-02-24,Maluku,0.0,Tidak,2021,2,Non-El Nino
2021-02-24,Papua,0.0,Tidak,2021,2,Non-El Nino
2021-02-25,Sumatera,50.0,Tidak,2021,2,Non-El Nino
2021-02-25,Jawa,1.0,Tidak,2021,2,Non-El Nino
2021-02-25,Kalimantan,241.0,Tidak,2021,2,Non-El Nino
2021-02-25,Sulawesi,14.0,Tidak,2021,2,Non-El Nino
2021-02-25,Bali-Nusa Tenggara,1.0,Tidak,2021,2,Non-El Nino
2021-02-25,Maluku,0.0,Tidak,2021,2,Non-El Nino
2021-02-25,Papua,0.0,Tidak,2021,2,Non-El Nino
2021-02-26,Sumatera,159.0,Tidak,2021,2,Non-El Nino
2021-02-26,Jawa,1.0,Tidak,2021,2,Non-El Nino
2021-02-26,Kalimantan,412.0,Tidak,2021,2,Non-El Nino
2021-02-26,Sulawesi,8.0,Tidak,2021,2,Non-El Nino
2021-02-26,Bali-Nusa Tenggara,0.0,Tidak,2021,2,Non-El Nino
2021-02-26,Maluku,4.0,Tidak,2021,2,Non-El Nino
2021-02-26,Papua,0.0,Tidak,2021,2,Non-El Nino
2021-02-27,Sumatera,233.0,Tidak,2021,2,Non-El Nino
2021-02-27,Jawa,0.0,Tidak,2021,2,Non-El Nino
2021-02-27,Kalimantan,699.0,Tidak,2021,2,Non-El Nino
2021-02-27,Sulawesi,19.0,Tidak,2021,2,Non-El Nino
2021-02-27,Bali-Nusa Tenggara,0.0,Tidak,2021,2,Non-El Nino
2021-02-27,Maluku,2.0,Tidak,2021,2,Non-El Nino
2021-02-27,Papua,10.0,Tidak,2021,2,Non-El Nino
2021-02-28,Sumatera,170.0,Tidak,2021,2,Non-El Nino
2021-02-28,Jawa,4.0,Tidak,2021,2,Non-El Nino
2021-02-28,Kalimantan,43.0,Tidak,2021,2,Non-El Nino
2021-02-28,Sulawesi,7.0,Tidak,2021,2,Non-El Nino
2021-02-28,Bali-Nusa Tenggara,0.0,Tidak,2021,2,Non-El Nino
2021-02-28,Maluku,2.0,Tidak,2021,2,Non-El Nino
2021-02-28,Papua,0.0,Tidak,2021,2,Non-El Nino
2021-03-01,Sumatera,89.0,Tidak,2021,3,Non-El Nino
2021-03-01,Jawa,2.0,Tidak,2021,3,Non-El Nino
2021-03-01,Kalimantan,77.0,Tidak,2021,3,Non-El Nino
2021-03-01,Sulawesi,8.0,Tidak,2021,3,Non-El Nino
2021-03-01,Bali-Nusa Tenggara,0.0,Tidak,2021,3,Non-El Nino
2021-03-01,Maluku,0.0,Tidak,2021,3,Non-El Nino
2021-03-01,Papua,1.0,Tidak,2021,3,Non-El Nino
2021-03-02,Sumatera,140.0,Tidak,2021,3,Non-El Nino
2021-03-02,Jawa,0.0,Tidak,2021,3,Non-El Nino
2021-03-02,Kalimantan,68.0,Tidak,2021,3,Non-El Nino
2021-03-02,Sulawesi,9.0,Tidak,2021,3,Non-El Nino
2021-03-02,Bali-Nusa Tenggara,2.0,Tidak,2021,3,Non-El Nino
2021-03-02,Maluku,2.0,Tidak,2021,3,Non-El Nino
2021-03-02,Papua,1.0,Tidak,2021,3,Non-El Nino
2021-03-03,Sumatera,71.0,Tidak,2021,3,Non-El Nino
2021-03-03,Jawa,3.0,Tidak,2021,3,Non-El Nino
2021-03-03,Kalimantan,0.0,Tidak,2021,3,Non-El Nino
2021-03-03,Sulawesi,21.0,Tidak,2021,3,Non-El Nino
2021-03-03,Bali-Nusa Tenggara,0.0,Tidak,2021,3,Non-El Nino
2021-03-03,Maluku,3.0,Tidak,2021,3,Non-El Nino
2021-03-03,Papua,0.0,Tidak,2021,3,Non-El Nino
2021-03-04,Sumatera,117.0,Tidak,2021,3,Non-El Nino
2021-03-04,Jawa,0.0,Tidak,2021,3,Non-El Nino
2021-03-04,Kalimantan,6.0,Tidak,2021,3,Non-El Nino
2021-03-04,Sulawesi,5.0,Tidak,2021,3,Non-El Nino
2021-03-04,Bali-Nusa Tenggara,0.0,Tidak,2021,3,Non-El Nino
2021-03-04,Maluku,4.0,Tidak,2021,3,Non-El Nino
2021-03-04,Papua,6.0,Tidak,2021,3,Non-El Nino
2021-03-05,Sumatera,248.0,Tidak,2021,3,Non-El Nino
2021-03-05,Jawa,3.0,Tidak,2021,3,Non-El Nino
2021-03-05,Kalimantan,6.0,Tidak,2021,3,Non-El Nino
2021-03-05,Sulawesi,4.0,Tidak,2021,3,Non-El Nino
2021-03-05,Bali-Nusa Tenggara,2.0,Tidak,2021,3,Non-El Nino
2021-03-05,Maluku,8.0,Tidak,2021,3,Non-El Nino
2021-03-05,Papua,1.0,Tidak,2021,3,Non-El Nino
2021-03-06,Sumatera,35.0,Tidak,2021,3,Non-El Nino
2021-03-06,Jawa,6.0,Tidak,2021,3,Non-El Nino
2021-03-06,Kalimantan,25.0,Tidak,2021,3,Non-El Nino
2021-03-06,Sulawesi,7.0,Tidak,2021,3,Non-El Nino
2021-03-06,Bali-Nusa Tenggara,0.0,Tidak,2021,3,Non-El Nino
2021-03-06,Maluku,1.0,Tidak,2021,3,Non-El Nino
2021-03-06,Papua,1.0,Tidak,2021,3,Non-El Nino
2021-03-07,Sumatera,3.0,Tidak,2021,3,Non-El Nino
2021-03-07,Jawa,2.0,Tidak,2021,3,Non-El Nino
2021-03-07,Kalimantan,1.0,Tidak,2021,3,Non-El Nino
2021-03-07,Sulawesi,16.0,Tidak,2021,3,Non-El Nino
2021-03-07,Bali-Nusa Tenggara,0.0,Tidak,2021,3,Non-El Nino
2021-03-07,Maluku,0.0,Tidak,2021,3,Non-El Nino
2021-03-07,Papua,3.0,Tidak,2021,3,Non-El Nino
2021-03-08,Sumatera,40.0,Tidak,2021,3,Non-El Nino
2021-03-08,Jawa,3.0,Tidak,2021,3,Non-El Nino
2021-03-08,Kalimantan,9.0,Tidak,2021,3,Non-El Nino
2021-03-08,Sulawesi,5.0,Tidak,2021,3,Non-El Nino
2021-03-08,Bali-Nusa Tenggara,0.0,Tidak,2021,3,Non-El Nino
2021-03-08,Maluku,2.0,Tidak,2021,3,Non-El Nino
2021-03-08,Papua,1.0,Tidak,2021,3,Non-El Nino
2021-03-09,Sumatera,38.0,Tidak,2021,3,Non-El Nino
2021-03-09,Jawa,1.0,Tidak,2021,3,Non-El Nino
2021-03-09,Kalimantan,2.0,Tidak,2021,3,Non-El Nino
2021-03-09,Sulawesi,5.0,Tidak,2021,3,Non-El Nino
2021-03-09,Bali-Nusa Tenggara,0.0,Tidak,2021,3,Non-El Nino
2021-03-09,Maluku,2.0,Tidak,2021,3,Non-El Nino
2021-03-09,Papua,2.0,Tidak,2021,3,Non-El Nino
2021-03-10,Sumatera,134.0,Tidak,2021,3,Non-El Nino
2021-03-10,Jawa,2.0,Tidak,2021,3,Non-El Nino
2021-03-10,Kalimantan,15.0,Tidak,2021,3,Non-El Nino
2021-03-10,Sulawesi,4.0,Tidak,2021,3,Non-El Nino
2021-03-10,Bali-Nusa Tenggara,0.0,Tidak,2021,3,Non-El Nino
2021-03-10,Maluku,1.0,Tidak,2021,3,Non-El Nino
2021-03-10,Papua,0.0,Tidak,2021,3,Non-El Nino
2021-03-11,Sumatera,91.0,Tidak,2021,3,Non-El Nino
2021-03-11,Jawa,2.0,Tidak,2021,3,Non-El Nino
2021-03-11,Kalimantan,6.0,Tidak,2021,3,Non-El Nino
2021-03-11,Sulawesi,6.0,Tidak,2021,3,Non-El Nino
2021-03-11,Bali-Nusa Tenggara,0.0,Tidak,2021,3,Non-El Nino
2021-03-11,Maluku,2.0,Tidak,2021,3,Non-El Nino
2021-03-11,Papua,0.0,Tidak,2021,3,Non-El Nino
2021-03-12,Sumatera,48.0,Tidak,2021,3,Non-El Nino
2021-03-12,Jawa,0.0,Tidak,2021,3,Non-El Nino
2021-03-12,Kalimantan,19.0,Tidak,2021,3,Non-El Nino
2021-03-12,Sulawesi,43.0,Tidak,2021,3,Non-El Nino
2021-03-12,Bali-Nusa Tenggara,0.0,Tidak,2021,3,Non-El Nino
2021-03-12,Maluku,0.0,Tidak,2021,3,Non-El Nino
2021-03-12,Papua,0.0,Tidak,2021,3,Non-El Nino
2021-03-13,Sumatera,87.0,Tidak,2021,3,Non-El Nino
2021-03-13,Jawa,0.0,Tidak,2021,3,Non-El Nino
2021-03-13,Kalimantan,14.0,Tidak,2021,3,Non-El Nino
2021-03-13,Sulawesi,16.0,Tidak,2021,3,Non-El Nino
2021-03-13,Bali-Nusa Tenggara,0.0,Tidak,2021,3,Non-El Nino
2021-03-13,Maluku,0.0,Tidak,2021,3,Non-El Nino
2021-03-13,Papua,1.0,Tidak,2021,3,Non-El Nino
2021-03-14,Sumatera,177.0,Tidak,2021,3,Non-El Nino
2021-03-14,Jawa,2.0,Tidak,2021,3,Non-El Nino
2021-03-14,Kalimantan,7.0,Tidak,2021,3,Non-El Nino
2021-03-14,Sulawesi,11.0,Tidak,2021,3,Non-El Nino
2021-03-14,Bali-Nusa Tenggara,0.0,Tidak,2021,3,Non-El Nino
2021-03-14,Maluku,5.0,Tidak,2021,3,Non-El Nino
2021-03-14,Papua,3.0,Tidak,2021,3,Non-El Nino
2021-03-15,Sumatera,44.0,Tidak,2021,3,Non-El Nino
2021-03-15,Jawa,4.0,Tidak,2021,3,Non-El Nino
2021-03-15,Kalimantan,24.0,Tidak,2021,3,Non-El Nino
2021-03-15,Sulawesi,6.0,Tidak,2021,3,Non-El Nino
2021-03-15,Bali-Nusa Tenggara,0.0,Tidak,2021,3,Non-El Nino
2021-03-15,Maluku,3.0,Tidak,2021,3,Non-El Nino
2021-03-15,Papua,8.0,Tidak,2021,3,Non-El Nino
2021-03-16,Sumatera,18.0,Tidak,2021,3,Non-El Nino
2021-03-16,Jawa,6.0,Tidak,2021,3,Non-El Nino
2021-03-16,Kalimantan,10.0,Tidak,2021,3,Non-El Nino
2021-03-16,Sulawesi,22.0,Tidak,2021,3,Non-El Nino
2021-03-16,Bali-Nusa Tenggara,0.0,Tidak,2021,3,Non-El Nino
2021-03-16,Maluku,6.0,Tidak,2021,3,Non-El Nino
2021-03-16,Papua,15.0,Tidak,2021,3,Non-El Nino
2021-03-17,Sumatera,19.0,Tidak,2021,3,Non-El Nino
2021-03-17,Jawa,8.0,Tidak,2021,3,Non-El Nino
2021-03-17,Kalimantan,22.0,Tidak,2021,3,Non-El Nino
2021-03-17,Sulawesi,36.0,Tidak,2021,3,Non-El Nino
2021-03-17,Bali-Nusa Tenggara,0.0,Tidak,2021,3,Non-El Nino
2021-03-17,Maluku,2.0,Tidak,2021,3,Non-El Nino
2021-03-17,Papua,1.0,Tidak,2021,3,Non-El Nino
2021-03-18,Sumatera,19.0,Tidak,2021,3,Non-El Nino
2021-03-18,Jawa,0.0,Tidak,2021,3,Non-El Nino
2021-03-18,Kalimantan,4.0,Tidak,2021,3,Non-El Nino
2021-03-18,Sulawesi,15.0,Tidak,2021,3,Non-El Nino
2021-03-18,Bali-Nusa Tenggara,1.0,Tidak,2021,3,Non-El Nino
2021-03-18,Maluku,0.0,Tidak,2021,3,Non-El Nino
2021-03-18,Papua,4.0,Tidak,2021,3,Non-El Nino
2021-03-19,Sumatera,14.0,Tidak,2021,3,Non-El Nino
2021-03-19,Jawa,4.0,Tidak,2021,3,Non-El Nino
2021-03-19,Kalimantan,11.0,Tidak,2021,3,Non-El Nino
2021-03-19,Sulawesi,19.0,Tidak,2021,3,Non-El Nino
2021-03-19,Bali-Nusa Tenggara,0.0,Tidak,2021,3,Non-El Nino
2021-03-19,Maluku,6.0,Tidak,2021,3,Non-El Nino
2021-03-19,Papua,2.0,Tidak,2021,3,Non-El Nino
2021-03-20,Sumatera,7.0,Tidak,2021,3,Non-El Nino
2021-03-20,Jawa,1.0,Tidak,2021,3,Non-El Nino
2021-03-20,Kalimantan,5.0,Tidak,2021,3,Non-El Nino
2021-03-20,Sulawesi,14.0,Tidak,2021,3,Non-El Nino
2021-03-20,Bali-Nusa Tenggara,0.0,Tidak,2021,3,Non-El Nino
2021-03-20,Maluku,4.0,Tidak,2021,3,Non-El Nino
2021-03-20,Papua,0.0,Tidak,2021,3,Non-El Nino
2021-03-21,Sumatera,32.0,Tidak,2021,3,Non-El Nino
2021-03-21,Jawa,6.0,Tidak,2021,3,Non-El Nino
2021-03-21,Kalimantan,8.0,Tidak,2021,3,Non-El Nino
2021-03-21,Sulawesi,12.0,Tidak,2021,3,Non-El Nino
2021-03-21,Bali-Nusa Tenggara,0.0,Tidak,2021,3,Non-El Nino
2021-03-21,Maluku,2.0,Tidak,2021,3,Non-El Nino
2021-03-21,Papua,2.0,Tidak,2021,3,Non-El Nino
2021-03-22,Sumatera,18.0,Tidak,2021,3,Non-El Nino
2021-03-22,Jawa,6.0,Tidak,2021,3,Non-El Nino
2021-03-22,Kalimantan,2.0,Tidak,2021,3,Non-El Nino
2021-03-22,Sulawesi,30.0,Tidak,2021,3,Non-El Nino
2021-03-22,Bali-Nusa Tenggara,1.0,Tidak,2021,3,Non-El Nino
2021-03-22,Maluku,3.0,Tidak,2021,3,Non-El Nino
2021-03-22,Papua,1.0,Tidak,2021,3,Non-El Nino
2021-03-23,Sumatera,12.0,Tidak,2021,3,Non-El Nino
2021-03-23,Jawa,1.0,Tidak,2021,3,Non-El Nino
2021-03-23,Kalimantan,2.0,Tidak,2021,3,Non-El Nino
2021-03-23,Sulawesi,6.0,Tidak,2021,3,Non-El Nino
2021-03-23,Bali-Nusa Tenggara,0.0,Tidak,2021,3,Non-El Nino
2021-03-23,Maluku,10.0,Tidak,2021,3,Non-El Nino
2021-03-23,Papua,3.0,Tidak,2021,3,Non-El Nino
2021-03-24,Sumatera,4.0,Tidak,2021,3,Non-El Nino
2021-03-24,Jawa,0.0,Tidak,2021,3,Non-El Nino
2021-03-24,Kalimantan,3.0,Tidak,2021,3,Non-El Nino
2021-03-24,Sulawesi,18.0,Tidak,2021,3,Non-El Nino
2021-03-24,Bali-Nusa Tenggara,3.0,Tidak,2021,3,Non-El Nino
2021-03-24,Maluku,6.0,Tidak,2021,3,Non-El Nino
2021-03-24,Papua,2.0,Tidak,2021,3,Non-El Nino
2021-03-25,Sumatera,2.0,Tidak,2021,3,Non-El Nino
2021-03-25,Jawa,0.0,Tidak,2021,3,Non-El Nino
2021-03-25,Kalimantan,7.0,Tidak,2021,3,Non-El Nino
2021-03-25,Sulawesi,14.0,Tidak,2021,3,Non-El Nino
2021-03-25,Bali-Nusa Tenggara,1.0,Tidak,2021,3,Non-El Nino
2021-03-25,Maluku,1.0,Tidak,2021,3,Non-El Nino
2021-03-25,Papua,0.0,Tidak,2021,3,Non-El Nino
2021-03-26,Sumatera,4.0,Tidak,2021,3,Non-El Nino
2021-03-26,Jawa,7.0,Tidak,2021,3,Non-El Nino
2021-03-26,Kalimantan,0.0,Tidak,2021,3,Non-El Nino
2021-03-26,Sulawesi,0.0,Tidak,2021,3,Non-El Nino
2021-03-26,Bali-Nusa Tenggara,3.0,Tidak,2021,3,Non-El Nino
2021-03-26,Maluku,2.0,Tidak,2021,3,Non-El Nino
2021-03-26,Papua,1.0,Tidak,2021,3,Non-El Nino
2021-03-27,Sumatera,3.0,Tidak,2021,3,Non-El Nino
2021-03-27,Jawa,0.0,Tidak,2021,3,Non-El Nino
2021-03-27,Kalimantan,2.0,Tidak,2021,3,Non-El Nino
2021-03-27,Sulawesi,0.0,Tidak,2021,3,Non-El Nino
2021-03-27,Bali-Nusa Tenggara,1.0,Tidak,2021,3,Non-El Nino
2021-03-27,Maluku,0.0,Tidak,2021,3,Non-El Nino
2021-03-27,Papua,0.0,Tidak,2021,3,Non-El Nino
2021-03-28,Sumatera,0.0,Tidak,2021,3,Non-El Nino
2021-03-28,Jawa,13.0,Tidak,2021,3,Non-El Nino
2021-03-28,Kalimantan,3.0,Tidak,2021,3,Non-El Nino
2021-03-28,Sulawesi,14.0,Tidak,2021,3,Non-El Nino
2021-03-28,Bali-Nusa Tenggara,1.0,Tidak,2021,3,Non-El Nino
2021-03-28,Maluku,0.0,Tidak,2021,3,Non-El Nino
2021-03-28,Papua,0.0,Tidak,2021,3,Non-El Nino
2021-03-29,Sumatera,2.0,Tidak,2021,3,Non-El Nino
2021-03-29,Jawa,0.0,Tidak,2021,3,Non-El Nino
2021-03-29,Kalimantan,1.0,Tidak,2021,3,Non-El Nino
2021-03-29,Sulawesi,4.0,Tidak,2021,3,Non-El Nino
2021-03-29,Bali-Nusa Tenggara,0.0,Tidak,2021,3,Non-El Nino
2021-03-29,Maluku,0.0,Tidak,2021,3,Non-El Nino
2021-03-29,Papua,0.0,Tidak,2021,3,Non-El Nino
2021-03-30,Sumatera,3.0,Tidak,2021,3,Non-El Nino
2021-03-30,Jawa,0.0,Tidak,2021,3,Non-El Nino
2021-03-30,Kalimantan,2.0,Tidak,2021,3,Non-El Nino
2021-03-30,Sulawesi,9.0,Tidak,2021,3,Non-El Nino
2021-03-30,Bali-Nusa Tenggara,0.0,Tidak,2021,3,Non-El Nino
2021-03-30,Maluku,2.0,Tidak,2021,3,Non-El Nino
2021-03-30,Papua,0.0,Tidak,2021,3,Non-El Nino
2021-03-31,Sumatera,4.0,Tidak,2021,3,Non-El Nino
2021-03-31,Jawa,2.0,Tidak,2021,3,Non-El Nino
2021-03-31,Kalimantan,22.0,Tidak,2021,3,Non-El Nino
2021-03-31,Sulawesi,2.0,Tidak,2021,3,Non-El Nino
2021-03-31,Bali-Nusa Tenggara,0.0,Tidak,2021,3,Non-El Nino
2021-03-31,Maluku,0.0,Tidak,2021,3,Non-El Nino
2021-03-31,Papua,1.0,Tidak,2021,3,Non-El Nino
2021-04-01,Sumatera,1.0,Tidak,2021,4,Non-El Nino
2021-04-01,Jawa,0.0,Tidak,2021,4,Non-El Nino
2021-04-01,Kalimantan,4.0,Tidak,2021,4,Non-El Nino
2021-04-01,Sulawesi,0.0,Tidak,2021,4,Non-El Nino
2021-04-01,Bali-Nusa Tenggara,0.0,Tidak,2021,4,Non-El Nino
2021-04-01,Maluku,3.0,Tidak,2021,4,Non-El Nino
2021-04-01,Papua,0.0,Tidak,2021,4,Non-El Nino
2021-04-02,Sumatera,9.0,Tidak,2021,4,Non-El Nino
2021-04-02,Jawa,5.0,Tidak,2021,4,Non-El Nino
2021-04-02,Kalimantan,4.0,Tidak,2021,4,Non-El Nino
2021-04-02,Sulawesi,4.0,Tidak,2021,4,Non-El Nino
2021-04-02,Bali-Nusa Tenggara,0.0,Tidak,2021,4,Non-El Nino
2021-04-02,Maluku,0.0,Tidak,2021,4,Non-El Nino
2021-04-02,Papua,0.0,Tidak,2021,4,Non-El Nino
2021-04-03,Sumatera,5.0,Tidak,2021,4,Non-El Nino
2021-04-03,Jawa,1.0,Tidak,2021,4,Non-El Nino
2021-04-03,Kalimantan,33.0,Tidak,2021,4,Non-El Nino
2021-04-03,Sulawesi,40.0,Tidak,2021,4,Non-El Nino
2021-04-03,Bali-Nusa Tenggara,0.0,Tidak,2021,4,Non-El Nino
2021-04-03,Maluku,3.0,Tidak,2021,4,Non-El Nino
2021-04-03,Papua,0.0,Tidak,2021,4,Non-El Nino
2021-04-04,Sumatera,13.0,Tidak,2021,4,Non-El Nino
2021-04-04,Jawa,0.0,Tidak,2021,4,Non-El Nino
2021-04-04,Kalimantan,62.0,Tidak,2021,4,Non-El Nino
2021-04-04,Sulawesi,17.0,Tidak,2021,4,Non-El Nino
2021-04-04,Bali-Nusa Tenggara,0.0,Tidak,2021,4,Non-El Nino
2021-04-04,Maluku,2.0,Tidak,2021,4,Non-El Nino
2021-04-04,Papua,3.0,Tidak,2021,4,Non-El Nino
2021-04-05,Sumatera,11.0,Tidak,2021,4,Non-El Nino
2021-04-05,Jawa,0.0,Tidak,2021,4,Non-El Nino
2021-04-05,Kalimantan,38.0,Tidak,2021,4,Non-El Nino
2021-04-05,Sulawesi,2.0,Tidak,2021,4,Non-El Nino
2021-04-05,Bali-Nusa Tenggara,0.0,Tidak,2021,4,Non-El Nino
2021-04-05,Maluku,4.0,Tidak,2021,4,Non-El Nino
2021-04-05,Papua,1.0,Tidak,2021,4,Non-El Nino
2021-04-06,Sumatera,7.0,Tidak,2021,4,Non-El Nino
2021-04-06,Jawa,6.0,Tidak,2021,4,Non-El Nino
2021-04-06,Kalimantan,32.0,Tidak,2021,4,Non-El Nino
2021-04-06,Sulawesi,30.0,Tidak,2021,4,Non-El Nino
2021-04-06,Bali-Nusa Tenggara,0.0,Tidak,2021,4,Non-El Nino
2021-04-06,Maluku,4.0,Tidak,2021,4,Non-El Nino
2021-04-06,Papua,2.0,Tidak,2021,4,Non-El Nino
2021-04-07,Sumatera,9.0,Tidak,2021,4,Non-El Nino
2021-04-07,Jawa,6.0,Tidak,2021,4,Non-El Nino
2021-04-07,Kalimantan,31.0,Tidak,2021,4,Non-El Nino
2021-04-07,Sulawesi,24.0,Tidak,2021,4,Non-El Nino
2021-04-07,Bali-Nusa Tenggara,0.0,Tidak,2021,4,Non-El Nino
2021-04-07,Maluku,1.0,Tidak,2021,4,Non-El Nino
2021-04-07,Papua,0.0,Tidak,2021,4,Non-El Nino
2021-04-08,Sumatera,7.0,Tidak,2021,4,Non-El Nino
2021-04-08,Jawa,7.0,Tidak,2021,4,Non-El Nino
2021-04-08,Kalimantan,33.0,Tidak,2021,4,Non-El Nino
2021-04-08,Sulawesi,3.0,Tidak,2021,4,Non-El Nino
2021-04-08,Bali-Nusa Tenggara,0.0,Tidak,2021,4,Non-El Nino
2021-04-08,Maluku,0.0,Tidak,2021,4,Non-El Nino
2021-04-08,Papua,1.0,Tidak,2021,4,Non-El Nino
2021-04-09,Sumatera,60.0,Tidak,2021,4,Non-El Nino
2021-04-09,Jawa,1.0,Tidak,2021,4,Non-El Nino
2021-04-09,Kalimantan,44.0,Tidak,2021,4,Non-El Nino
2021-04-09,Sulawesi,3.0,Tidak,2021,4,Non-El Nino
2021-04-09,Bali-Nusa Tenggara,5.0,Tidak,2021,4,Non-El Nino
2021-04-09,Maluku,3.0,Tidak,2021,4,Non-El Nino
2021-04-09,Papua,2.0,Tidak,2021,4,Non-El Nino
2021-04-10,Sumatera,13.0,Tidak,2021,4,Non-El Nino
2021-04-10,Jawa,1.0,Tidak,2021,4,Non-El Nino
2021-04-10,Kalimantan,38.0,Tidak,2021,4,Non-El Nino
2021-04-10,Sulawesi,4.0,Tidak,2021,4,Non-El Nino
2021-04-10,Bali-Nusa Tenggara,0.0,Tidak,2021,4,Non-El Nino
2021-04-10,Maluku,1.0,Tidak,2021,4,Non-El Nino
2021-04-10,Papua,0.0,Tidak,2021,4,Non-El Nino
2021-04-11,Sumatera,17.0,Tidak,2021,4,Non-El Nino
2021-04-11,Jawa,3.0,Tidak,2021,4,Non-El Nino
2021-04-11,Kalimantan,7.0,Tidak,2021,4,Non-El Nino
2021-04-11,Sulawesi,15.0,Tidak,2021,4,Non-El Nino
2021-04-11,Bali-Nusa Tenggara,0.0,Tidak,2021,4,Non-El Nino
2021-04-11,Maluku,5.0,Tidak,2021,4,Non-El Nino
2021-04-11,Papua,0.0,Tidak,2021,4,Non-El Nino
2021-04-12,Sumatera,14.0,Tidak,2021,4,Non-El Nino
2021-04-12,Jawa,2.0,Tidak,2021,4,Non-El Nino
2021-04-12,Kalimantan,3.0,Tidak,2021,4,Non-El Nino
2021-04-12,Sulawesi,5.0,Tidak,2021,4,Non-El Nino
2021-04-12,Bali-Nusa Tenggara,0.0,Tidak,2021,4,Non-El Nino
2021-04-12,Maluku,0.0,Tidak,2021,4,Non-El Nino
2021-04-12,Papua,1.0,Tidak,2021,4,Non-El Nino
2021-04-13,Sumatera,5.0,Tidak,2021,4,Non-El Nino
2021-04-13,Jawa,4.0,Tidak,2021,4,Non-El Nino
2021-04-13,Kalimantan,5.0,Tidak,2021,4,Non-El Nino
2021-04-13,Sulawesi,11.0,Tidak,2021,4,Non-El Nino
2021-04-13,Bali-Nusa Tenggara,2.0,Tidak,2021,4,Non-El Nino
2021-04-13,Maluku,0.0,Tidak,2021,4,Non-El Nino
2021-04-13,Papua,0.0,Tidak,2021,4,Non-El Nino
2021-04-14,Sumatera,11.0,Tidak,2021,4,Non-El Nino
2021-04-14,Jawa,4.0,Tidak,2021,4,Non-El Nino
2021-04-14,Kalimantan,7.0,Tidak,2021,4,Non-El Nino
2021-04-14,Sulawesi,8.0,Tidak,2021,4,Non-El Nino
2021-04-14,Bali-Nusa Tenggara,5.0,Tidak,2021,4,Non-El Nino
2021-04-14,Maluku,4.0,Tidak,2021,4,Non-El Nino
2021-04-14,Papua,1.0,Tidak,2021,4,Non-El Nino
2021-04-15,Sumatera,16.0,Tidak,2021,4,Non-El Nino
2021-04-15,Jawa,1.0,Tidak,2021,4,Non-El Nino
2021-04-15,Kalimantan,5.0,Tidak,2021,4,Non-El Nino
2021-04-15,Sulawesi,1.0,Tidak,2021,4,Non-El Nino
2021-04-15,Bali-Nusa Tenggara,0.0,Tidak,2021,4,Non-El Nino
2021-04-15,Maluku,4.0,Tidak,2021,4,Non-El Nino
2021-04-15,Papua,0.0,Tidak,2021,4,Non-El Nino
2021-04-16,Sumatera,11.0,Tidak,2021,4,Non-El Nino
2021-04-16,Jawa,6.0,Tidak,2021,4,Non-El Nino
2021-04-16,Kalimantan,12.0,Tidak,2021,4,Non-El Nino
2021-04-16,Sulawesi,9.0,Tidak,2021,4,Non-El Nino
2021-04-16,Bali-Nusa Tenggara,10.0,Tidak,2021,4,Non-El Nino
2021-04-16,Maluku,6.0,Tidak,2021,4,Non-El Nino
2021-04-16,Papua,7.0,Tidak,2021,4,Non-El Nino
2021-04-17,Sumatera,5.0,Tidak,2021,4,Non-El Nino
2021-04-17,Jawa,6.0,Tidak,2021,4,Non-El Nino
2021-04-17,Kalimantan,26.0,Tidak,2021,4,Non-El Nino
2021-04-17,Sulawesi,14.0,Tidak,2021,4,Non-El Nino
2021-04-17,Bali-Nusa Tenggara,2.0,Tidak,2021,4,Non-El Nino
2021-04-17,Maluku,8.0,Tidak,2021,4,Non-El Nino
2021-04-17,Papua,9.0,Tidak,2021,4,Non-El Nino
2021-04-18,Sumatera,19.0,Tidak,2021,4,Non-El Nino
2021-04-18,Jawa,4.0,Tidak,2021,4,Non-El Nino
2021-04-18,Kalimantan,6.0,Tidak,2021,4,Non-El Nino
2021-04-18,Sulawesi,4.0,Tidak,2021,4,Non-El Nino
2021-04-18,Bali-Nusa Tenggara,4.0,Tidak,2021,4,Non-El Nino
2021-04-18,Maluku,2.0,Tidak,2021,4,Non-El Nino
2021-04-18,Papua,0.0,Tidak,2021,4,Non-El Nino
2021-04-19,Sumatera,30.0,Tidak,2021,4,Non-El Nino
2021-04-19,Jawa,3.0,Tidak,2021,4,Non-El Nino
2021-04-19,Kalimantan,13.0,Tidak,2021,4,Non-El Nino
2021-04-19,Sulawesi,9.0,Tidak,2021,4,Non-El Nino
2021-04-19,Bali-Nusa Tenggara,5.0,Tidak,2021,4,Non-El Nino
2021-04-19,Maluku,0.0,Tidak,2021,4,Non-El Nino
2021-04-19,Papua,0.0,Tidak,2021,4,Non-El Nino
2021-04-20,Sumatera,21.0,Tidak,2021,4,Non-El Nino
2021-04-20,Jawa,17.0,Tidak,2021,4,Non-El Nino
2021-04-20,Kalimantan,25.0,Tidak,2021,4,Non-El Nino
2021-04-20,Sulawesi,10.0,Tidak,2021,4,Non-El Nino
2021-04-20,Bali-Nusa Tenggara,4.0,Tidak,2021,4,Non-El Nino
2021-04-20,Maluku,4.0,Tidak,2021,4,Non-El Nino
2021-04-20,Papua,1.0,Tidak,2021,4,Non-El Nino
2021-04-21,Sumatera,29.0,Tidak,2021,4,Non-El Nino
2021-04-21,Jawa,21.0,Tidak,2021,4,Non-El Nino
2021-04-21,Kalimantan,37.0,Tidak,2021,4,Non-El Nino
2021-04-21,Sulawesi,22.0,Tidak,2021,4,Non-El Nino
2021-04-21,Bali-Nusa Tenggara,1.0,Tidak,2021,4,Non-El Nino
2021-04-21,Maluku,6.0,Tidak,2021,4,Non-El Nino
2021-04-21,Papua,1.0,Tidak,2021,4,Non-El Nino
2021-04-22,Sumatera,16.0,Tidak,2021,4,Non-El Nino
2021-04-22,Jawa,36.0,Tidak,2021,4,Non-El Nino
2021-04-22,Kalimantan,57.0,Tidak,2021,4,Non-El Nino
2021-04-22,Sulawesi,10.0,Tidak,2021,4,Non-El Nino
2021-04-22,Bali-Nusa Tenggara,6.0,Tidak,2021,4,Non-El Nino
2021-04-22,Maluku,7.0,Tidak,2021,4,Non-El Nino
2021-04-22,Papua,9.0,Tidak,2021,4,Non-El Nino
2021-04-23,Sumatera,9.0,Tidak,2021,4,Non-El Nino
2021-04-23,Jawa,13.0,Tidak,2021,4,Non-El Nino
2021-04-23,Kalimantan,53.0,Tidak,2021,4,Non-El Nino
2021-04-23,Sulawesi,18.0,Tidak,2021,4,Non-El Nino
2021-04-23,Bali-Nusa Tenggara,6.0,Tidak,2021,4,Non-El Nino
2021-04-23,Maluku,0.0,Tidak,2021,4,Non-El Nino
2021-04-23,Papua,13.0,Tidak,2021,4,Non-El Nino
2021-04-24,Sumatera,8.0,Tidak,2021,4,Non-El Nino
2021-04-24,Jawa,4.0,Tidak,2021,4,Non-El Nino
2021-04-24,Kalimantan,58.0,Tidak,2021,4,Non-El Nino
2021-04-24,Sulawesi,33.0,Tidak,2021,4,Non-El Nino
2021-04-24,Bali-Nusa Tenggara,4.0,Tidak,2021,4,Non-El Nino
2021-04-24,Maluku,3.0,Tidak,2021,4,Non-El Nino
2021-04-24,Papua,4.0,Tidak,2021,4,Non-El Nino
2021-04-25,Sumatera,29.0,Tidak,2021,4,Non-El Nino
2021-04-25,Jawa,6.0,Tidak,2021,4,Non-El Nino
2021-04-25,Kalimantan,28.0,Tidak,2021,4,Non-El Nino
2021-04-25,Sulawesi,23.0,Tidak,2021,4,Non-El Nino
2021-04-25,Bali-Nusa Tenggara,5.0,Tidak,2021,4,Non-El Nino
2021-04-25,Maluku,5.0,Tidak,2021,4,Non-El Nino
2021-04-25,Papua,0.0,Tidak,2021,4,Non-El Nino
2021-04-26,Sumatera,47.0,Tidak,2021,4,Non-El Nino
2021-04-26,Jawa,9.0,Tidak,2021,4,Non-El Nino
2021-04-26,Kalimantan,32.0,Tidak,2021,4,Non-El Nino
2021-04-26,Sulawesi,26.0,Tidak,2021,4,Non-El Nino
2021-04-26,Bali-Nusa Tenggara,3.0,Tidak,2021,4,Non-El Nino
2021-04-26,Maluku,11.0,Tidak,2021,4,Non-El Nino
2021-04-26,Papua,0.0,Tidak,2021,4,Non-El Nino
2021-04-27,Sumatera,11.0,Tidak,2021,4,Non-El Nino
2021-04-27,Jawa,12.0,Tidak,2021,4,Non-El Nino
2021-04-27,Kalimantan,19.0,Tidak,2021,4,Non-El Nino
2021-04-27,Sulawesi,5.0,Tidak,2021,4,Non-El Nino
2021-04-27,Bali-Nusa Tenggara,3.0,Tidak,2021,4,Non-El Nino
2021-04-27,Maluku,10.0,Tidak,2021,4,Non-El Nino
2021-04-27,Papua,5.0,Tidak,2021,4,Non-El Nino
2021-04-28,Sumatera,15.0,Tidak,2021,4,Non-El Nino
2021-04-28,Jawa,4.0,Tidak,2021,4,Non-El Nino
2021-04-28,Kalimantan,16.0,Tidak,2021,4,Non-El Nino
2021-04-28,Sulawesi,16.0,Tidak,2021,4,Non-El Nino
2021-04-28,Bali-Nusa Tenggara,15.0,Tidak,2021,4,Non-El Nino
2021-04-28,Maluku,8.0,Tidak,2021,4,Non-El Nino
2021-04-28,Papua,18.0,Tidak,2021,4,Non-El Nino
2021-04-29,Sumatera,11.0,Tidak,2021,4,Non-El Nino
2021-04-29,Jawa,6.0,Tidak,2021,4,Non-El Nino
2021-04-29,Kalimantan,12.0,Tidak,2021,4,Non-El Nino
2021-04-29,Sulawesi,34.0,Tidak,2021,4,Non-El Nino
2021-04-29,Bali-Nusa Tenggara,14.0,Tidak,2021,4,Non-El Nino
2021-04-29,Maluku,0.0,Tidak,2021,4,Non-El Nino
2021-04-29,Papua,4.0,Tidak,2021,4,Non-El Nino
2021-04-30,Sumatera,0.0,Tidak,2021,4,Non-El Nino
2021-04-30,Jawa,1.0,Tidak,2021,4,Non-El Nino
2021-04-30,Kalimantan,6.0,Tidak,2021,4,Non-El Nino
2021-04-30,Sulawesi,31.0,Tidak,2021,4,Non-El Nino
2021-04-30,Bali-Nusa Tenggara,1.0,Tidak,2021,4,Non-El Nino
2021-04-30,Maluku,10.0,Tidak,2021,4,Non-El Nino
2021-04-30,Papua,3.0,Tidak,2021,4,Non-El Nino
2021-05-01,Sumatera,18.0,Tidak,2021,5,Non-El Nino
2021-05-01,Jawa,3.0,Tidak,2021,5,Non-El Nino
2021-05-01,Kalimantan,10.0,Tidak,2021,5,Non-El Nino
2021-05-01,Sulawesi,32.0,Tidak,2021,5,Non-El Nino
2021-05-01,Bali-Nusa Tenggara,1.0,Tidak,2021,5,Non-El Nino
2021-05-01,Maluku,4.0,Tidak,2021,5,Non-El Nino
2021-05-01,Papua,4.0,Tidak,2021,5,Non-El Nino
2021-05-02,Sumatera,7.0,Tidak,2021,5,Non-El Nino
2021-05-02,Jawa,3.0,Tidak,2021,5,Non-El Nino
2021-05-02,Kalimantan,29.0,Tidak,2021,5,Non-El Nino
2021-05-02,Sulawesi,20.0,Tidak,2021,5,Non-El Nino
2021-05-02,Bali-Nusa Tenggara,0.0,Tidak,2021,5,Non-El Nino
2021-05-02,Maluku,4.0,Tidak,2021,5,Non-El Nino
2021-05-02,Papua,1.0,Tidak,2021,5,Non-El Nino
2021-05-03,Sumatera,8.0,Tidak,2021,5,Non-El Nino
2021-05-03,Jawa,10.0,Tidak,2021,5,Non-El Nino
2021-05-03,Kalimantan,8.0,Tidak,2021,5,Non-El Nino
2021-05-03,Sulawesi,18.0,Tidak,2021,5,Non-El Nino
2021-05-03,Bali-Nusa Tenggara,2.0,Tidak,2021,5,Non-El Nino
2021-05-03,Maluku,6.0,Tidak,2021,5,Non-El Nino
2021-05-03,Papua,10.0,Tidak,2021,5,Non-El Nino
2021-05-04,Sumatera,3.0,Tidak,2021,5,Non-El Nino
2021-05-04,Jawa,4.0,Tidak,2021,5,Non-El Nino
2021-05-04,Kalimantan,11.0,Tidak,2021,5,Non-El Nino
2021-05-04,Sulawesi,7.0,Tidak,2021,5,Non-El Nino
2021-05-04,Bali-Nusa Tenggara,17.0,Tidak,2021,5,Non-El Nino
2021-05-04,Maluku,5.0,Tidak,2021,5,Non-El Nino
2021-05-04,Papua,4.0,Tidak,2021,5,Non-El Nino
2021-05-05,Sumatera,1.0,Tidak,2021,5,Non-El Nino
2021-05-05,Jawa,1.0,Tidak,2021,5,Non-El Nino
2021-05-05,Kalimantan,2.0,Tidak,2021,5,Non-El Nino
2021-05-05,Sulawesi,4.0,Tidak,2021,5,Non-El Nino
2021-05-05,Bali-Nusa Tenggara,9.0,Tidak,2021,5,Non-El Nino
2021-05-05,Maluku,1.0,Tidak,2021,5,Non-El Nino
2021-05-05,Papua,5.0,Tidak,2021,5,Non-El Nino
2021-05-06,Sumatera,7.0,Tidak,2021,5,Non-El Nino
2021-05-06,Jawa,0.0,Tidak,2021,5,Non-El Nino
2021-05-06,Kalimantan,0.0,Tidak,2021,5,Non-El Nino
2021-05-06,Sulawesi,4.0,Tidak,2021,5,Non-El Nino
2021-05-06,Bali-Nusa Tenggara,7.0,Tidak,2021,5,Non-El Nino
2021-05-06,Maluku,0.0,Tidak,2021,5,Non-El Nino
2021-05-06,Papua,3.0,Tidak,2021,5,Non-El Nino
2021-05-07,Sumatera,6.0,Tidak,2021,5,Non-El Nino
2021-05-07,Jawa,4.0,Tidak,2021,5,Non-El Nino
2021-05-07,Kalimantan,1.0,Tidak,2021,5,Non-El Nino
2021-05-07,Sulawesi,0.0,Tidak,2021,5,Non-El Nino
2021-05-07,Bali-Nusa Tenggara,1.0,Tidak,2021,5,Non-El Nino
2021-05-07,Maluku,1.0,Tidak,2021,5,Non-El Nino
2021-05-07,Papua,20.0,Tidak,2021,5,Non-El Nino
2021-05-08,Sumatera,14.0,Tidak,2021,5,Non-El Nino
2021-05-08,Jawa,6.0,Tidak,2021,5,Non-El Nino
2021-05-08,Kalimantan,4.0,Tidak,2021,5,Non-El Nino
2021-05-08,Sulawesi,5.0,Tidak,2021,5,Non-El Nino
2021-05-08,Bali-Nusa Tenggara,3.0,Tidak,2021,5,Non-El Nino
2021-05-08,Maluku,0.0,Tidak,2021,5,Non-El Nino
2021-05-08,Papua,6.0,Tidak,2021,5,Non-El Nino
2021-05-09,Sumatera,17.0,Tidak,2021,5,Non-El Nino
2021-05-09,Jawa,10.0,Tidak,2021,5,Non-El Nino
2021-05-09,Kalimantan,1.0,Tidak,2021,5,Non-El Nino
2021-05-09,Sulawesi,0.0,Tidak,2021,5,Non-El Nino
2021-05-09,Bali-Nusa Tenggara,3.0,Tidak,2021,5,Non-El Nino
2021-05-09,Maluku,2.0,Tidak,2021,5,Non-El Nino
2021-05-09,Papua,5.0,Tidak,2021,5,Non-El Nino
2021-05-10,Sumatera,8.0,Tidak,2021,5,Non-El Nino
2021-05-10,Jawa,8.0,Tidak,2021,5,Non-El Nino
2021-05-10,Kalimantan,8.0,Tidak,2021,5,Non-El Nino
2021-05-10,Sulawesi,11.0,Tidak,2021,5,Non-El Nino
2021-05-10,Bali-Nusa Tenggara,13.0,Tidak,2021,5,Non-El Nino
2021-05-10,Maluku,0.0,Tidak,2021,5,Non-El Nino
2021-05-10,Papua,0.0,Tidak,2021,5,Non-El Nino
2021-05-11,Sumatera,15.0,Tidak,2021,5,Non-El Nino
2021-05-11,Jawa,7.0,Tidak,2021,5,Non-El Nino
2021-05-11,Kalimantan,4.0,Tidak,2021,5,Non-El Nino
2021-05-11,Sulawesi,13.0,Tidak,2021,5,Non-El Nino
2021-05-11,Bali-Nusa Tenggara,13.0,Tidak,2021,5,Non-El Nino
2021-05-11,Maluku,7.0,Tidak,2021,5,Non-El Nino
2021-05-11,Papua,1.0,Tidak,2021,5,Non-El Nino
2021-05-12,Sumatera,21.0,Tidak,2021,5,Non-El Nino
2021-05-12,Jawa,2.0,Tidak,2021,5,Non-El Nino
2021-05-12,Kalimantan,0.0,Tidak,2021,5,Non-El Nino
2021-05-12,Sulawesi,14.0,Tidak,2021,5,Non-El Nino
2021-05-12,Bali-Nusa Tenggara,20.0,Tidak,2021,5,Non-El Nino
2021-05-12,Maluku,4.0,Tidak,2021,5,Non-El Nino
2021-05-12,Papua,0.0,Tidak,2021,5,Non-El Nino
2021-05-13,Sumatera,35.0,Tidak,2021,5,Non-El Nino
2021-05-13,Jawa,2.0,Tidak,2021,5,Non-El Nino
2021-05-13,Kalimantan,1.0,Tidak,2021,5,Non-El Nino
2021-05-13,Sulawesi,2.0,Tidak,2021,5,Non-El Nino
2021-05-13,Bali-Nusa Tenggara,3.0,Tidak,2021,5,Non-El Nino
2021-05-13,Maluku,2.0,Tidak,2021,5,Non-El Nino
2021-05-13,Papua,9.0,Tidak,2021,5,Non-El Nino
2021-05-14,Sumatera,13.0,Tidak,2021,5,Non-El Nino
2021-05-14,Jawa,21.0,Tidak,2021,5,Non-El Nino
2021-05-14,Kalimantan,3.0,Tidak,2021,5,Non-El Nino
2021-05-14,Sulawesi,3.0,Tidak,2021,5,Non-El Nino
2021-05-14,Bali-Nusa Tenggara,16.0,Tidak,2021,5,Non-El Nino
2021-05-14,Maluku,0.0,Tidak,2021,5,Non-El Nino
2021-05-14,Papua,3.0,Tidak,2021,5,Non-El Nino
2021-05-15,Sumatera,4.0,Tidak,2021,5,Non-El Nino
2021-05-15,Jawa,7.0,Tidak,2021,5,Non-El Nino
2021-05-15,Kalimantan,6.0,Tidak,2021,5,Non-El Nino
2021-05-15,Sulawesi,4.0,Tidak,2021,5,Non-El Nino
2021-05-15,Bali-Nusa Tenggara,26.0,Tidak,2021,5,Non-El Nino
2021-05-15,Maluku,1.0,Tidak,2021,5,Non-El Nino
2021-05-15,Papua,3.0,Tidak,2021,5,Non-El Nino
2021-05-16,Sumatera,3.0,Tidak,2021,5,Non-El Nino
2021-05-16,Jawa,5.0,Tidak,2021,5,Non-El Nino
2021-05-16,Kalimantan,1.0,Tidak,2021,5,Non-El Nino
2021-05-16,Sulawesi,6.0,Tidak,2021,5,Non-El Nino
2021-05-16,Bali-Nusa Tenggara,37.0,Tidak,2021,5,Non-El Nino
2021-05-16,Maluku,0.0,Tidak,2021,5,Non-El Nino
2021-05-16,Papua,0.0,Tidak,2021,5,Non-El Nino
2021-05-17,Sumatera,7.0,Tidak,2021,5,Non-El Nino
2021-05-17,Jawa,0.0,Tidak,2021,5,Non-El Nino
2021-05-17,Kalimantan,0.0,Tidak,2021,5,Non-El Nino
2021-05-17,Sulawesi,0.0,Tidak,2021,5,Non-El Nino
2021-05-17,Bali-Nusa Tenggara,11.0,Tidak,2021,5,Non-El Nino
2021-05-17,Maluku,0.0,Tidak,2021,5,Non-El Nino
2021-05-17,Papua,1.0,Tidak,2021,5,Non-El Nino
2021-05-18,Sumatera,1.0,Tidak,2021,5,Non-El Nino
2021-05-18,Jawa,1.0,Tidak,2021,5,Non-El Nino
2021-05-18,Kalimantan,3.0,Tidak,2021,5,Non-El Nino
2021-05-18,Sulawesi,3.0,Tidak,2021,5,Non-El Nino
2021-05-18,Bali-Nusa Tenggara,0.0,Tidak,2021,5,Non-El Nino
2021-05-18,Maluku,0.0,Tidak,2021,5,Non-El Nino
2021-05-18,Papua,1.0,Tidak,2021,5,Non-El Nino
2021-05-19,Sumatera,1.0,Tidak,2021,5,Non-El Nino
2021-05-19,Jawa,2.0,Tidak,2021,5,Non-El Nino
2021-05-19,Kalimantan,0.0,Tidak,2021,5,Non-El Nino
2021-05-19,Sulawesi,6.0,Tidak,2021,5,Non-El Nino
2021-05-19,Bali-Nusa Tenggara,9.0,Tidak,2021,5,Non-El Nino
2021-05-19,Maluku,2.0,Tidak,2021,5,Non-El Nino
2021-05-19,Papua,8.0,Tidak,2021,5,Non-El Nino
2021-05-20,Sumatera,0.0,Tidak,2021,5,Non-El Nino
2021-05-20,Jawa,1.0,Tidak,2021,5,Non-El Nino
2021-05-20,Kalimantan,0.0,Tidak,2021,5,Non-El Nino
2021-05-20,Sulawesi,3.0,Tidak,2021,5,Non-El Nino
2021-05-20,Bali-Nusa Tenggara,32.0,Tidak,2021,5,Non-El Nino
2021-05-20,Maluku,0.0,Tidak,2021,5,Non-El Nino
2021-05-20,Papua,1.0,Tidak,2021,5,Non-El Nino
2021-05-21,Sumatera,19.0,Tidak,2021,5,Non-El Nino
2021-05-21,Jawa,4.0,Tidak,2021,5,Non-El Nino
2021-05-21,Kalimantan,2.0,Tidak,2021,5,Non-El Nino
2021-05-21,Sulawesi,4.0,Tidak,2021,5,Non-El Nino
2021-05-21,Bali-Nusa Tenggara,23.0,Tidak,2021,5,Non-El Nino
2021-05-21,Maluku,0.0,Tidak,2021,5,Non-El Nino
2021-05-21,Papua,2.0,Tidak,2021,5,Non-El Nino
2021-05-22,Sumatera,5.0,Tidak,2021,5,Non-El Nino
2021-05-22,Jawa,5.0,Tidak,2021,5,Non-El Nino
2021-05-22,Kalimantan,5.0,Tidak,2021,5,Non-El Nino
2021-05-22,Sulawesi,1.0,Tidak,2021,5,Non-El Nino
2021-05-22,Bali-Nusa Tenggara,9.0,Tidak,2021,5,Non-El Nino
2021-05-22,Maluku,2.0,Tidak,2021,5,Non-El Nino
2021-05-22,Papua,0.0,Tidak,2021,5,Non-El Nino
2021-05-23,Sumatera,23.0,Tidak,2021,5,Non-El Nino
2021-05-23,Jawa,6.0,Tidak,2021,5,Non-El Nino
2021-05-23,Kalimantan,4.0,Tidak,2021,5,Non-El Nino
2021-05-23,Sulawesi,4.0,Tidak,2021,5,Non-El Nino
2021-05-23,Bali-Nusa Tenggara,11.0,Tidak,2021,5,Non-El Nino
2021-05-23,Maluku,0.0,Tidak,2021,5,Non-El Nino
2021-05-23,Papua,0.0,Tidak,2021,5,Non-El Nino
2021-05-24,Sumatera,9.0,Tidak,2021,5,Non-El Nino
2021-05-24,Jawa,2.0,Tidak,2021,5,Non-El Nino
2021-05-24,Kalimantan,18.0,Tidak,2021,5,Non-El Nino
2021-05-24,Sulawesi,0.0,Tidak,2021,5,Non-El Nino
2021-05-24,Bali-Nusa Tenggara,15.0,Tidak,2021,5,Non-El Nino
2021-05-24,Maluku,0.0,Tidak,2021,5,Non-El Nino
2021-05-24,Papua,1.0,Tidak,2021,5,Non-El Nino
2021-05-25,Sumatera,20.0,Tidak,2021,5,Non-El Nino
2021-05-25,Jawa,4.0,Tidak,2021,5,Non-El Nino
2021-05-25,Kalimantan,20.0,Tidak,2021,5,Non-El Nino
2021-05-25,Sulawesi,4.0,Tidak,2021,5,Non-El Nino
2021-05-25,Bali-Nusa Tenggara,24.0,Tidak,2021,5,Non-El Nino
2021-05-25,Maluku,0.0,Tidak,2021,5,Non-El Nino
2021-05-25,Papua,12.0,Tidak,2021,5,Non-El Nino
2021-05-26,Sumatera,12.0,Tidak,2021,5,Non-El Nino
2021-05-26,Jawa,6.0,Tidak,2021,5,Non-El Nino
2021-05-26,Kalimantan,50.0,Tidak,2021,5,Non-El Nino
2021-05-26,Sulawesi,6.0,Tidak,2021,5,Non-El Nino
2021-05-26,Bali-Nusa Tenggara,21.0,Tidak,2021,5,Non-El Nino
2021-05-26,Maluku,2.0,Tidak,2021,5,Non-El Nino
2021-05-26,Papua,1.0,Tidak,2021,5,Non-El Nino
2021-05-27,Sumatera,10.0,Tidak,2021,5,Non-El Nino
2021-05-27,Jawa,12.0,Tidak,2021,5,Non-El Nino
2021-05-27,Kalimantan,24.0,Tidak,2021,5,Non-El Nino
2021-05-27,Sulawesi,14.0,Tidak,2021,5,Non-El Nino
2021-05-27,Bali-Nusa Tenggara,29.0,Tidak,2021,5,Non-El Nino
2021-05-27,Maluku,1.0,Tidak,2021,5,Non-El Nino
2021-05-27,Papua,1.0,Tidak,2021,5,Non-El Nino
2021-05-28,Sumatera,23.0,Tidak,2021,5,Non-El Nino
2021-05-28,Jawa,7.0,Tidak,2021,5,Non-El Nino
2021-05-28,Kalimantan,28.0,Tidak,2021,5,Non-El Nino
2021-05-28,Sulawesi,12.0,Tidak,2021,5,Non-El Nino
2021-05-28,Bali-Nusa Tenggara,16.0,Tidak,2021,5,Non-El Nino
2021-05-28,Maluku,7.0,Tidak,2021,5,Non-El Nino
2021-05-28,Papua,2.0,Tidak,2021,5,Non-El Nino
2021-05-29,Sumatera,8.0,Tidak,2021,5,Non-El Nino
2021-05-29,Jawa,0.0,Tidak,2021,5,Non-El Nino
2021-05-29,Kalimantan,23.0,Tidak,2021,5,Non-El Nino
2021-05-29,Sulawesi,13.0,Tidak,2021,5,Non-El Nino
2021-05-29,Bali-Nusa Tenggara,13.0,Tidak,2021,5,Non-El Nino
2021-05-29,Maluku,1.0,Tidak,2021,5,Non-El Nino
2021-05-29,Papua,18.0,Tidak,2021,5,Non-El Nino
2021-05-30,Sumatera,10.0,Tidak,2021,5,Non-El Nino
2021-05-30,Jawa,11.0,Tidak,2021,5,Non-El Nino
2021-05-30,Kalimantan,22.0,Tidak,2021,5,Non-El Nino
2021-05-30,Sulawesi,5.0,Tidak,2021,5,Non-El Nino
2021-05-30,Bali-Nusa Tenggara,22.0,Tidak,2021,5,Non-El Nino
2021-05-30,Maluku,0.0,Tidak,2021,5,Non-El Nino
2021-05-30,Papua,6.0,Tidak,2021,5,Non-El Nino
2021-05-31,Sumatera,12.0,Tidak,2021,5,Non-El Nino
2021-05-31,Jawa,2.0,Tidak,2021,5,Non-El Nino
2021-05-31,Kalimantan,6.0,Tidak,2021,5,Non-El Nino
2021-05-31,Sulawesi,11.0,Tidak,2021,5,Non-El Nino
2021-05-31,Bali-Nusa Tenggara,44.0,Tidak,2021,5,Non-El Nino
2021-05-31,Maluku,6.0,Tidak,2021,5,Non-El Nino
2021-05-31,Papua,3.0,Tidak,2021,5,Non-El Nino
2021-06-01,Sumatera,24.0,Tidak,2021,6,Non-El Nino
2021-06-01,Jawa,8.0,Tidak,2021,6,Non-El Nino
2021-06-01,Kalimantan,11.0,Tidak,2021,6,Non-El Nino
2021-06-01,Sulawesi,30.0,Tidak,2021,6,Non-El Nino
2021-06-01,Bali-Nusa Tenggara,25.0,Tidak,2021,6,Non-El Nino
2021-06-01,Maluku,12.0,Tidak,2021,6,Non-El Nino
2021-06-01,Papua,0.0,Tidak,2021,6,Non-El Nino
2021-06-02,Sumatera,18.0,Tidak,2021,6,Non-El Nino
2021-06-02,Jawa,11.0,Tidak,2021,6,Non-El Nino
2021-06-02,Kalimantan,18.0,Tidak,2021,6,Non-El Nino
2021-06-02,Sulawesi,28.0,Tidak,2021,6,Non-El Nino
2021-06-02,Bali-Nusa Tenggara,25.0,Tidak,2021,6,Non-El Nino
2021-06-02,Maluku,1.0,Tidak,2021,6,Non-El Nino
2021-06-02,Papua,0.0,Tidak,2021,6,Non-El Nino
2021-06-03,Sumatera,39.0,Tidak,2021,6,Non-El Nino
2021-06-03,Jawa,4.0,Tidak,2021,6,Non-El Nino
2021-06-03,Kalimantan,60.0,Tidak,2021,6,Non-El Nino
2021-06-03,Sulawesi,25.0,Tidak,2021,6,Non-El Nino
2021-06-03,Bali-Nusa Tenggara,22.0,Tidak,2021,6,Non-El Nino
2021-06-03,Maluku,3.0,Tidak,2021,6,Non-El Nino
2021-06-03,Papua,16.0,Tidak,2021,6,Non-El Nino
2021-06-04,Sumatera,10.0,Tidak,2021,6,Non-El Nino
2021-06-04,Jawa,13.0,Tidak,2021,6,Non-El Nino
2021-06-04,Kalimantan,53.0,Tidak,2021,6,Non-El Nino
2021-06-04,Sulawesi,5.0,Tidak,2021,6,Non-El Nino
2021-06-04,Bali-Nusa Tenggara,23.0,Tidak,2021,6,Non-El Nino
2021-06-04,Maluku,1.0,Tidak,2021,6,Non-El Nino
2021-06-04,Papua,5.0,Tidak,2021,6,Non-El Nino
2021-06-05,Sumatera,44.0,Tidak,2021,6,Non-El Nino
2021-06-05,Jawa,15.0,Tidak,2021,6,Non-El Nino
2021-06-05,Kalimantan,42.0,Tidak,2021,6,Non-El Nino
2021-06-05,Sulawesi,10.0,Tidak,2021,6,Non-El Nino
2021-06-05,Bali-Nusa Tenggara,38.0,Tidak,2021,6,Non-El Nino
2021-06-05,Maluku,1.0,Tidak,2021,6,Non-El Nino
2021-06-05,Papua,2.0,Tidak,2021,6,Non-El Nino
2021-06-06,Sumatera,35.0,Tidak,2021,6,Non-El Nino
2021-06-06,Jawa,12.0,Tidak,2021,6,Non-El Nino
2021-06-06,Kalimantan,18.0,Tidak,2021,6,Non-El Nino
2021-06-06,Sulawesi,25.0,Tidak,2021,6,Non-El Nino
2021-06-06,Bali-Nusa Tenggara,23.0,Tidak,2021,6,Non-El Nino
2021-06-06,Maluku,3.0,Tidak,2021,6,Non-El Nino
2021-06-06,Papua,5.0,Tidak,2021,6,Non-El Nino
2021-06-07,Sumatera,46.0,Tidak,2021,6,Non-El Nino
2021-06-07,Jawa,9.0,Tidak,2021,6,Non-El Nino
2021-06-07,Kalimantan,13.0,Tidak,2021,6,Non-El Nino
2021-06-07,Sulawesi,11.0,Tidak,2021,6,Non-El Nino
2021-06-07,Bali-Nusa Tenggara,17.0,Tidak,2021,6,Non-El Nino
2021-06-07,Maluku,5.0,Tidak,2021,6,Non-El Nino
2021-06-07,Papua,0.0,Tidak,2021,6,Non-El Nino
2021-06-08,Sumatera,36.0,Tidak,2021,6,Non-El Nino
2021-06-08,Jawa,11.0,Tidak,2021,6,Non-El Nino
2021-06-08,Kalimantan,16.0,Tidak,2021,6,Non-El Nino
2021-06-08,Sulawesi,22.0,Tidak,2021,6,Non-El Nino
2021-06-08,Bali-Nusa Tenggara,23.0,Tidak,2021,6,Non-El Nino
2021-06-08,Maluku,3.0,Tidak,2021,6,Non-El Nino
2021-06-08,Papua,1.0,Tidak,2021,6,Non-El Nino
2021-06-09,Sumatera,19.0,Tidak,2021,6,Non-El Nino
2021-06-09,Jawa,11.0,Tidak,2021,6,Non-El Nino
2021-06-09,Kalimantan,39.0,Tidak,2021,6,Non-El Nino
2021-06-09,Sulawesi,4.0,Tidak,2021,6,Non-El Nino
2021-06-09,Bali-Nusa Tenggara,12.0,Tidak,2021,6,Non-El Nino
2021-06-09,Maluku,8.0,Tidak,2021,6,Non-El Nino
2021-06-09,Papua,11.0,Tidak,2021,6,Non-El Nino
2021-06-10,Sumatera,6.0,Tidak,2021,6,Non-El Nino
2021-06-10,Jawa,3.0,Tidak,2021,6,Non-El Nino
2021-06-10,Kalimantan,19.0,Tidak,2021,6,Non-El Nino
2021-06-10,Sulawesi,16.0,Tidak,2021,6,Non-El Nino
2021-06-10,Bali-Nusa Tenggara,50.0,Tidak,2021,6,Non-El Nino
2021-06-10,Maluku,1.0,Tidak,2021,6,Non-El Nino
2021-06-10,Papua,2.0,Tidak,2021,6,Non-El Nino
2021-06-11,Sumatera,20.0,Tidak,2021,6,Non-El Nino
2021-06-11,Jawa,10.0,Tidak,2021,6,Non-El Nino
2021-06-11,Kalimantan,16.0,Tidak,2021,6,Non-El Nino
2021-06-11,Sulawesi,14.0,Tidak,2021,6,Non-El Nino
2021-06-11,Bali-Nusa Tenggara,37.0,Tidak,2021,6,Non-El Nino
2021-06-11,Maluku,3.0,Tidak,2021,6,Non-El Nino
2021-06-11,Papua,1.0,Tidak,2021,6,Non-El Nino
2021-06-12,Sumatera,27.0,Tidak,2021,6,Non-El Nino
2021-06-12,Jawa,8.0,Tidak,2021,6,Non-El Nino
2021-06-12,Kalimantan,4.0,Tidak,2021,6,Non-El Nino
2021-06-12,Sulawesi,3.0,Tidak,2021,6,Non-El Nino
2021-06-12,Bali-Nusa Tenggara,21.0,Tidak,2021,6,Non-El Nino
2021-06-12,Maluku,0.0,Tidak,2021,6,Non-El Nino
2021-06-12,Papua,4.0,Tidak,2021,6,Non-El Nino
2021-06-13,Sumatera,22.0,Tidak,2021,6,Non-El Nino
2021-06-13,Jawa,7.0,Tidak,2021,6,Non-El Nino
2021-06-13,Kalimantan,8.0,Tidak,2021,6,Non-El Nino
2021-06-13,Sulawesi,0.0,Tidak,2021,6,Non-El Nino
2021-06-13,Bali-Nusa Tenggara,15.0,Tidak,2021,6,Non-El Nino
2021-06-13,Maluku,0.0,Tidak,2021,6,Non-El Nino
2021-06-13,Papua,6.0,Tidak,2021,6,Non-El Nino
2021-06-14,Sumatera,19.0,Tidak,2021,6,Non-El Nino
2021-06-14,Jawa,4.0,Tidak,2021,6,Non-El Nino
2021-06-14,Kalimantan,1.0,Tidak,2021,6,Non-El Nino
2021-06-14,Sulawesi,4.0,Tidak,2021,6,Non-El Nino
2021-06-14,Bali-Nusa Tenggara,11.0,Tidak,2021,6,Non-El Nino
2021-06-14,Maluku,0.0,Tidak,2021,6,Non-El Nino
2021-06-14,Papua,33.0,Tidak,2021,6,Non-El Nino
2021-06-15,Sumatera,7.0,Tidak,2021,6,Non-El Nino
2021-06-15,Jawa,5.0,Tidak,2021,6,Non-El Nino
2021-06-15,Kalimantan,3.0,Tidak,2021,6,Non-El Nino
2021-06-15,Sulawesi,1.0,Tidak,2021,6,Non-El Nino
2021-06-15,Bali-Nusa Tenggara,13.0,Tidak,2021,6,Non-El Nino
2021-06-15,Maluku,0.0,Tidak,2021,6,Non-El Nino
2021-06-15,Papua,31.0,Tidak,2021,6,Non-El Nino
2021-06-16,Sumatera,25.0,Tidak,2021,6,Non-El Nino
2021-06-16,Jawa,1.0,Tidak,2021,6,Non-El Nino
2021-06-16,Kalimantan,8.0,Tidak,2021,6,Non-El Nino
2021-06-16,Sulawesi,3.0,Tidak,2021,6,Non-El Nino
2021-06-16,Bali-Nusa Tenggara,35.0,Tidak,2021,6,Non-El Nino
2021-06-16,Maluku,2.0,Tidak,2021,6,Non-El Nino
2021-06-16,Papua,25.0,Tidak,2021,6,Non-El Nino
2021-06-17,Sumatera,29.0,Tidak,2021,6,Non-El Nino
2021-06-17,Jawa,7.0,Tidak,2021,6,Non-El Nino
2021-06-17,Kalimantan,12.0,Tidak,2021,6,Non-El Nino
2021-06-17,Sulawesi,15.0,Tidak,2021,6,Non-El Nino
2021-06-17,Bali-Nusa Tenggara,64.0,Tidak,2021,6,Non-El Nino
2021-06-17,Maluku,2.0,Tidak,2021,6,Non-El Nino
2021-06-17,Papua,5.0,Tidak,2021,6,Non-El Nino
2021-06-18,Sumatera,1.0,Tidak,2021,6,Non-El Nino
2021-06-18,Jawa,5.0,Tidak,2021,6,Non-El Nino
2021-06-18,Kalimantan,9.0,Tidak,2021,6,Non-El Nino
2021-06-18,Sulawesi,5.0,Tidak,2021,6,Non-El Nino
2021-06-18,Bali-Nusa Tenggara,13.0,Tidak,2021,6,Non-El Nino
2021-06-18,Maluku,2.0,Tidak,2021,6,Non-El Nino
2021-06-18,Papua,2.0,Tidak,2021,6,Non-El Nino
2021-06-19,Sumatera,16.0,Tidak,2021,6,Non-El Nino
2021-06-19,Jawa,2.0,Tidak,2021,6,Non-El Nino
2021-06-19,Kalimantan,11.0,Tidak,2021,6,Non-El Nino
2021-06-19,Sulawesi,4.0,Tidak,2021,6,Non-El Nino
2021-06-19,Bali-Nusa Tenggara,18.0,Tidak,2021,6,Non-El Nino
2021-06-19,Maluku,3.0,Tidak,2021,6,Non-El Nino
2021-06-19,Papua,8.0,Tidak,2021,6,Non-El Nino
2021-06-20,Sumatera,16.0,Tidak,2021,6,Non-El Nino
2021-06-20,Jawa,10.0,Tidak,2021,6,Non-El Nino
2021-06-20,Kalimantan,10.0,Tidak,2021,6,Non-El Nino
2021-06-20,Sulawesi,2.0,Tidak,2021,6,Non-El Nino
2021-06-20,Bali-Nusa Tenggara,24.0,Tidak,2021,6,Non-El Nino
2021-06-20,Maluku,2.0,Tidak,2021,6,Non-El Nino
2021-06-20,Papua,16.0,Tidak,2021,6,Non-El Nino
2021-06-21,Sumatera,22.0,Tidak,2021,6,Non-El Nino
2021-06-21,Jawa,6.0,Tidak,2021,6,Non-El Nino
2021-06-21,Kalimantan,5.0,Tidak,2021,6,Non-El Nino
2021-06-21,Sulawesi,5.0,Tidak,2021,6,Non-El Nino
2021-06-21,Bali-Nusa Tenggara,24.0,Tidak,2021,6,Non-El Nino
2021-06-21,Maluku,1.0,Tidak,2021,6,Non-El Nino
2021-06-21,Papua,1.0,Tidak,2021,6,Non-El Nino
2021-06-22,Sumatera,46.0,Tidak,2021,6,Non-El Nino
2021-06-22,Jawa,5.0,Tidak,2021,6,Non-El Nino
2021-06-22,Kalimantan,4.0,Tidak,2021,6,Non-El Nino
2021-06-22,Sulawesi,15.0,Tidak,2021,6,Non-El Nino
2021-06-22,Bali-Nusa Tenggara,14.0,Tidak,2021,6,Non-El Nino
2021-06-22,Maluku,0.0,Tidak,2021,6,Non-El Nino
2021-06-22,Papua,1.0,Tidak,2021,6,Non-El Nino
2021-06-23,Sumatera,28.0,Tidak,2021,6,Non-El Nino
2021-06-23,Jawa,1.0,Tidak,2021,6,Non-El Nino
2021-06-23,Kalimantan,16.0,Tidak,2021,6,Non-El Nino
2021-06-23,Sulawesi,37.0,Tidak,2021,6,Non-El Nino
2021-06-23,Bali-Nusa Tenggara,11.0,Tidak,2021,6,Non-El Nino
2021-06-23,Maluku,5.0,Tidak,2021,6,Non-El Nino
2021-06-23,Papua,21.0,Tidak,2021,6,Non-El Nino
2021-06-24,Sumatera,26.0,Tidak,2021,6,Non-El Nino
2021-06-24,Jawa,1.0,Tidak,2021,6,Non-El Nino
2021-06-24,Kalimantan,3.0,Tidak,2021,6,Non-El Nino
2021-06-24,Sulawesi,26.0,Tidak,2021,6,Non-El Nino
2021-06-24,Bali-Nusa Tenggara,16.0,Tidak,2021,6,Non-El Nino
2021-06-24,Maluku,4.0,Tidak,2021,6,Non-El Nino
2021-06-24,Papua,3.0,Tidak,2021,6,Non-El Nino
2021-06-25,Sumatera,21.0,Tidak,2021,6,Non-El Nino
2021-06-25,Jawa,9.0,Tidak,2021,6,Non-El Nino
2021-06-25,Kalimantan,10.0,Tidak,2021,6,Non-El Nino
2021-06-25,Sulawesi,13.0,Tidak,2021,6,Non-El Nino
2021-06-25,Bali-Nusa Tenggara,2.0,Tidak,2021,6,Non-El Nino
2021-06-25,Maluku,4.0,Tidak,2021,6,Non-El Nino
2021-06-25,Papua,16.0,Tidak,2021,6,Non-El Nino
2021-06-26,Sumatera,12.0,Tidak,2021,6,Non-El Nino
2021-06-26,Jawa,15.0,Tidak,2021,6,Non-El Nino
2021-06-26,Kalimantan,25.0,Tidak,2021,6,Non-El Nino
2021-06-26,Sulawesi,9.0,Tidak,2021,6,Non-El Nino
2021-06-26,Bali-Nusa Tenggara,18.0,Tidak,2021,6,Non-El Nino
2021-06-26,Maluku,0.0,Tidak,2021,6,Non-El Nino
2021-06-26,Papua,1.0,Tidak,2021,6,Non-El Nino
2021-06-27,Sumatera,12.0,Tidak,2021,6,Non-El Nino
2021-06-27,Jawa,9.0,Tidak,2021,6,Non-El Nino
2021-06-27,Kalimantan,4.0,Tidak,2021,6,Non-El Nino
2021-06-27,Sulawesi,5.0,Tidak,2021,6,Non-El Nino
2021-06-27,Bali-Nusa Tenggara,15.0,Tidak,2021,6,Non-El Nino
2021-06-27,Maluku,0.0,Tidak,2021,6,Non-El Nino
2021-06-27,Papua,2.0,Tidak,2021,6,Non-El Nino
2021-06-28,Sumatera,16.0,Tidak,2021,6,Non-El Nino
2021-06-28,Jawa,8.0,Tidak,2021,6,Non-El Nino
2021-06-28,Kalimantan,5.0,Tidak,2021,6,Non-El Nino
2021-06-28,Sulawesi,9.0,Tidak,2021,6,Non-El Nino
2021-06-28,Bali-Nusa Tenggara,35.0,Tidak,2021,6,Non-El Nino
2021-06-28,Maluku,2.0,Tidak,2021,6,Non-El Nino
2021-06-28,Papua,11.0,Tidak,2021,6,Non-El Nino
2021-06-29,Sumatera,14.0,Tidak,2021,6,Non-El Nino
2021-06-29,Jawa,10.0,Tidak,2021,6,Non-El Nino
2021-06-29,Kalimantan,4.0,Tidak,2021,6,Non-El Nino
2021-06-29,Sulawesi,2.0,Tidak,2021,6,Non-El Nino
2021-06-29,Bali-Nusa Tenggara,44.0,Tidak,2021,6,Non-El Nino
2021-06-29,Maluku,7.0,Tidak,2021,6,Non-El Nino
2021-06-29,Papua,2.0,Tidak,2021,6,Non-El Nino
2021-06-30,Sumatera,12.0,Tidak,2021,6,Non-El Nino
2021-06-30,Jawa,15.0,Tidak,2021,6,Non-El Nino
2021-06-30,Kalimantan,7.0,Tidak,2021,6,Non-El Nino
2021-06-30,Sulawesi,0.0,Tidak,2021,6,Non-El Nino
2021-06-30,Bali-Nusa Tenggara,51.0,Tidak,2021,6,Non-El Nino
2021-06-30,Maluku,1.0,Tidak,2021,6,Non-El Nino
2021-06-30,Papua,4.0,Tidak,2021,6,Non-El Nino
2021-07-01,Sumatera,10.0,Tidak,2021,7,Non-El Nino
2021-07-01,Jawa,28.0,Tidak,2021,7,Non-El Nino
2021-07-01,Kalimantan,5.0,Tidak,2021,7,Non-El Nino
2021-07-01,Sulawesi,1.0,Tidak,2021,7,Non-El Nino
2021-07-01,Bali-Nusa Tenggara,54.0,Tidak,2021,7,Non-El Nino
2021-07-01,Maluku,0.0,Tidak,2021,7,Non-El Nino
2021-07-01,Papua,19.0,Tidak,2021,7,Non-El Nino
2021-07-02,Sumatera,20.0,Tidak,2021,7,Non-El Nino
2021-07-02,Jawa,18.0,Tidak,2021,7,Non-El Nino
2021-07-02,Kalimantan,1.0,Tidak,2021,7,Non-El Nino
2021-07-02,Sulawesi,1.0,Tidak,2021,7,Non-El Nino
2021-07-02,Bali-Nusa Tenggara,127.0,Tidak,2021,7,Non-El Nino
2021-07-02,Maluku,2.0,Tidak,2021,7,Non-El Nino
2021-07-02,Papua,2.0,Tidak,2021,7,Non-El Nino
2021-07-03,Sumatera,35.0,Tidak,2021,7,Non-El Nino
2021-07-03,Jawa,14.0,Tidak,2021,7,Non-El Nino
2021-07-03,Kalimantan,1.0,Tidak,2021,7,Non-El Nino
2021-07-03,Sulawesi,1.0,Tidak,2021,7,Non-El Nino
2021-07-03,Bali-Nusa Tenggara,71.0,Tidak,2021,7,Non-El Nino
2021-07-03,Maluku,0.0,Tidak,2021,7,Non-El Nino
2021-07-03,Papua,0.0,Tidak,2021,7,Non-El Nino
2021-07-04,Sumatera,35.0,Tidak,2021,7,Non-El Nino
2021-07-04,Jawa,6.0,Tidak,2021,7,Non-El Nino
2021-07-04,Kalimantan,15.0,Tidak,2021,7,Non-El Nino
2021-07-04,Sulawesi,4.0,Tidak,2021,7,Non-El Nino
2021-07-04,Bali-Nusa Tenggara,63.0,Tidak,2021,7,Non-El Nino
2021-07-04,Maluku,0.0,Tidak,2021,7,Non-El Nino
2021-07-04,Papua,4.0,Tidak,2021,7,Non-El Nino
2021-07-05,Sumatera,28.0,Tidak,2021,7,Non-El Nino
2021-07-05,Jawa,38.0,Tidak,2021,7,Non-El Nino
2021-07-05,Kalimantan,14.0,Tidak,2021,7,Non-El Nino
2021-07-05,Sulawesi,0.0,Tidak,2021,7,Non-El Nino
2021-07-05,Bali-Nusa Tenggara,27.0,Tidak,2021,7,Non-El Nino
2021-07-05,Maluku,0.0,Tidak,2021,7,Non-El Nino
2021-07-05,Papua,2.0,Tidak,2021,7,Non-El Nino
2021-07-06,Sumatera,16.0,Tidak,2021,7,Non-El Nino
2021-07-06,Jawa,39.0,Tidak,2021,7,Non-El Nino
2021-07-06,Kalimantan,15.0,Tidak,2021,7,Non-El Nino
2021-07-06,Sulawesi,0.0,Tidak,2021,7,Non-El Nino
2021-07-06,Bali-Nusa Tenggara,20.0,Tidak,2021,7,Non-El Nino
2021-07-06,Maluku,0.0,Tidak,2021,7,Non-El Nino
2021-07-06,Papua,5.0,Tidak,2021,7,Non-El Nino
2021-07-07,Sumatera,14.0,Tidak,2021,7,Non-El Nino
2021-07-07,Jawa,16.0,Tidak,2021,7,Non-El Nino
2021-07-07,Kalimantan,18.0,Tidak,2021,7,Non-El Nino
2021-07-07,Sulawesi,5.0,Tidak,2021,7,Non-El Nino
2021-07-07,Bali-Nusa Tenggara,8.0,Tidak,2021,7,Non-El Nino
2021-07-07,Maluku,1.0,Tidak,2021,7,Non-El Nino
2021-07-07,Papua,2.0,Tidak,2021,7,Non-El Nino
2021-07-08,Sumatera,19.0,Tidak,2021,7,Non-El Nino
2021-07-08,Jawa,10.0,Tidak,2021,7,Non-El Nino
2021-07-08,Kalimantan,2.0,Tidak,2021,7,Non-El Nino
2021-07-08,Sulawesi,11.0,Tidak,2021,7,Non-El Nino
2021-07-08,Bali-Nusa Tenggara,14.0,Tidak,2021,7,Non-El Nino
2021-07-08,Maluku,1.0,Tidak,2021,7,Non-El Nino
2021-07-08,Papua,1.0,Tidak,2021,7,Non-El Nino
2021-07-09,Sumatera,23.0,Tidak,2021,7,Non-El Nino
2021-07-09,Jawa,11.0,Tidak,2021,7,Non-El Nino
2021-07-09,Kalimantan,17.0,Tidak,2021,7,Non-El Nino
2021-07-09,Sulawesi,0.0,Tidak,2021,7,Non-El Nino
2021-07-09,Bali-Nusa Tenggara,15.0,Tidak,2021,7,Non-El Nino
2021-07-09,Maluku,3.0,Tidak,2021,7,Non-El Nino
2021-07-09,Papua,1.0,Tidak,2021,7,Non-El Nino
2021-07-10,Sumatera,6.0,Tidak,2021,7,Non-El Nino
2021-07-10,Jawa,10.0,Tidak,2021,7,Non-El Nino
2021-07-10,Kalimantan,11.0,Tidak,2021,7,Non-El Nino
2021-07-10,Sulawesi,3.0,Tidak,2021,7,Non-El Nino
2021-07-10,Bali-Nusa Tenggara,34.0,Tidak,2021,7,Non-El Nino
2021-07-10,Maluku,1.0,Tidak,2021,7,Non-El Nino
2021-07-10,Papua,8.0,Tidak,2021,7,Non-El Nino
2021-07-11,Sumatera,1.0,Tidak,2021,7,Non-El Nino
2021-07-11,Jawa,30.0,Tidak,2021,7,Non-El Nino
2021-07-11,Kalimantan,5.0,Tidak,2021,7,Non-El Nino
2021-07-11,Sulawesi,0.0,Tidak,2021,7,Non-El Nino
2021-07-11,Bali-Nusa Tenggara,52.0,Tidak,2021,7,Non-El Nino
2021-07-11,Maluku,3.0,Tidak,2021,7,Non-El Nino
2021-07-11,Papua,10.0,Tidak,2021,7,Non-El Nino
2021-07-12,Sumatera,3.0,Tidak,2021,7,Non-El Nino
2021-07-12,Jawa,28.0,Tidak,2021,7,Non-El Nino
2021-07-12,Kalimantan,2.0,Tidak,2021,7,Non-El Nino
2021-07-12,Sulawesi,3.0,Tidak,2021,7,Non-El Nino
2021-07-12,Bali-Nusa Tenggara,126.0,Tidak,2021,7,Non-El Nino
2021-07-12,Maluku,0.0,Tidak,2021,7,Non-El Nino
2021-07-12,Papua,36.0,Tidak,2021,7,Non-El Nino
2021-07-13,Sumatera,0.0,Tidak,2021,7,Non-El Nino
2021-07-13,Jawa,12.0,Tidak,2021,7,Non-El Nino
2021-07-13,Kalimantan,14.0,Tidak,2021,7,Non-El Nino
2021-07-13,Sulawesi,6.0,Tidak,2021,7,Non-El Nino
2021-07-13,Bali-Nusa Tenggara,198.0,Tidak,2021,7,Non-El Nino
2021-07-13,Maluku,7.0,Tidak,2021,7,Non-El Nino
2021-07-13,Papua,23.0,Tidak,2021,7,Non-El Nino
2021-07-14,Sumatera,2.0,Tidak,2021,7,Non-El Nino
2021-07-14,Jawa,8.0,Tidak,2021,7,Non-El Nino
2021-07-14,Kalimantan,0.0,Tidak,2021,7,Non-El Nino
2021-07-14,Sulawesi,1.0,Tidak,2021,7,Non-El Nino
2021-07-14,Bali-Nusa Tenggara,103.0,Tidak,2021,7,Non-El Nino
2021-07-14,Maluku,0.0,Tidak,2021,7,Non-El Nino
2021-07-14,Papua,10.0,Tidak,2021,7,Non-El Nino
2021-07-15,Sumatera,26.0,Tidak,2021,7,Non-El Nino
2021-07-15,Jawa,15.0,Tidak,2021,7,Non-El Nino
2021-07-15,Kalimantan,0.0,Tidak,2021,7,Non-El Nino
2021-07-15,Sulawesi,0.0,Tidak,2021,7,Non-El Nino
2021-07-15,Bali-Nusa Tenggara,38.0,Tidak,2021,7,Non-El Nino
2021-07-15,Maluku,0.0,Tidak,2021,7,Non-El Nino
2021-07-15,Papua,7.0,Tidak,2021,7,Non-El Nino
2021-07-16,Sumatera,55.0,Tidak,2021,7,Non-El Nino
2021-07-16,Jawa,28.0,Tidak,2021,7,Non-El Nino
2021-07-16,Kalimantan,0.0,Tidak,2021,7,Non-El Nino
2021-07-16,Sulawesi,0.0,Tidak,2021,7,Non-El Nino
2021-07-16,Bali-Nusa Tenggara,27.0,Tidak,2021,7,Non-El Nino
2021-07-16,Maluku,1.0,Tidak,2021,7,Non-El Nino
2021-07-16,Papua,0.0,Tidak,2021,7,Non-El Nino
2021-07-17,Sumatera,44.0,Tidak,2021,7,Non-El Nino
2021-07-17,Jawa,12.0,Tidak,2021,7,Non-El Nino
2021-07-17,Kalimantan,8.0,Tidak,2021,7,Non-El Nino
2021-07-17,Sulawesi,0.0,Tidak,2021,7,Non-El Nino
2021-07-17,Bali-Nusa Tenggara,18.0,Tidak,2021,7,Non-El Nino
2021-07-17,Maluku,0.0,Tidak,2021,7,Non-El Nino
2021-07-17,Papua,42.0,Tidak,2021,7,Non-El Nino
2021-07-18,Sumatera,136.0,Tidak,2021,7,Non-El Nino
2021-07-18,Jawa,15.0,Tidak,2021,7,Non-El Nino
2021-07-18,Kalimantan,20.0,Tidak,2021,7,Non-El Nino
2021-07-18,Sulawesi,0.0,Tidak,2021,7,Non-El Nino
2021-07-18,Bali-Nusa Tenggara,131.0,Tidak,2021,7,Non-El Nino
2021-07-18,Maluku,0.0,Tidak,2021,7,Non-El Nino
2021-07-18,Papua,0.0,Tidak,2021,7,Non-El Nino
2021-07-19,Sumatera,109.0,Tidak,2021,7,Non-El Nino
2021-07-19,Jawa,14.0,Tidak,2021,7,Non-El Nino
2021-07-19,Kalimantan,54.0,Tidak,2021,7,Non-El Nino
2021-07-19,Sulawesi,5.0,Tidak,2021,7,Non-El Nino
2021-07-19,Bali-Nusa Tenggara,77.0,Tidak,2021,7,Non-El Nino
2021-07-19,Maluku,0.0,Tidak,2021,7,Non-El Nino
2021-07-19,Papua,4.0,Tidak,2021,7,Non-El Nino
2021-07-20,Sumatera,68.0,Tidak,2021,7,Non-El Nino
2021-07-20,Jawa,11.0,Tidak,2021,7,Non-El Nino
2021-07-20,Kalimantan,50.0,Tidak,2021,7,Non-El Nino
2021-07-20,Sulawesi,1.0,Tidak,2021,7,Non-El Nino
2021-07-20,Bali-Nusa Tenggara,50.0,Tidak,2021,7,Non-El Nino
2021-07-20,Maluku,3.0,Tidak,2021,7,Non-El Nino
2021-07-20,Papua,7.0,Tidak,2021,7,Non-El Nino
2021-07-21,Sumatera,119.0,Tidak,2021,7,Non-El Nino
2021-07-21,Jawa,7.0,Tidak,2021,7,Non-El Nino
2021-07-21,Kalimantan,46.0,Tidak,2021,7,Non-El Nino
2021-07-21,Sulawesi,2.0,Tidak,2021,7,Non-El Nino
2021-07-21,Bali-Nusa Tenggara,55.0,Tidak,2021,7,Non-El Nino
2021-07-21,Maluku,11.0,Tidak,2021,7,Non-El Nino
2021-07-21,Papua,34.0,Tidak,2021,7,Non-El Nino
2021-07-22,Sumatera,95.0,Tidak,2021,7,Non-El Nino
2021-07-22,Jawa,9.0,Tidak,2021,7,Non-El Nino
2021-07-22,Kalimantan,90.0,Tidak,2021,7,Non-El Nino
2021-07-22,Sulawesi,0.0,Tidak,2021,7,Non-El Nino
2021-07-22,Bali-Nusa Tenggara,51.0,Tidak,2021,7,Non-El Nino
2021-07-22,Maluku,2.0,Tidak,2021,7,Non-El Nino
2021-07-22,Papua,4.0,Tidak,2021,7,Non-El Nino
2021-07-23,Sumatera,44.0,Tidak,2021,7,Non-El Nino
2021-07-23,Jawa,17.0,Tidak,2021,7,Non-El Nino
2021-07-23,Kalimantan,110.0,Tidak,2021,7,Non-El Nino
2021-07-23,Sulawesi,2.0,Tidak,2021,7,Non-El Nino
2021-07-23,Bali-Nusa Tenggara,126.0,Tidak,2021,7,Non-El Nino
2021-07-23,Maluku,1.0,Tidak,2021,7,Non-El Nino
2021-07-23,Papua,29.0,Tidak,2021,7,Non-El Nino
2021-07-24,Sumatera,83.0,Tidak,2021,7,Non-El Nino
2021-07-24,Jawa,33.0,Tidak,2021,7,Non-El Nino
2021-07-24,Kalimantan,166.0,Tidak,2021,7,Non-El Nino
2021-07-24,Sulawesi,16.0,Tidak,2021,7,Non-El Nino
2021-07-24,Bali-Nusa Tenggara,180.0,Tidak,2021,7,Non-El Nino
2021-07-24,Maluku,9.0,Tidak,2021,7,Non-El Nino
2021-07-24,Papua,7.0,Tidak,2021,7,Non-El Nino
2021-07-25,Sumatera,194.0,Tidak,2021,7,Non-El Nino
2021-07-25,Jawa,45.0,Tidak,2021,7,Non-El Nino
2021-07-25,Kalimantan,161.0,Tidak,2021,7,Non-El Nino
2021-07-25,Sulawesi,32.0,Tidak,2021,7,Non-El Nino
2021-07-25,Bali-Nusa Tenggara,152.0,Tidak,2021,7,Non-El Nino
2021-07-25,Maluku,14.0,Tidak,2021,7,Non-El Nino
2021-07-25,Papua,1.0,Tidak,2021,7,Non-El Nino
2021-07-26,Sumatera,179.0,Tidak,2021,7,Non-El Nino
2021-07-26,Jawa,64.0,Tidak,2021,7,Non-El Nino
2021-07-26,Kalimantan,166.0,Tidak,2021,7,Non-El Nino
2021-07-26,Sulawesi,30.0,Tidak,2021,7,Non-El Nino
2021-07-26,Bali-Nusa Tenggara,119.0,Tidak,2021,7,Non-El Nino
2021-07-26,Maluku,9.0,Tidak,2021,7,Non-El Nino
2021-07-26,Papua,13.0,Tidak,2021,7,Non-El Nino
2021-07-27,Sumatera,211.0,Tidak,2021,7,Non-El Nino
2021-07-27,Jawa,83.0,Tidak,2021,7,Non-El Nino
2021-07-27,Kalimantan,172.0,Tidak,2021,7,Non-El Nino
2021-07-27,Sulawesi,21.0,Tidak,2021,7,Non-El Nino
2021-07-27,Bali-Nusa Tenggara,62.0,Tidak,2021,7,Non-El Nino
2021-07-27,Maluku,9.0,Tidak,2021,7,Non-El Nino
2021-07-27,Papua,9.0,Tidak,2021,7,Non-El Nino
2021-07-28,Sumatera,125.0,Tidak,2021,7,Non-El Nino
2021-07-28,Jawa,61.0,Tidak,2021,7,Non-El Nino
2021-07-28,Kalimantan,175.0,Tidak,2021,7,Non-El Nino
2021-07-28,Sulawesi,48.0,Tidak,2021,7,Non-El Nino
2021-07-28,Bali-Nusa Tenggara,95.0,Tidak,2021,7,Non-El Nino
2021-07-28,Maluku,13.0,Tidak,2021,7,Non-El Nino
2021-07-28,Papua,3.0,Tidak,2021,7,Non-El Nino
2021-07-29,Sumatera,132.0,Tidak,2021,7,Non-El Nino
2021-07-29,Jawa,30.0,Tidak,2021,7,Non-El Nino
2021-07-29,Kalimantan,166.0,Tidak,2021,7,Non-El Nino
2021-07-29,Sulawesi,20.0,Tidak,2021,7,Non-El Nino
2021-07-29,Bali-Nusa Tenggara,150.0,Tidak,2021,7,Non-El Nino
2021-07-29,Maluku,5.0,Tidak,2021,7,Non-El Nino
2021-07-29,Papua,8.0,Tidak,2021,7,Non-El Nino
2021-07-30,Sumatera,136.0,Tidak,2021,7,Non-El Nino
2021-07-30,Jawa,12.0,Tidak,2021,7,Non-El Nino
2021-07-30,Kalimantan,27.0,Tidak,2021,7,Non-El Nino
2021-07-30,Sulawesi,8.0,Tidak,2021,7,Non-El Nino
2021-07-30,Bali-Nusa Tenggara,85.0,Tidak,2021,7,Non-El Nino
2021-07-30,Maluku,7.0,Tidak,2021,7,Non-El Nino
2021-07-30,Papua,3.0,Tidak,2021,7,Non-El Nino
2021-07-31,Sumatera,158.0,Tidak,2021,7,Non-El Nino
2021-07-31,Jawa,11.0,Tidak,2021,7,Non-El Nino
2021-07-31,Kalimantan,94.0,Tidak,2021,7,Non-El Nino
2021-07-31,Sulawesi,7.0,Tidak,2021,7,Non-El Nino
2021-07-31,Bali-Nusa Tenggara,31.0,Tidak,2021,7,Non-El Nino
2021-07-31,Maluku,3.0,Tidak,2021,7,Non-El Nino
2021-07-31,Papua,7.0,Tidak,2021,7,Non-El Nino
2021-08-01,Sumatera,77.0,Tidak,2021,8,Non-El Nino
2021-08-01,Jawa,32.0,Tidak,2021,8,Non-El Nino
2021-08-01,Kalimantan,81.0,Tidak,2021,8,Non-El Nino
2021-08-01,Sulawesi,5.0,Tidak,2021,8,Non-El Nino
2021-08-01,Bali-Nusa Tenggara,18.0,Tidak,2021,8,Non-El Nino
2021-08-01,Maluku,8.0,Tidak,2021,8,Non-El Nino
2021-08-01,Papua,14.0,Tidak,2021,8,Non-El Nino
2021-08-02,Sumatera,38.0,Tidak,2021,8,Non-El Nino
2021-08-02,Jawa,32.0,Tidak,2021,8,Non-El Nino
2021-08-02,Kalimantan,56.0,Tidak,2021,8,Non-El Nino
2021-08-02,Sulawesi,4.0,Tidak,2021,8,Non-El Nino
2021-08-02,Bali-Nusa Tenggara,18.0,Tidak,2021,8,Non-El Nino
2021-08-02,Maluku,4.0,Tidak,2021,8,Non-El Nino
2021-08-02,Papua,34.0,Tidak,2021,8,Non-El Nino
2021-08-03,Sumatera,61.0,Tidak,2021,8,Non-El Nino
2021-08-03,Jawa,3.0,Tidak,2021,8,Non-El Nino
2021-08-03,Kalimantan,154.0,Tidak,2021,8,Non-El Nino
2021-08-03,Sulawesi,3.0,Tidak,2021,8,Non-El Nino
2021-08-03,Bali-Nusa Tenggara,100.0,Tidak,2021,8,Non-El Nino
2021-08-03,Maluku,2.0,Tidak,2021,8,Non-El Nino
2021-08-03,Papua,59.0,Tidak,2021,8,Non-El Nino
2021-08-04,Sumatera,2.0,Tidak,2021,8,Non-El Nino
2021-08-04,Jawa,9.0,Tidak,2021,8,Non-El Nino
2021-08-04,Kalimantan,5.0,Tidak,2021,8,Non-El Nino
2021-08-04,Sulawesi,0.0,Tidak,2021,8,Non-El Nino
2021-08-04,Bali-Nusa Tenggara,0.0,Tidak,2021,8,Non-El Nino
2021-08-04,Maluku,0.0,Tidak,2021,8,Non-El Nino
2021-08-04,Papua,0.0,Tidak,2021,8,Non-El Nino
2021-08-05,Sumatera,48.0,Tidak,2021,8,Non-El Nino
2021-08-05,Jawa,24.0,Tidak,2021,8,Non-El Nino
2021-08-05,Kalimantan,63.0,Tidak,2021,8,Non-El Nino
2021-08-05,Sulawesi,7.0,Tidak,2021,8,Non-El Nino
2021-08-05,Bali-Nusa Tenggara,66.0,Tidak,2021,8,Non-El Nino
2021-08-05,Maluku,10.0,Tidak,2021,8,Non-El Nino
2021-08-05,Papua,3.0,Tidak,2021,8,Non-El Nino
2021-08-06,Sumatera,52.0,Tidak,2021,8,Non-El Nino
2021-08-06,Jawa,38.0,Tidak,2021,8,Non-El Nino
2021-08-06,Kalimantan,92.0,Tidak,2021,8,Non-El Nino
2021-08-06,Sulawesi,10.0,Tidak,2021,8,Non-El Nino
2021-08-06,Bali-Nusa Tenggara,44.0,Tidak,2021,8,Non-El Nino
2021-08-06,Maluku,5.0,Tidak,2021,8,Non-El Nino
2021-08-06,Papua,12.0,Tidak,2021,8,Non-El Nino
2021-08-07,Sumatera,46.0,Tidak,2021,8,Non-El Nino
2021-08-07,Jawa,70.0,Tidak,2021,8,Non-El Nino
2021-08-07,Kalimantan,360.0,Tidak,2021,8,Non-El Nino
2021-08-07,Sulawesi,4.0,Tidak,2021,8,Non-El Nino
2021-08-07,Bali-Nusa Tenggara,104.0,Tidak,2021,8,Non-El Nino
2021-08-07,Maluku,4.0,Tidak,2021,8,Non-El Nino
2021-08-07,Papua,3.0,Tidak,2021,8,Non-El Nino
2021-08-08,Sumatera,53.0,Tidak,2021,8,Non-El Nino
2021-08-08,Jawa,26.0,Tidak,2021,8,Non-El Nino
2021-08-08,Kalimantan,18.0,Tidak,2021,8,Non-El Nino
2021-08-08,Sulawesi,20.0,Tidak,2021,8,Non-El Nino
2021-08-08,Bali-Nusa Tenggara,78.0,Tidak,2021,8,Non-El Nino
2021-08-08,Maluku,1.0,Tidak,2021,8,Non-El Nino
2021-08-08,Papua,0.0,Tidak,2021,8,Non-El Nino
2021-08-09,Sumatera,80.0,Tidak,2021,8,Non-El Nino
2021-08-09,Jawa,9.0,Tidak,2021,8,Non-El Nino
2021-08-09,Kalimantan,90.0,Tidak,2021,8,Non-El Nino
2021-08-09,Sulawesi,11.0,Tidak,2021,8,Non-El Nino
2021-08-09,Bali-Nusa Tenggara,87.0,Tidak,2021,8,Non-El Nino
2021-08-09,Maluku,2.0,Tidak,2021,8,Non-El Nino
2021-08-09,Papua,2.0,Tidak,2021,8,Non-El Nino
2021-08-10,Sumatera,30.0,Tidak,2021,8,Non-El Nino
2021-08-10,Jawa,26.0,Tidak,2021,8,Non-El Nino
2021-08-10,Kalimantan,93.0,Tidak,2021,8,Non-El Nino
2021-08-10,Sulawesi,15.0,Tidak,2021,8,Non-El Nino
2021-08-10,Bali-Nusa Tenggara,68.0,Tidak,2021,8,Non-El Nino
2021-08-10,Maluku,11.0,Tidak,2021,8,Non-El Nino
2021-08-10,Papua,5.0,Tidak,2021,8,Non-El Nino
2021-08-11,Sumatera,64.0,Tidak,2021,8,Non-El Nino
2021-08-11,Jawa,84.0,Tidak,2021,8,Non-El Nino
2021-08-11,Kalimantan,326.0,Tidak,2021,8,Non-El Nino
2021-08-11,Sulawesi,11.0,Tidak,2021,8,Non-El Nino
2021-08-11,Bali-Nusa Tenggara,67.0,Tidak,2021,8,Non-El Nino
2021-08-11,Maluku,0.0,Tidak,2021,8,Non-El Nino
2021-08-11,Papua,17.0,Tidak,2021,8,Non-El Nino
2021-08-12,Sumatera,40.0,Tidak,2021,8,Non-El Nino
2021-08-12,Jawa,47.0,Tidak,2021,8,Non-El Nino
2021-08-12,Kalimantan,31.0,Tidak,2021,8,Non-El Nino
2021-08-12,Sulawesi,5.0,Tidak,2021,8,Non-El Nino
2021-08-12,Bali-Nusa Tenggara,26.0,Tidak,2021,8,Non-El Nino
2021-08-12,Maluku,3.0,Tidak,2021,8,Non-El Nino
2021-08-12,Papua,6.0,Tidak,2021,8,Non-El Nino
2021-08-13,Sumatera,16.0,Tidak,2021,8,Non-El Nino
2021-08-13,Jawa,30.0,Tidak,2021,8,Non-El Nino
2021-08-13,Kalimantan,11.0,Tidak,2021,8,Non-El Nino
2021-08-13,Sulawesi,5.0,Tidak,2021,8,Non-El Nino
2021-08-13,Bali-Nusa Tenggara,111.0,Tidak,2021,8,Non-El Nino
2021-08-13,Maluku,4.0,Tidak,2021,8,Non-El Nino
2021-08-13,Papua,37.0,Tidak,2021,8,Non-El Nino
2021-08-14,Sumatera,6.0,Tidak,2021,8,Non-El Nino
2021-08-14,Jawa,37.0,Tidak,2021,8,Non-El Nino
2021-08-14,Kalimantan,134.0,Tidak,2021,8,Non-El Nino
2021-08-14,Sulawesi,21.0,Tidak,2021,8,Non-El Nino
2021-08-14,Bali-Nusa Tenggara,250.0,Tidak,2021,8,Non-El Nino
2021-08-14,Maluku,12.0,Tidak,2021,8,Non-El Nino
2021-08-14,Papua,48.0,Tidak,2021,8,Non-El Nino
2021-08-15,Sumatera,9.0,Tidak,2021,8,Non-El Nino
2021-08-15,Jawa,27.0,Tidak,2021,8,Non-El Nino
2021-08-15,Kalimantan,25.0,Tidak,2021,8,Non-El Nino
2021-08-15,Sulawesi,16.0,Tidak,2021,8,Non-El Nino
2021-08-15,Bali-Nusa Tenggara,165.0,Tidak,2021,8,Non-El Nino
2021-08-15,Maluku,4.0,Tidak,2021,8,Non-El Nino
2021-08-15,Papua,0.0,Tidak,2021,8,Non-El Nino
2021-08-16,Sumatera,22.0,Tidak,2021,8,Non-El Nino
2021-08-16,Jawa,35.0,Tidak,2021,8,Non-El Nino
2021-08-16,Kalimantan,29.0,Tidak,2021,8,Non-El Nino
2021-08-16,Sulawesi,12.0,Tidak,2021,8,Non-El Nino
2021-08-16,Bali-Nusa Tenggara,45.0,Tidak,2021,8,Non-El Nino
2021-08-16,Maluku,5.0,Tidak,2021,8,Non-El Nino
2021-08-16,Papua,48.0,Tidak,2021,8,Non-El Nino
2021-08-17,Sumatera,13.0,Tidak,2021,8,Non-El Nino
2021-08-17,Jawa,94.0,Tidak,2021,8,Non-El Nino
2021-08-17,Kalimantan,37.0,Tidak,2021,8,Non-El Nino
2021-08-17,Sulawesi,7.0,Tidak,2021,8,Non-El Nino
2021-08-17,Bali-Nusa Tenggara,101.0,Tidak,2021,8,Non-El Nino
2021-08-17,Maluku,7.0,Tidak,2021,8,Non-El Nino
2021-08-17,Papua,34.0,Tidak,2021,8,Non-El Nino
2021-08-18,Sumatera,1.0,Tidak,2021,8,Non-El Nino
2021-08-18,Jawa,33.0,Tidak,2021,8,Non-El Nino
2021-08-18,Kalimantan,57.0,Tidak,2021,8,Non-El Nino
2021-08-18,Sulawesi,15.0,Tidak,2021,8,Non-El Nino
2021-08-18,Bali-Nusa Tenggara,77.0,Tidak,2021,8,Non-El Nino
2021-08-18,Maluku,7.0,Tidak,2021,8,Non-El Nino
2021-08-18,Papua,33.0,Tidak,2021,8,Non-El Nino
2021-08-19,Sumatera,7.0,Tidak,2021,8,Non-El Nino
2021-08-19,Jawa,21.0,Tidak,2021,8,Non-El Nino
2021-08-19,Kalimantan,14.0,Tidak,2021,8,Non-El Nino
2021-08-19,Sulawesi,11.0,Tidak,2021,8,Non-El Nino
2021-08-19,Bali-Nusa Tenggara,124.0,Tidak,2021,8,Non-El Nino
2021-08-19,Maluku,22.0,Tidak,2021,8,Non-El Nino
2021-08-19,Papua,18.0,Tidak,2021,8,Non-El Nino
2021-08-20,Sumatera,2.0,Tidak,2021,8,Non-El Nino
2021-08-20,Jawa,11.0,Tidak,2021,8,Non-El Nino
2021-08-20,Kalimantan,12.0,Tidak,2021,8,Non-El Nino
2021-08-20,Sulawesi,8.0,Tidak,2021,8,Non-El Nino
2021-08-20,Bali-Nusa Tenggara,71.0,Tidak,2021,8,Non-El Nino
2021-08-20,Maluku,10.0,Tidak,2021,8,Non-El Nino
2021-08-20,Papua,7.0,Tidak,2021,8,Non-El Nino
2021-08-21,Sumatera,3.0,Tidak,2021,8,Non-El Nino
2021-08-21,Jawa,37.0,Tidak,2021,8,Non-El Nino
2021-08-21,Kalimantan,8.0,Tidak,2021,8,Non-El Nino
2021-08-21,Sulawesi,3.0,Tidak,2021,8,Non-El Nino
2021-08-21,Bali-Nusa Tenggara,121.0,Tidak,2021,8,Non-El Nino
2021-08-21,Maluku,35.0,Tidak,2021,8,Non-El Nino
2021-08-21,Papua,27.0,Tidak,2021,8,Non-El Nino
2021-08-22,Sumatera,3.0,Tidak,2021,8,Non-El Nino
2021-08-22,Jawa,41.0,Tidak,2021,8,Non-El Nino
2021-08-22,Kalimantan,4.0,Tidak,2021,8,Non-El Nino
2021-08-22,Sulawesi,10.0,Tidak,2021,8,Non-El Nino
2021-08-22,Bali-Nusa Tenggara,79.0,Tidak,2021,8,Non-El Nino
2021-08-22,Maluku,5.0,Tidak,2021,8,Non-El Nino
2021-08-22,Papua,11.0,Tidak,2021,8,Non-El Nino
2021-08-23,Sumatera,26.0,Tidak,2021,8,Non-El Nino
2021-08-23,Jawa,39.0,Tidak,2021,8,Non-El Nino
2021-08-23,Kalimantan,10.0,Tidak,2021,8,Non-El Nino
2021-08-23,Sulawesi,2.0,Tidak,2021,8,Non-El Nino
2021-08-23,Bali-Nusa Tenggara,118.0,Tidak,2021,8,Non-El Nino
2021-08-23,Maluku,10.0,Tidak,2021,8,Non-El Nino
2021-08-23,Papua,6.0,Tidak,2021,8,Non-El Nino
2021-08-24,Sumatera,17.0,Tidak,2021,8,Non-El Nino
2021-08-24,Jawa,61.0,Tidak,2021,8,Non-El Nino
2021-08-24,Kalimantan,52.0,Tidak,2021,8,Non-El Nino
2021-08-24,Sulawesi,3.0,Tidak,2021,8,Non-El Nino
2021-08-24,Bali-Nusa Tenggara,165.0,Tidak,2021,8,Non-El Nino
2021-08-24,Maluku,11.0,Tidak,2021,8,Non-El Nino
2021-08-24,Papua,8.0,Tidak,2021,8,Non-El Nino
2021-08-25,Sumatera,32.0,Tidak,2021,8,Non-El Nino
2021-08-25,Jawa,51.0,Tidak,2021,8,Non-El Nino
2021-08-25,Kalimantan,27.0,Tidak,2021,8,Non-El Nino
2021-08-25,Sulawesi,2.0,Tidak,2021,8,Non-El Nino
2021-08-25,Bali-Nusa Tenggara,173.0,Tidak,2021,8,Non-El Nino
2021-08-25,Maluku,0.0,Tidak,2021,8,Non-El Nino
2021-08-25,Papua,4.0,Tidak,2021,8,Non-El Nino
2021-08-26,Sumatera,110.0,Tidak,2021,8,Non-El Nino
2021-08-26,Jawa,67.0,Tidak,2021,8,Non-El Nino
2021-08-26,Kalimantan,39.0,Tidak,2021,8,Non-El Nino
2021-08-26,Sulawesi,4.0,Tidak,2021,8,Non-El Nino
2021-08-26,Bali-Nusa Tenggara,102.0,Tidak,2021,8,Non-El Nino
2021-08-26,Maluku,2.0,Tidak,2021,8,Non-El Nino
2021-08-26,Papua,1.0,Tidak,2021,8,Non-El Nino
2021-08-27,Sumatera,56.0,Tidak,2021,8,Non-El Nino
2021-08-27,Jawa,78.0,Tidak,2021,8,Non-El Nino
2021-08-27,Kalimantan,162.0,Tidak,2021,8,Non-El Nino
2021-08-27,Sulawesi,1.0,Tidak,2021,8,Non-El Nino
2021-08-27,Bali-Nusa Tenggara,18.0,Tidak,2021,8,Non-El Nino
2021-08-27,Maluku,12.0,Tidak,2021,8,Non-El Nino
2021-08-27,Papua,0.0,Tidak,2021,8,Non-El Nino
2021-08-28,Sumatera,46.0,Tidak,2021,8,Non-El Nino
2021-08-28,Jawa,80.0,Tidak,2021,8,Non-El Nino
2021-08-28,Kalimantan,53.0,Tidak,2021,8,Non-El Nino
2021-08-28,Sulawesi,1.0,Tidak,2021,8,Non-El Nino
2021-08-28,Bali-Nusa Tenggara,54.0,Tidak,2021,8,Non-El Nino
2021-08-28,Maluku,1.0,Tidak,2021,8,Non-El Nino
2021-08-28,Papua,6.0,Tidak,2021,8,Non-El Nino
2021-08-29,Sumatera,24.0,Tidak,2021,8,Non-El Nino
2021-08-29,Jawa,59.0,Tidak,2021,8,Non-El Nino
2021-08-29,Kalimantan,80.0,Tidak,2021,8,Non-El Nino
2021-08-29,Sulawesi,3.0,Tidak,2021,8,Non-El Nino
2021-08-29,Bali-Nusa Tenggara,146.0,Tidak,2021,8,Non-El Nino
2021-08-29,Maluku,2.0,Tidak,2021,8,Non-El Nino
2021-08-29,Papua,14.0,Tidak,2021,8,Non-El Nino
2021-08-30,Sumatera,7.0,Tidak,2021,8,Non-El Nino
2021-08-30,Jawa,16.0,Tidak,2021,8,Non-El Nino
2021-08-30,Kalimantan,22.0,Tidak,2021,8,Non-El Nino
2021-08-30,Sulawesi,6.0,Tidak,2021,8,Non-El Nino
2021-08-30,Bali-Nusa Tenggara,304.0,Tidak,2021,8,Non-El Nino
2021-08-30,Maluku,9.0,Tidak,2021,8,Non-El Nino
2021-08-30,Papua,22.0,Tidak,2021,8,Non-El Nino
2021-08-31,Sumatera,17.0,Tidak,2021,8,Non-El Nino
2021-08-31,Jawa,33.0,Tidak,2021,8,Non-El Nino
2021-08-31,Kalimantan,4.0,Tidak,2021,8,Non-El Nino
2021-08-31,Sulawesi,4.0,Tidak,2021,8,Non-El Nino
2021-08-31,Bali-Nusa Tenggara,291.0,Tidak,2021,8,Non-El Nino
2021-08-31,Maluku,13.0,Tidak,2021,8,Non-El Nino
2021-08-31,Papua,3.0,Tidak,2021,8,Non-El Nino
2021-09-01,Sumatera,3.0,Tidak,2021,9,Non-El Nino
2021-09-01,Jawa,67.0,Tidak,2021,9,Non-El Nino
2021-09-01,Kalimantan,36.0,Tidak,2021,9,Non-El Nino
2021-09-01,Sulawesi,5.0,Tidak,2021,9,Non-El Nino
2021-09-01,Bali-Nusa Tenggara,110.0,Tidak,2021,9,Non-El Nino
2021-09-01,Maluku,12.0,Tidak,2021,9,Non-El Nino
2021-09-01,Papua,21.0,Tidak,2021,9,Non-El Nino
2021-09-02,Sumatera,3.0,Tidak,2021,9,Non-El Nino
2021-09-02,Jawa,111.0,Tidak,2021,9,Non-El Nino
2021-09-02,Kalimantan,19.0,Tidak,2021,9,Non-El Nino
2021-09-02,Sulawesi,7.0,Tidak,2021,9,Non-El Nino
2021-09-02,Bali-Nusa Tenggara,64.0,Tidak,2021,9,Non-El Nino
2021-09-02,Maluku,10.0,Tidak,2021,9,Non-El Nino
2021-09-02,Papua,60.0,Tidak,2021,9,Non-El Nino
2021-09-03,Sumatera,13.0,Tidak,2021,9,Non-El Nino
2021-09-03,Jawa,54.0,Tidak,2021,9,Non-El Nino
2021-09-03,Kalimantan,8.0,Tidak,2021,9,Non-El Nino
2021-09-03,Sulawesi,4.0,Tidak,2021,9,Non-El Nino
2021-09-03,Bali-Nusa Tenggara,51.0,Tidak,2021,9,Non-El Nino
2021-09-03,Maluku,2.0,Tidak,2021,9,Non-El Nino
2021-09-03,Papua,14.0,Tidak,2021,9,Non-El Nino
2021-09-04,Sumatera,21.0,Tidak,2021,9,Non-El Nino
2021-09-04,Jawa,26.0,Tidak,2021,9,Non-El Nino
2021-09-04,Kalimantan,9.0,Tidak,2021,9,Non-El Nino
2021-09-04,Sulawesi,5.0,Tidak,2021,9,Non-El Nino
2021-09-04,Bali-Nusa Tenggara,65.0,Tidak,2021,9,Non-El Nino
2021-09-04,Maluku,3.0,Tidak,2021,9,Non-El Nino
2021-09-04,Papua,10.0,Tidak,2021,9,Non-El Nino
2021-09-05,Sumatera,62.0,Tidak,2021,9,Non-El Nino
2021-09-05,Jawa,5.0,Tidak,2021,9,Non-El Nino
2021-09-05,Kalimantan,207.0,Tidak,2021,9,Non-El Nino
2021-09-05,Sulawesi,0.0,Tidak,2021,9,Non-El Nino
2021-09-05,Bali-Nusa Tenggara,70.0,Tidak,2021,9,Non-El Nino
2021-09-05,Maluku,4.0,Tidak,2021,9,Non-El Nino
2021-09-05,Papua,1.0,Tidak,2021,9,Non-El Nino
2021-09-06,Sumatera,71.0,Tidak,2021,9,Non-El Nino
2021-09-06,Jawa,36.0,Tidak,2021,9,Non-El Nino
2021-09-06,Kalimantan,271.0,Tidak,2021,9,Non-El Nino
2021-09-06,Sulawesi,0.0,Tidak,2021,9,Non-El Nino
2021-09-06,Bali-Nusa Tenggara,52.0,Tidak,2021,9,Non-El Nino
2021-09-06,Maluku,22.0,Tidak,2021,9,Non-El Nino
2021-09-06,Papua,8.0,Tidak,2021,9,Non-El Nino
2021-09-07,Sumatera,22.0,Tidak,2021,9,Non-El Nino
2021-09-07,Jawa,50.0,Tidak,2021,9,Non-El Nino
2021-09-07,Kalimantan,239.0,Tidak,2021,9,Non-El Nino
2021-09-07,Sulawesi,3.0,Tidak,2021,9,Non-El Nino
2021-09-07,Bali-Nusa Tenggara,39.0,Tidak,2021,9,Non-El Nino
2021-09-07,Maluku,11.0,Tidak,2021,9,Non-El Nino
2021-09-07,Papua,9.0,Tidak,2021,9,Non-El Nino
2021-09-08,Sumatera,14.0,Tidak,2021,9,Non-El Nino
2021-09-08,Jawa,112.0,Tidak,2021,9,Non-El Nino
2021-09-08,Kalimantan,45.0,Tidak,2021,9,Non-El Nino
2021-09-08,Sulawesi,5.0,Tidak,2021,9,Non-El Nino
2021-09-08,Bali-Nusa Tenggara,164.0,Tidak,2021,9,Non-El Nino
2021-09-08,Maluku,1.0,Tidak,2021,9,Non-El Nino
2021-09-08,Papua,5.0,Tidak,2021,9,Non-El Nino
2021-09-09,Sumatera,34.0,Tidak,2021,9,Non-El Nino
2021-09-09,Jawa,47.0,Tidak,2021,9,Non-El Nino
2021-09-09,Kalimantan,151.0,Tidak,2021,9,Non-El Nino
2021-09-09,Sulawesi,2.0,Tidak,2021,9,Non-El Nino
2021-09-09,Bali-Nusa Tenggara,155.0,Tidak,2021,9,Non-El Nino
2021-09-09,Maluku,0.0,Tidak,2021,9,Non-El Nino
2021-09-09,Papua,11.0,Tidak,2021,9,Non-El Nino
2021-09-10,Sumatera,143.0,Tidak,2021,9,Non-El Nino
2021-09-10,Jawa,22.0,Tidak,2021,9,Non-El Nino
2021-09-10,Kalimantan,204.0,Tidak,2021,9,Non-El Nino
2021-09-10,Sulawesi,7.0,Tidak,2021,9,Non-El Nino
2021-09-10,Bali-Nusa Tenggara,21.0,Tidak,2021,9,Non-El Nino
2021-09-10,Maluku,3.0,Tidak,2021,9,Non-El Nino
2021-09-10,Papua,2.0,Tidak,2021,9,Non-El Nino
2021-09-11,Sumatera,71.0,Tidak,2021,9,Non-El Nino
2021-09-11,Jawa,12.0,Tidak,2021,9,Non-El Nino
2021-09-11,Kalimantan,28.0,Tidak,2021,9,Non-El Nino
2021-09-11,Sulawesi,11.0,Tidak,2021,9,Non-El Nino
2021-09-11,Bali-Nusa Tenggara,54.0,Tidak,2021,9,Non-El Nino
2021-09-11,Maluku,0.0,Tidak,2021,9,Non-El Nino
2021-09-11,Papua,8.0,Tidak,2021,9,Non-El Nino
2021-09-12,Sumatera,43.0,Tidak,2021,9,Non-El Nino
2021-09-12,Jawa,1.0,Tidak,2021,9,Non-El Nino
2021-09-12,Kalimantan,93.0,Tidak,2021,9,Non-El Nino
2021-09-12,Sulawesi,0.0,Tidak,2021,9,Non-El Nino
2021-09-12,Bali-Nusa Tenggara,33.0,Tidak,2021,9,Non-El Nino
2021-09-12,Maluku,2.0,Tidak,2021,9,Non-El Nino
2021-09-12,Papua,12.0,Tidak,2021,9,Non-El Nino
2021-09-13,Sumatera,0.0,Tidak,2021,9,Non-El Nino
2021-09-13,Jawa,8.0,Tidak,2021,9,Non-El Nino
2021-09-13,Kalimantan,30.0,Tidak,2021,9,Non-El Nino
2021-09-13,Sulawesi,1.0,Tidak,2021,9,Non-El Nino
2021-09-13,Bali-Nusa Tenggara,22.0,Tidak,2021,9,Non-El Nino
2021-09-13,Maluku,11.0,Tidak,2021,9,Non-El Nino
2021-09-13,Papua,21.0,Tidak,2021,9,Non-El Nino
2021-09-14,Sumatera,13.0,Tidak,2021,9,Non-El Nino
2021-09-14,Jawa,1.0,Tidak,2021,9,Non-El Nino
2021-09-14,Kalimantan,113.0,Tidak,2021,9,Non-El Nino
2021-09-14,Sulawesi,6.0,Tidak,2021,9,Non-El Nino
2021-09-14,Bali-Nusa Tenggara,91.0,Tidak,2021,9,Non-El Nino
2021-09-14,Maluku,2.0,Tidak,2021,9,Non-El Nino
2021-09-14,Papua,6.0,Tidak,2021,9,Non-El Nino
2021-09-15,Sumatera,44.0,Tidak,2021,9,Non-El Nino
2021-09-15,Jawa,18.0,Tidak,2021,9,Non-El Nino
2021-09-15,Kalimantan,0.0,Tidak,2021,9,Non-El Nino
2021-09-15,Sulawesi,8.0,Tidak,2021,9,Non-El Nino
2021-09-15,Bali-Nusa Tenggara,128.0,Tidak,2021,9,Non-El Nino
2021-09-15,Maluku,18.0,Tidak,2021,9,Non-El Nino
2021-09-15,Papua,11.0,Tidak,2021,9,Non-El Nino
2021-09-16,Sumatera,119.0,Tidak,2021,9,Non-El Nino
2021-09-16,Jawa,23.0,Tidak,2021,9,Non-El Nino
2021-09-16,Kalimantan,78.0,Tidak,2021,9,Non-El Nino
2021-09-16,Sulawesi,0.0,Tidak,2021,9,Non-El Nino
2021-09-16,Bali-Nusa Tenggara,143.0,Tidak,2021,9,Non-El Nino
2021-09-16,Maluku,19.0,Tidak,2021,9,Non-El Nino
2021-09-16,Papua,43.0,Tidak,2021,9,Non-El Nino
2021-09-17,Sumatera,164.0,Tidak,2021,9,Non-El Nino
2021-09-17,Jawa,33.0,Tidak,2021,9,Non-El Nino
2021-09-17,Kalimantan,1119.0,Tidak,2021,9,Non-El Nino
2021-09-17,Sulawesi,4.0,Tidak,2021,9,Non-El Nino
2021-09-17,Bali-Nusa Tenggara,93.0,Tidak,2021,9,Non-El Nino
2021-09-17,Maluku,33.0,Tidak,2021,9,Non-El Nino
2021-09-17,Papua,7.0,Tidak,2021,9,Non-El Nino
2021-09-18,Sumatera,47.0,Tidak,2021,9,Non-El Nino
2021-09-18,Jawa,108.0,Tidak,2021,9,Non-El Nino
2021-09-18,Kalimantan,215.0,Tidak,2021,9,Non-El Nino
2021-09-18,Sulawesi,11.0,Tidak,2021,9,Non-El Nino
2021-09-18,Bali-Nusa Tenggara,163.0,Tidak,2021,9,Non-El Nino
2021-09-18,Maluku,12.0,Tidak,2021,9,Non-El Nino
2021-09-18,Papua,6.0,Tidak,2021,9,Non-El Nino
2021-09-19,Sumatera,63.0,Tidak,2021,9,Non-El Nino
2021-09-19,Jawa,56.0,Tidak,2021,9,Non-El Nino
2021-09-19,Kalimantan,198.0,Tidak,2021,9,Non-El Nino
2021-09-19,Sulawesi,18.0,Tidak,2021,9,Non-El Nino
2021-09-19,Bali-Nusa Tenggara,129.0,Tidak,2021,9,Non-El Nino
2021-09-19,Maluku,4.0,Tidak,2021,9,Non-El Nino
2021-09-19,Papua,0.0,Tidak,2021,9,Non-El Nino
2021-09-20,Sumatera,57.0,Tidak,2021,9,Non-El Nino
2021-09-20,Jawa,29.0,Tidak,2021,9,Non-El Nino
2021-09-20,Kalimantan,240.0,Tidak,2021,9,Non-El Nino
2021-09-20,Sulawesi,8.0,Tidak,2021,9,Non-El Nino
2021-09-20,Bali-Nusa Tenggara,93.0,Tidak,2021,9,Non-El Nino
2021-09-20,Maluku,19.0,Tidak,2021,9,Non-El Nino
2021-09-20,Papua,2.0,Tidak,2021,9,Non-El Nino
2021-09-21,Sumatera,236.0,Tidak,2021,9,Non-El Nino
2021-09-21,Jawa,4.0,Tidak,2021,9,Non-El Nino
2021-09-21,Kalimantan,120.0,Tidak,2021,9,Non-El Nino
2021-09-21,Sulawesi,4.0,Tidak,2021,9,Non-El Nino
2021-09-21,Bali-Nusa Tenggara,270.0,Tidak,2021,9,Non-El Nino
2021-09-21,Maluku,0.0,Tidak,2021,9,Non-El Nino
2021-09-21,Papua,3.0,Tidak,2021,9,Non-El Nino
2021-09-22,Sumatera,222.0,Tidak,2021,9,Non-El Nino
2021-09-22,Jawa,14.0,Tidak,2021,9,Non-El Nino
2021-09-22,Kalimantan,766.0,Tidak,2021,9,Non-El Nino
2021-09-22,Sulawesi,1.0,Tidak,2021,9,Non-El Nino
2021-09-22,Bali-Nusa Tenggara,64.0,Tidak,2021,9,Non-El Nino
2021-09-22,Maluku,12.0,Tidak,2021,9,Non-El Nino
2021-09-22,Papua,16.0,Tidak,2021,9,Non-El Nino
2021-09-23,Sumatera,66.0,Tidak,2021,9,Non-El Nino
2021-09-23,Jawa,19.0,Tidak,2021,9,Non-El Nino
2021-09-23,Kalimantan,866.0,Tidak,2021,9,Non-El Nino
2021-09-23,Sulawesi,0.0,Tidak,2021,9,Non-El Nino
2021-09-23,Bali-Nusa Tenggara,86.0,Tidak,2021,9,Non-El Nino
2021-09-23,Maluku,6.0,Tidak,2021,9,Non-El Nino
2021-09-23,Papua,0.0,Tidak,2021,9,Non-El Nino
2021-09-24,Sumatera,46.0,Tidak,2021,9,Non-El Nino
2021-09-24,Jawa,24.0,Tidak,2021,9,Non-El Nino
2021-09-24,Kalimantan,15.0,Tidak,2021,9,Non-El Nino
2021-09-24,Sulawesi,8.0,Tidak,2021,9,Non-El Nino
2021-09-24,Bali-Nusa Tenggara,46.0,Tidak,2021,9,Non-El Nino
2021-09-24,Maluku,5.0,Tidak,2021,9,Non-El Nino
2021-09-24,Papua,4.0,Tidak,2021,9,Non-El Nino
2021-09-25,Sumatera,26.0,Tidak,2021,9,Non-El Nino
2021-09-25,Jawa,13.0,Tidak,2021,9,Non-El Nino
2021-09-25,Kalimantan,106.0,Tidak,2021,9,Non-El Nino
2021-09-25,Sulawesi,11.0,Tidak,2021,9,Non-El Nino
2021-09-25,Bali-Nusa Tenggara,151.0,Tidak,2021,9,Non-El Nino
2021-09-25,Maluku,3.0,Tidak,2021,9,Non-El Nino
2021-09-25,Papua,4.0,Tidak,2021,9,Non-El Nino
2021-09-26,Sumatera,7.0,Tidak,2021,9,Non-El Nino
2021-09-26,Jawa,11.0,Tidak,2021,9,Non-El Nino
2021-09-26,Kalimantan,114.0,Tidak,2021,9,Non-El Nino
2021-09-26,Sulawesi,48.0,Tidak,2021,9,Non-El Nino
2021-09-26,Bali-Nusa Tenggara,238.0,Tidak,2021,9,Non-El Nino
2021-09-26,Maluku,2.0,Tidak,2021,9,Non-El Nino
2021-09-26,Papua,3.0,Tidak,2021,9,Non-El Nino
2021-09-27,Sumatera,13.0,Tidak,2021,9,Non-El Nino
2021-09-27,Jawa,18.0,Tidak,2021,9,Non-El Nino
2021-09-27,Kalimantan,129.0,Tidak,2021,9,Non-El Nino
2021-09-27,Sulawesi,38.0,Tidak,2021,9,Non-El Nino
2021-09-27,Bali-Nusa Tenggara,117.0,Tidak,2021,9,Non-El Nino
2021-09-27,Maluku,13.0,Tidak,2021,9,Non-El Nino
2021-09-27,Papua,0.0,Tidak,2021,9,Non-El Nino
2021-09-28,Sumatera,20.0,Tidak,2021,9,Non-El Nino
2021-09-28,Jawa,42.0,Tidak,2021,9,Non-El Nino
2021-09-28,Kalimantan,179.0,Tidak,2021,9,Non-El Nino
2021-09-28,Sulawesi,34.0,Tidak,2021,9,Non-El Nino
2021-09-28,Bali-Nusa Tenggara,82.0,Tidak,2021,9,Non-El Nino
2021-09-28,Maluku,6.0,Tidak,2021,9,Non-El Nino
2021-09-28,Papua,6.0,Tidak,2021,9,Non-El Nino
2021-09-29,Sumatera,3.0,Tidak,2021,9,Non-El Nino
2021-09-29,Jawa,70.0,Tidak,2021,9,Non-El Nino
2021-09-29,Kalimantan,23.0,Tidak,2021,9,Non-El Nino
2021-09-29,Sulawesi,41.0,Tidak,2021,9,Non-El Nino
2021-09-29,Bali-Nusa Tenggara,139.0,Tidak,2021,9,Non-El Nino
2021-09-29,Maluku,3.0,Tidak,2021,9,Non-El Nino
2021-09-29,Papua,28.0,Tidak,2021,9,Non-El Nino
2021-09-30,Sumatera,1.0,Tidak,2021,9,Non-El Nino
2021-09-30,Jawa,28.0,Tidak,2021,9,Non-El Nino
2021-09-30,Kalimantan,90.0,Tidak,2021,9,Non-El Nino
2021-09-30,Sulawesi,23.0,Tidak,2021,9,Non-El Nino
2021-09-30,Bali-Nusa Tenggara,249.0,Tidak,2021,9,Non-El Nino
2021-09-30,Maluku,5.0,Tidak,2021,9,Non-El Nino
2021-09-30,Papua,40.0,Tidak,2021,9,Non-El Nino
2021-10-01,Sumatera,0.0,Tidak,2021,10,Non-El Nino
2021-10-01,Jawa,16.0,Tidak,2021,10,Non-El Nino
2021-10-01,Kalimantan,17.0,Tidak,2021,10,Non-El Nino
2021-10-01,Sulawesi,13.0,Tidak,2021,10,Non-El Nino
2021-10-01,Bali-Nusa Tenggara,282.0,Tidak,2021,10,Non-El Nino
2021-10-01,Maluku,19.0,Tidak,2021,10,Non-El Nino
2021-10-01,Papua,10.0,Tidak,2021,10,Non-El Nino
2021-10-02,Sumatera,33.0,Tidak,2021,10,Non-El Nino
2021-10-02,Jawa,17.0,Tidak,2021,10,Non-El Nino
2021-10-02,Kalimantan,13.0,Tidak,2021,10,Non-El Nino
2021-10-02,Sulawesi,15.0,Tidak,2021,10,Non-El Nino
2021-10-02,Bali-Nusa Tenggara,168.0,Tidak,2021,10,Non-El Nino
2021-10-02,Maluku,19.0,Tidak,2021,10,Non-El Nino
2021-10-02,Papua,2.0,Tidak,2021,10,Non-El Nino
2021-10-03,Sumatera,68.0,Tidak,2021,10,Non-El Nino
2021-10-03,Jawa,14.0,Tidak,2021,10,Non-El Nino
2021-10-03,Kalimantan,8.0,Tidak,2021,10,Non-El Nino
2021-10-03,Sulawesi,13.0,Tidak,2021,10,Non-El Nino
2021-10-03,Bali-Nusa Tenggara,198.0,Tidak,2021,10,Non-El Nino
2021-10-03,Maluku,14.0,Tidak,2021,10,Non-El Nino
2021-10-03,Papua,1.0,Tidak,2021,10,Non-El Nino
2021-10-04,Sumatera,48.0,Tidak,2021,10,Non-El Nino
2021-10-04,Jawa,17.0,Tidak,2021,10,Non-El Nino
2021-10-04,Kalimantan,128.0,Tidak,2021,10,Non-El Nino
2021-10-04,Sulawesi,11.0,Tidak,2021,10,Non-El Nino
2021-10-04,Bali-Nusa Tenggara,113.0,Tidak,2021,10,Non-El Nino
2021-10-04,Maluku,36.0,Tidak,2021,10,Non-El Nino
2021-10-04,Papua,65.0,Tidak,2021,10,Non-El Nino
2021-10-05,Sumatera,22.0,Tidak,2021,10,Non-El Nino
2021-10-05,Jawa,16.0,Tidak,2021,10,Non-El Nino
2021-10-05,Kalimantan,288.0,Tidak,2021,10,Non-El Nino
2021-10-05,Sulawesi,12.0,Tidak,2021,10,Non-El Nino
2021-10-05,Bali-Nusa Tenggara,161.0,Tidak,2021,10,Non-El Nino
2021-10-05,Maluku,23.0,Tidak,2021,10,Non-El Nino
2021-10-05,Papua,46.0,Tidak,2021,10,Non-El Nino
2021-10-06,Sumatera,57.0,Tidak,2021,10,Non-El Nino
2021-10-06,Jawa,17.0,Tidak,2021,10,Non-El Nino
2021-10-06,Kalimantan,110.0,Tidak,2021,10,Non-El Nino
2021-10-06,Sulawesi,77.0,Tidak,2021,10,Non-El Nino
2021-10-06,Bali-Nusa Tenggara,202.0,Tidak,2021,10,Non-El Nino
2021-10-06,Maluku,13.0,Tidak,2021,10,Non-El Nino
2021-10-06,Papua,77.0,Tidak,2021,10,Non-El Nino
2021-10-07,Sumatera,32.0,Tidak,2021,10,Non-El Nino
2021-10-07,Jawa,24.0,Tidak,2021,10,Non-El Nino
2021-10-07,Kalimantan,69.0,Tidak,2021,10,Non-El Nino
2021-10-07,Sulawesi,66.0,Tidak,2021,10,Non-El Nino
2021-10-07,Bali-Nusa Tenggara,245.0,Tidak,2021,10,Non-El Nino
2021-10-07,Maluku,10.0,Tidak,2021,10,Non-El Nino
2021-10-07,Papua,11.0,Tidak,2021,10,Non-El Nino
2021-10-08,Sumatera,122.0,Tidak,2021,10,Non-El Nino
2021-10-08,Jawa,26.0,Tidak,2021,10,Non-El Nino
2021-10-08,Kalimantan,62.0,Tidak,2021,10,Non-El Nino
2021-10-08,Sulawesi,27.0,Tidak,2021,10,Non-El Nino
2021-10-08,Bali-Nusa Tenggara,243.0,Tidak,2021,10,Non-El Nino
2021-10-08,Maluku,30.0,Tidak,2021,10,Non-El Nino
2021-10-08,Papua,1.0,Tidak,2021,10,Non-El Nino
2021-10-09,Sumatera,103.0,Tidak,2021,10,Non-El Nino
2021-10-09,Jawa,48.0,Tidak,2021,10,Non-El Nino
2021-10-09,Kalimantan,371.0,Tidak,2021,10,Non-El Nino
2021-10-09,Sulawesi,47.0,Tidak,2021,10,Non-El Nino
2021-10-09,Bali-Nusa Tenggara,152.0,Tidak,2021,10,Non-El Nino
2021-10-09,Maluku,5.0,Tidak,2021,10,Non-El Nino
2021-10-09,Papua,21.0,Tidak,2021,10,Non-El Nino
2021-10-10,Sumatera,45.0,Tidak,2021,10,Non-El Nino
2021-10-10,Jawa,51.0,Tidak,2021,10,Non-El Nino
2021-10-10,Kalimantan,166.0,Tidak,2021,10,Non-El Nino
2021-10-10,Sulawesi,25.0,Tidak,2021,10,Non-El Nino
2021-10-10,Bali-Nusa Tenggara,189.0,Tidak,2021,10,Non-El Nino
2021-10-10,Maluku,5.0,Tidak,2021,10,Non-El Nino
2021-10-10,Papua,12.0,Tidak,2021,10,Non-El Nino
2021-10-11,Sumatera,99.0,Tidak,2021,10,Non-El Nino
2021-10-11,Jawa,33.0,Tidak,2021,10,Non-El Nino
2021-10-11,Kalimantan,97.0,Tidak,2021,10,Non-El Nino
2021-10-11,Sulawesi,13.0,Tidak,2021,10,Non-El Nino
2021-10-11,Bali-Nusa Tenggara,346.0,Tidak,2021,10,Non-El Nino
2021-10-11,Maluku,1.0,Tidak,2021,10,Non-El Nino
2021-10-11,Papua,6.0,Tidak,2021,10,Non-El Nino
2021-10-12,Sumatera,68.0,Tidak,2021,10,Non-El Nino
2021-10-12,Jawa,49.0,Tidak,2021,10,Non-El Nino
2021-10-12,Kalimantan,70.0,Tidak,2021,10,Non-El Nino
2021-10-12,Sulawesi,25.0,Tidak,2021,10,Non-El Nino
2021-10-12,Bali-Nusa Tenggara,492.0,Tidak,2021,10,Non-El Nino
2021-10-12,Maluku,2.0,Tidak,2021,10,Non-El Nino
2021-10-12,Papua,11.0,Tidak,2021,10,Non-El Nino
2021-10-13,Sumatera,132.0,Tidak,2021,10,Non-El Nino
2021-10-13,Jawa,21.0,Tidak,2021,10,Non-El Nino
2021-10-13,Kalimantan,132.0,Tidak,2021,10,Non-El Nino
2021-10-13,Sulawesi,15.0,Tidak,2021,10,Non-El Nino
2021-10-13,Bali-Nusa Tenggara,320.0,Tidak,2021,10,Non-El Nino
2021-10-13,Maluku,8.0,Tidak,2021,10,Non-El Nino
2021-10-13,Papua,12.0,Tidak,2021,10,Non-El Nino
2021-10-14,Sumatera,61.0,Tidak,2021,10,Non-El Nino
2021-10-14,Jawa,15.0,Tidak,2021,10,Non-El Nino
2021-10-14,Kalimantan,331.0,Tidak,2021,10,Non-El Nino
2021-10-14,Sulawesi,16.0,Tidak,2021,10,Non-El Nino
2021-10-14,Bali-Nusa Tenggara,124.0,Tidak,2021,10,Non-El Nino
2021-10-14,Maluku,12.0,Tidak,2021,10,Non-El Nino
2021-10-14,Papua,6.0,Tidak,2021,10,Non-El Nino
2021-10-15,Sumatera,94.0,Tidak,2021,10,Non-El Nino
2021-10-15,Jawa,30.0,Tidak,2021,10,Non-El Nino
2021-10-15,Kalimantan,114.0,Tidak,2021,10,Non-El Nino
2021-10-15,Sulawesi,15.0,Tidak,2021,10,Non-El Nino
2021-10-15,Bali-Nusa Tenggara,145.0,Tidak,2021,10,Non-El Nino
2021-10-15,Maluku,9.0,Tidak,2021,10,Non-El Nino
2021-10-15,Papua,17.0,Tidak,2021,10,Non-El Nino
2021-10-16,Sumatera,52.0,Tidak,2021,10,Non-El Nino
2021-10-16,Jawa,14.0,Tidak,2021,10,Non-El Nino
2021-10-16,Kalimantan,293.0,Tidak,2021,10,Non-El Nino
2021-10-16,Sulawesi,18.0,Tidak,2021,10,Non-El Nino
2021-10-16,Bali-Nusa Tenggara,107.0,Tidak,2021,10,Non-El Nino
2021-10-16,Maluku,7.0,Tidak,2021,10,Non-El Nino
2021-10-16,Papua,121.0,Tidak,2021,10,Non-El Nino
2021-10-17,Sumatera,9.0,Tidak,2021,10,Non-El Nino
2021-10-17,Jawa,8.0,Tidak,2021,10,Non-El Nino
2021-10-17,Kalimantan,12.0,Tidak,2021,10,Non-El Nino
2021-10-17,Sulawesi,67.0,Tidak,2021,10,Non-El Nino
2021-10-17,Bali-Nusa Tenggara,196.0,Tidak,2021,10,Non-El Nino
2021-10-17,Maluku,8.0,Tidak,2021,10,Non-El Nino
2021-10-17,Papua,4.0,Tidak,2021,10,Non-El Nino
2021-10-18,Sumatera,6.0,Tidak,2021,10,Non-El Nino
2021-10-18,Jawa,12.0,Tidak,2021,10,Non-El Nino
2021-10-18,Kalimantan,8.0,Tidak,2021,10,Non-El Nino
2021-10-18,Sulawesi,22.0,Tidak,2021,10,Non-El Nino
2021-10-18,Bali-Nusa Tenggara,314.0,Tidak,2021,10,Non-El Nino
2021-10-18,Maluku,22.0,Tidak,2021,10,Non-El Nino
2021-10-18,Papua,19.0,Tidak,2021,10,Non-El Nino
2021-10-19,Sumatera,8.0,Tidak,2021,10,Non-El Nino
2021-10-19,Jawa,5.0,Tidak,2021,10,Non-El Nino
2021-10-19,Kalimantan,20.0,Tidak,2021,10,Non-El Nino
2021-10-19,Sulawesi,19.0,Tidak,2021,10,Non-El Nino
2021-10-19,Bali-Nusa Tenggara,204.0,Tidak,2021,10,Non-El Nino
2021-10-19,Maluku,27.0,Tidak,2021,10,Non-El Nino
2021-10-19,Papua,19.0,Tidak,2021,10,Non-El Nino
2021-10-20,Sumatera,8.0,Tidak,2021,10,Non-El Nino
2021-10-20,Jawa,19.0,Tidak,2021,10,Non-El Nino
2021-10-20,Kalimantan,6.0,Tidak,2021,10,Non-El Nino
2021-10-20,Sulawesi,24.0,Tidak,2021,10,Non-El Nino
2021-10-20,Bali-Nusa Tenggara,83.0,Tidak,2021,10,Non-El Nino
2021-10-20,Maluku,22.0,Tidak,2021,10,Non-El Nino
2021-10-20,Papua,84.0,Tidak,2021,10,Non-El Nino
2021-10-21,Sumatera,21.0,Tidak,2021,10,Non-El Nino
2021-10-21,Jawa,11.0,Tidak,2021,10,Non-El Nino
2021-10-21,Kalimantan,8.0,Tidak,2021,10,Non-El Nino
2021-10-21,Sulawesi,23.0,Tidak,2021,10,Non-El Nino
2021-10-21,Bali-Nusa Tenggara,218.0,Tidak,2021,10,Non-El Nino
2021-10-21,Maluku,14.0,Tidak,2021,10,Non-El Nino
2021-10-21,Papua,67.0,Tidak,2021,10,Non-El Nino
2021-10-22,Sumatera,6.0,Tidak,2021,10,Non-El Nino
2021-10-22,Jawa,15.0,Tidak,2021,10,Non-El Nino
2021-10-22,Kalimantan,1.0,Tidak,2021,10,Non-El Nino
2021-10-22,Sulawesi,48.0,Tidak,2021,10,Non-El Nino
2021-10-22,Bali-Nusa Tenggara,272.0,Tidak,2021,10,Non-El Nino
2021-10-22,Maluku,13.0,Tidak,2021,10,Non-El Nino
2021-10-22,Papua,13.0,Tidak,2021,10,Non-El Nino
2021-10-23,Sumatera,33.0,Tidak,2021,10,Non-El Nino
2021-10-23,Jawa,15.0,Tidak,2021,10,Non-El Nino
2021-10-23,Kalimantan,43.0,Tidak,2021,10,Non-El Nino
2021-10-23,Sulawesi,63.0,Tidak,2021,10,Non-El Nino
2021-10-23,Bali-Nusa Tenggara,265.0,Tidak,2021,10,Non-El Nino
2021-10-23,Maluku,16.0,Tidak,2021,10,Non-El Nino
2021-10-23,Papua,18.0,Tidak,2021,10,Non-El Nino
2021-10-24,Sumatera,33.0,Tidak,2021,10,Non-El Nino
2021-10-24,Jawa,2.0,Tidak,2021,10,Non-El Nino
2021-10-24,Kalimantan,138.0,Tidak,2021,10,Non-El Nino
2021-10-24,Sulawesi,21.0,Tidak,2021,10,Non-El Nino
2021-10-24,Bali-Nusa Tenggara,139.0,Tidak,2021,10,Non-El Nino
2021-10-24,Maluku,25.0,Tidak,2021,10,Non-El Nino
2021-10-24,Papua,35.0,Tidak,2021,10,Non-El Nino
2021-10-25,Sumatera,13.0,Tidak,2021,10,Non-El Nino
2021-10-25,Jawa,20.0,Tidak,2021,10,Non-El Nino
2021-10-25,Kalimantan,47.0,Tidak,2021,10,Non-El Nino
2021-10-25,Sulawesi,27.0,Tidak,2021,10,Non-El Nino
2021-10-25,Bali-Nusa Tenggara,133.0,Tidak,2021,10,Non-El Nino
2021-10-25,Maluku,14.0,Tidak,2021,10,Non-El Nino
2021-10-25,Papua,6.0,Tidak,2021,10,Non-El Nino
2021-10-26,Sumatera,5.0,Tidak,2021,10,Non-El Nino
2021-10-26,Jawa,15.0,Tidak,2021,10,Non-El Nino
2021-10-26,Kalimantan,35.0,Tidak,2021,10,Non-El Nino
2021-10-26,Sulawesi,30.0,Tidak,2021,10,Non-El Nino
2021-10-26,Bali-Nusa Tenggara,74.0,Tidak,2021,10,Non-El Nino
2021-10-26,Maluku,15.0,Tidak,2021,10,Non-El Nino
2021-10-26,Papua,22.0,Tidak,2021,10,Non-El Nino
2021-10-27,Sumatera,10.0,Tidak,2021,10,Non-El Nino
2021-10-27,Jawa,4.0,Tidak,2021,10,Non-El Nino
2021-10-27,Kalimantan,104.0,Tidak,2021,10,Non-El Nino
2021-10-27,Sulawesi,35.0,Tidak,2021,10,Non-El Nino
2021-10-27,Bali-Nusa Tenggara,117.0,Tidak,2021,10,Non-El Nino
2021-10-27,Maluku,23.0,Tidak,2021,10,Non-El Nino
2021-10-27,Papua,19.0,Tidak,2021,10,Non-El Nino
2021-10-28,Sumatera,3.0,Tidak,2021,10,Non-El Nino
2021-10-28,Jawa,5.0,Tidak,2021,10,Non-El Nino
2021-10-28,Kalimantan,34.0,Tidak,2021,10,Non-El Nino
2021-10-28,Sulawesi,62.0,Tidak,2021,10,Non-El Nino
2021-10-28,Bali-Nusa Tenggara,184.0,Tidak,2021,10,Non-El Nino
2021-10-28,Maluku,15.0,Tidak,2021,10,Non-El Nino
2021-10-28,Papua,30.0,Tidak,2021,10,Non-El Nino
2021-10-29,Sumatera,52.0,Tidak,2021,10,Non-El Nino
2021-10-29,Jawa,4.0,Tidak,2021,10,Non-El Nino
2021-10-29,Kalimantan,5.0,Tidak,2021,10,Non-El Nino
2021-10-29,Sulawesi,16.0,Tidak,2021,10,Non-El Nino
2021-10-29,Bali-Nusa Tenggara,159.0,Tidak,2021,10,Non-El Nino
2021-10-29,Maluku,19.0,Tidak,2021,10,Non-El Nino
2021-10-29,Papua,7.0,Tidak,2021,10,Non-El Nino
2021-10-30,Sumatera,17.0,Tidak,2021,10,Non-El Nino
2021-10-30,Jawa,7.0,Tidak,2021,10,Non-El Nino
2021-10-30,Kalimantan,7.0,Tidak,2021,10,Non-El Nino
2021-10-30,Sulawesi,17.0,Tidak,2021,10,Non-El Nino
2021-10-30,Bali-Nusa Tenggara,46.0,Tidak,2021,10,Non-El Nino
2021-10-30,Maluku,7.0,Tidak,2021,10,Non-El Nino
2021-10-30,Papua,9.0,Tidak,2021,10,Non-El Nino
2021-10-31,Sumatera,14.0,Tidak,2021,10,Non-El Nino
2021-10-31,Jawa,5.0,Tidak,2021,10,Non-El Nino
2021-10-31,Kalimantan,25.0,Tidak,2021,10,Non-El Nino
2021-10-31,Sulawesi,2.0,Tidak,2021,10,Non-El Nino
2021-10-31,Bali-Nusa Tenggara,20.0,Tidak,2021,10,Non-El Nino
2021-10-31,Maluku,2.0,Tidak,2021,10,Non-El Nino
2021-10-31,Papua,15.0,Tidak,2021,10,Non-El Nino
2021-11-01,Sumatera,8.0,Tidak,2021,11,Non-El Nino
2021-11-01,Jawa,4.0,Tidak,2021,11,Non-El Nino
2021-11-01,Kalimantan,43.0,Tidak,2021,11,Non-El Nino
2021-11-01,Sulawesi,44.0,Tidak,2021,11,Non-El Nino
2021-11-01,Bali-Nusa Tenggara,46.0,Tidak,2021,11,Non-El Nino
2021-11-01,Maluku,12.0,Tidak,2021,11,Non-El Nino
2021-11-01,Papua,0.0,Tidak,2021,11,Non-El Nino
2021-11-02,Sumatera,5.0,Tidak,2021,11,Non-El Nino
2021-11-02,Jawa,4.0,Tidak,2021,11,Non-El Nino
2021-11-02,Kalimantan,5.0,Tidak,2021,11,Non-El Nino
2021-11-02,Sulawesi,44.0,Tidak,2021,11,Non-El Nino
2021-11-02,Bali-Nusa Tenggara,95.0,Tidak,2021,11,Non-El Nino
2021-11-02,Maluku,10.0,Tidak,2021,11,Non-El Nino
2021-11-02,Papua,0.0,Tidak,2021,11,Non-El Nino
2021-11-03,Sumatera,6.0,Tidak,2021,11,Non-El Nino
2021-11-03,Jawa,1.0,Tidak,2021,11,Non-El Nino
2021-11-03,Kalimantan,13.0,Tidak,2021,11,Non-El Nino
2021-11-03,Sulawesi,6.0,Tidak,2021,11,Non-El Nino
2021-11-03,Bali-Nusa Tenggara,18.0,Tidak,2021,11,Non-El Nino
2021-11-03,Maluku,15.0,Tidak,2021,11,Non-El Nino
2021-11-03,Papua,6.0,Tidak,2021,11,Non-El Nino
2021-11-04,Sumatera,6.0,Tidak,2021,11,Non-El Nino
2021-11-04,Jawa,0.0,Tidak,2021,11,Non-El Nino
2021-11-04,Kalimantan,4.0,Tidak,2021,11,Non-El Nino
2021-11-04,Sulawesi,14.0,Tidak,2021,11,Non-El Nino
2021-11-04,Bali-Nusa Tenggara,12.0,Tidak,2021,11,Non-El Nino
2021-11-04,Maluku,7.0,Tidak,2021,11,Non-El Nino
2021-11-04,Papua,3.0,Tidak,2021,11,Non-El Nino
2021-11-05,Sumatera,2.0,Tidak,2021,11,Non-El Nino
2021-11-05,Jawa,0.0,Tidak,2021,11,Non-El Nino
2021-11-05,Kalimantan,12.0,Tidak,2021,11,Non-El Nino
2021-11-05,Sulawesi,2.0,Tidak,2021,11,Non-El Nino
2021-11-05,Bali-Nusa Tenggara,18.0,Tidak,2021,11,Non-El Nino
2021-11-05,Maluku,6.0,Tidak,2021,11,Non-El Nino
2021-11-05,Papua,42.0,Tidak,2021,11,Non-El Nino
2021-11-06,Sumatera,10.0,Tidak,2021,11,Non-El Nino
2021-11-06,Jawa,9.0,Tidak,2021,11,Non-El Nino
2021-11-06,Kalimantan,50.0,Tidak,2021,11,Non-El Nino
2021-11-06,Sulawesi,5.0,Tidak,2021,11,Non-El Nino
2021-11-06,Bali-Nusa Tenggara,32.0,Tidak,2021,11,Non-El Nino
2021-11-06,Maluku,11.0,Tidak,2021,11,Non-El Nino
2021-11-06,Papua,31.0,Tidak,2021,11,Non-El Nino
2021-11-07,Sumatera,3.0,Tidak,2021,11,Non-El Nino
2021-11-07,Jawa,1.0,Tidak,2021,11,Non-El Nino
2021-11-07,Kalimantan,10.0,Tidak,2021,11,Non-El Nino
2021-11-07,Sulawesi,10.0,Tidak,2021,11,Non-El Nino
2021-11-07,Bali-Nusa Tenggara,67.0,Tidak,2021,11,Non-El Nino
2021-11-07,Maluku,2.0,Tidak,2021,11,Non-El Nino
2021-11-07,Papua,15.0,Tidak,2021,11,Non-El Nino
2021-11-08,Sumatera,18.0,Tidak,2021,11,Non-El Nino
2021-11-08,Jawa,5.0,Tidak,2021,11,Non-El Nino
2021-11-08,Kalimantan,5.0,Tidak,2021,11,Non-El Nino
2021-11-08,Sulawesi,27.0,Tidak,2021,11,Non-El Nino
2021-11-08,Bali-Nusa Tenggara,22.0,Tidak,2021,11,Non-El Nino
2021-11-08,Maluku,11.0,Tidak,2021,11,Non-El Nino
2021-11-08,Papua,1.0,Tidak,2021,11,Non-El Nino
2021-11-09,Sumatera,38.0,Tidak,2021,11,Non-El Nino
2021-11-09,Jawa,0.0,Tidak,2021,11,Non-El Nino
2021-11-09,Kalimantan,7.0,Tidak,2021,11,Non-El Nino
2021-11-09,Sulawesi,7.0,Tidak,2021,11,Non-El Nino
2021-11-09,Bali-Nusa Tenggara,34.0,Tidak,2021,11,Non-El Nino
2021-11-09,Maluku,12.0,Tidak,2021,11,Non-El Nino
2021-11-09,Papua,14.0,Tidak,2021,11,Non-El Nino
2021-11-10,Sumatera,0.0,Tidak,2021,11,Non-El Nino
2021-11-10,Jawa,0.0,Tidak,2021,11,Non-El Nino
2021-11-10,Kalimantan,3.0,Tidak,2021,11,Non-El Nino
2021-11-10,Sulawesi,22.0,Tidak,2021,11,Non-El Nino
2021-11-10,Bali-Nusa Tenggara,8.0,Tidak,2021,11,Non-El Nino
2021-11-10,Maluku,14.0,Tidak,2021,11,Non-El Nino
2021-11-10,Papua,35.0,Tidak,2021,11,Non-El Nino
2021-11-11,Sumatera,0.0,Tidak,2021,11,Non-El Nino
2021-11-11,Jawa,0.0,Tidak,2021,11,Non-El Nino
2021-11-11,Kalimantan,7.0,Tidak,2021,11,Non-El Nino
2021-11-11,Sulawesi,3.0,Tidak,2021,11,Non-El Nino
2021-11-11,Bali-Nusa Tenggara,1.0,Tidak,2021,11,Non-El Nino
2021-11-11,Maluku,2.0,Tidak,2021,11,Non-El Nino
2021-11-11,Papua,13.0,Tidak,2021,11,Non-El Nino
2021-11-12,Sumatera,4.0,Tidak,2021,11,Non-El Nino
2021-11-12,Jawa,0.0,Tidak,2021,11,Non-El Nino
2021-11-12,Kalimantan,7.0,Tidak,2021,11,Non-El Nino
2021-11-12,Sulawesi,14.0,Tidak,2021,11,Non-El Nino
2021-11-12,Bali-Nusa Tenggara,2.0,Tidak,2021,11,Non-El Nino
2021-11-12,Maluku,5.0,Tidak,2021,11,Non-El Nino
2021-11-12,Papua,33.0,Tidak,2021,11,Non-El Nino
2021-11-13,Sumatera,3.0,Tidak,2021,11,Non-El Nino
2021-11-13,Jawa,0.0,Tidak,2021,11,Non-El Nino
2021-11-13,Kalimantan,0.0,Tidak,2021,11,Non-El Nino
2021-11-13,Sulawesi,12.0,Tidak,2021,11,Non-El Nino
2021-11-13,Bali-Nusa Tenggara,2.0,Tidak,2021,11,Non-El Nino
2021-11-13,Maluku,2.0,Tidak,2021,11,Non-El Nino
2021-11-13,Papua,10.0,Tidak,2021,11,Non-El Nino
2021-11-14,Sumatera,18.0,Tidak,2021,11,Non-El Nino
2021-11-14,Jawa,0.0,Tidak,2021,11,Non-El Nino
2021-11-14,Kalimantan,2.0,Tidak,2021,11,Non-El Nino
2021-11-14,Sulawesi,0.0,Tidak,2021,11,Non-El Nino
2021-11-14,Bali-Nusa Tenggara,1.0,Tidak,2021,11,Non-El Nino
2021-11-14,Maluku,0.0,Tidak,2021,11,Non-El Nino
2021-11-14,Papua,2.0,Tidak,2021,11,Non-El Nino
2021-11-15,Sumatera,27.0,Tidak,2021,11,Non-El Nino
2021-11-15,Jawa,0.0,Tidak,2021,11,Non-El Nino
2021-11-15,Kalimantan,2.0,Tidak,2021,11,Non-El Nino
2021-11-15,Sulawesi,10.0,Tidak,2021,11,Non-El Nino
2021-11-15,Bali-Nusa Tenggara,0.0,Tidak,2021,11,Non-El Nino
2021-11-15,Maluku,0.0,Tidak,2021,11,Non-El Nino
2021-11-15,Papua,0.0,Tidak,2021,11,Non-El Nino
2021-11-16,Sumatera,87.0,Tidak,2021,11,Non-El Nino
2021-11-16,Jawa,3.0,Tidak,2021,11,Non-El Nino
2021-11-16,Kalimantan,3.0,Tidak,2021,11,Non-El Nino
2021-11-16,Sulawesi,1.0,Tidak,2021,11,Non-El Nino
2021-11-16,Bali-Nusa Tenggara,0.0,Tidak,2021,11,Non-El Nino
2021-11-16,Maluku,1.0,Tidak,2021,11,Non-El Nino
2021-11-16,Papua,1.0,Tidak,2021,11,Non-El Nino
2021-11-17,Sumatera,16.0,Tidak,2021,11,Non-El Nino
2021-11-17,Jawa,5.0,Tidak,2021,11,Non-El Nino
2021-11-17,Kalimantan,15.0,Tidak,2021,11,Non-El Nino
2021-11-17,Sulawesi,1.0,Tidak,2021,11,Non-El Nino
2021-11-17,Bali-Nusa Tenggara,6.0,Tidak,2021,11,Non-El Nino
2021-11-17,Maluku,0.0,Tidak,2021,11,Non-El Nino
2021-11-17,Papua,1.0,Tidak,2021,11,Non-El Nino
2021-11-18,Sumatera,2.0,Tidak,2021,11,Non-El Nino
2021-11-18,Jawa,0.0,Tidak,2021,11,Non-El Nino
2021-11-18,Kalimantan,19.0,Tidak,2021,11,Non-El Nino
2021-11-18,Sulawesi,6.0,Tidak,2021,11,Non-El Nino
2021-11-18,Bali-Nusa Tenggara,7.0,Tidak,2021,11,Non-El Nino
2021-11-18,Maluku,4.0,Tidak,2021,11,Non-El Nino
2021-11-18,Papua,1.0,Tidak,2021,11,Non-El Nino
2021-11-19,Sumatera,16.0,Tidak,2021,11,Non-El Nino
2021-11-19,Jawa,0.0,Tidak,2021,11,Non-El Nino
2021-11-19,Kalimantan,1.0,Tidak,2021,11,Non-El Nino
2021-11-19,Sulawesi,2.0,Tidak,2021,11,Non-El Nino
2021-11-19,Bali-Nusa Tenggara,15.0,Tidak,2021,11,Non-El Nino
2021-11-19,Maluku,12.0,Tidak,2021,11,Non-El Nino
2021-11-19,Papua,3.0,Tidak,2021,11,Non-El Nino
2021-11-20,Sumatera,34.0,Tidak,2021,11,Non-El Nino
2021-11-20,Jawa,4.0,Tidak,2021,11,Non-El Nino
2021-11-20,Kalimantan,4.0,Tidak,2021,11,Non-El Nino
2021-11-20,Sulawesi,23.0,Tidak,2021,11,Non-El Nino
2021-11-20,Bali-Nusa Tenggara,0.0,Tidak,2021,11,Non-El Nino
2021-11-20,Maluku,10.0,Tidak,2021,11,Non-El Nino
2021-11-20,Papua,7.0,Tidak,2021,11,Non-El Nino
2021-11-21,Sumatera,1.0,Tidak,2021,11,Non-El Nino
2021-11-21,Jawa,0.0,Tidak,2021,11,Non-El Nino
2021-11-21,Kalimantan,12.0,Tidak,2021,11,Non-El Nino
2021-11-21,Sulawesi,0.0,Tidak,2021,11,Non-El Nino
2021-11-21,Bali-Nusa Tenggara,0.0,Tidak,2021,11,Non-El Nino
2021-11-21,Maluku,6.0,Tidak,2021,11,Non-El Nino
2021-11-21,Papua,2.0,Tidak,2021,11,Non-El Nino
2021-11-22,Sumatera,8.0,Tidak,2021,11,Non-El Nino
2021-11-22,Jawa,1.0,Tidak,2021,11,Non-El Nino
2021-11-22,Kalimantan,52.0,Tidak,2021,11,Non-El Nino
2021-11-22,Sulawesi,15.0,Tidak,2021,11,Non-El Nino
2021-11-22,Bali-Nusa Tenggara,1.0,Tidak,2021,11,Non-El Nino
2021-11-22,Maluku,0.0,Tidak,2021,11,Non-El Nino
2021-11-22,Papua,2.0,Tidak,2021,11,Non-El Nino
2021-11-23,Sumatera,32.0,Tidak,2021,11,Non-El Nino
2021-11-23,Jawa,1.0,Tidak,2021,11,Non-El Nino
2021-11-23,Kalimantan,27.0,Tidak,2021,11,Non-El Nino
2021-11-23,Sulawesi,27.0,Tidak,2021,11,Non-El Nino
2021-11-23,Bali-Nusa Tenggara,16.0,Tidak,2021,11,Non-El Nino
2021-11-23,Maluku,9.0,Tidak,2021,11,Non-El Nino
2021-11-23,Papua,7.0,Tidak,2021,11,Non-El Nino
2021-11-24,Sumatera,5.0,Tidak,2021,11,Non-El Nino
2021-11-24,Jawa,3.0,Tidak,2021,11,Non-El Nino
2021-11-24,Kalimantan,0.0,Tidak,2021,11,Non-El Nino
2021-11-24,Sulawesi,21.0,Tidak,2021,11,Non-El Nino
2021-11-24,Bali-Nusa Tenggara,16.0,Tidak,2021,11,Non-El Nino
2021-11-24,Maluku,5.0,Tidak,2021,11,Non-El Nino
2021-11-24,Papua,1.0,Tidak,2021,11,Non-El Nino
2021-11-25,Sumatera,55.0,Tidak,2021,11,Non-El Nino
2021-11-25,Jawa,1.0,Tidak,2021,11,Non-El Nino
2021-11-25,Kalimantan,5.0,Tidak,2021,11,Non-El Nino
2021-11-25,Sulawesi,14.0,Tidak,2021,11,Non-El Nino
2021-11-25,Bali-Nusa Tenggara,5.0,Tidak,2021,11,Non-El Nino
2021-11-25,Maluku,6.0,Tidak,2021,11,Non-El Nino
2021-11-25,Papua,1.0,Tidak,2021,11,Non-El Nino
2021-11-26,Sumatera,26.0,Tidak,2021,11,Non-El Nino
2021-11-26,Jawa,0.0,Tidak,2021,11,Non-El Nino
2021-11-26,Kalimantan,7.0,Tidak,2021,11,Non-El Nino
2021-11-26,Sulawesi,7.0,Tidak,2021,11,Non-El Nino
2021-11-26,Bali-Nusa Tenggara,0.0,Tidak,2021,11,Non-El Nino
2021-11-26,Maluku,1.0,Tidak,2021,11,Non-El Nino
2021-11-26,Papua,2.0,Tidak,2021,11,Non-El Nino
2021-11-27,Sumatera,2.0,Tidak,2021,11,Non-El Nino
2021-11-27,Jawa,0.0,Tidak,2021,11,Non-El Nino
2021-11-27,Kalimantan,11.0,Tidak,2021,11,Non-El Nino
2021-11-27,Sulawesi,3.0,Tidak,2021,11,Non-El Nino
2021-11-27,Bali-Nusa Tenggara,0.0,Tidak,2021,11,Non-El Nino
2021-11-27,Maluku,0.0,Tidak,2021,11,Non-El Nino
2021-11-27,Papua,3.0,Tidak,2021,11,Non-El Nino
2021-11-28,Sumatera,3.0,Tidak,2021,11,Non-El Nino
2021-11-28,Jawa,2.0,Tidak,2021,11,Non-El Nino
2021-11-28,Kalimantan,0.0,Tidak,2021,11,Non-El Nino
2021-11-28,Sulawesi,1.0,Tidak,2021,11,Non-El Nino
2021-11-28,Bali-Nusa Tenggara,0.0,Tidak,2021,11,Non-El Nino
2021-11-28,Maluku,5.0,Tidak,2021,11,Non-El Nino
2021-11-28,Papua,0.0,Tidak,2021,11,Non-El Nino
2021-11-29,Sumatera,113.0,Tidak,2021,11,Non-El Nino
2021-11-29,Jawa,1.0,Tidak,2021,11,Non-El Nino
2021-11-29,Kalimantan,0.0,Tidak,2021,11,Non-El Nino
2021-11-29,Sulawesi,1.0,Tidak,2021,11,Non-El Nino
2021-11-29,Bali-Nusa Tenggara,0.0,Tidak,2021,11,Non-El Nino
2021-11-29,Maluku,3.0,Tidak,2021,11,Non-El Nino
2021-11-29,Papua,0.0,Tidak,2021,11,Non-El Nino
2021-11-30,Sumatera,60.0,Tidak,2021,11,Non-El Nino
2021-11-30,Jawa,1.0,Tidak,2021,11,Non-El Nino
2021-11-30,Kalimantan,4.0,Tidak,2021,11,Non-El Nino
2021-11-30,Sulawesi,1.0,Tidak,2021,11,Non-El Nino
2021-11-30,Bali-Nusa Tenggara,1.0,Tidak,2021,11,Non-El Nino
2021-11-30,Maluku,1.0,Tidak,2021,11,Non-El Nino
2021-11-30,Papua,0.0,Tidak,2021,11,Non-El Nino
2021-12-01,Sumatera,189.0,Tidak,2021,12,Non-El Nino
2021-12-01,Jawa,4.0,Tidak,2021,12,Non-El Nino
2021-12-01,Kalimantan,15.0,Tidak,2021,12,Non-El Nino
2021-12-01,Sulawesi,2.0,Tidak,2021,12,Non-El Nino
2021-12-01,Bali-Nusa Tenggara,0.0,Tidak,2021,12,Non-El Nino
2021-12-01,Maluku,0.0,Tidak,2021,12,Non-El Nino
2021-12-01,Papua,3.0,Tidak,2021,12,Non-El Nino
2021-12-02,Sumatera,25.0,Tidak,2021,12,Non-El Nino
2021-12-02,Jawa,3.0,Tidak,2021,12,Non-El Nino
2021-12-02,Kalimantan,33.0,Tidak,2021,12,Non-El Nino
2021-12-02,Sulawesi,0.0,Tidak,2021,12,Non-El Nino
2021-12-02,Bali-Nusa Tenggara,0.0,Tidak,2021,12,Non-El Nino
2021-12-02,Maluku,0.0,Tidak,2021,12,Non-El Nino
2021-12-02,Papua,0.0,Tidak,2021,12,Non-El Nino
2021-12-03,Sumatera,16.0,Tidak,2021,12,Non-El Nino
2021-12-03,Jawa,4.0,Tidak,2021,12,Non-El Nino
2021-12-03,Kalimantan,7.0,Tidak,2021,12,Non-El Nino
2021-12-03,Sulawesi,17.0,Tidak,2021,12,Non-El Nino
2021-12-03,Bali-Nusa Tenggara,1.0,Tidak,2021,12,Non-El Nino
2021-12-03,Maluku,0.0,Tidak,2021,12,Non-El Nino
2021-12-03,Papua,1.0,Tidak,2021,12,Non-El Nino
2021-12-04,Sumatera,5.0,Tidak,2021,12,Non-El Nino
2021-12-04,Jawa,0.0,Tidak,2021,12,Non-El Nino
2021-12-04,Kalimantan,2.0,Tidak,2021,12,Non-El Nino
2021-12-04,Sulawesi,0.0,Tidak,2021,12,Non-El Nino
2021-12-04,Bali-Nusa Tenggara,1.0,Tidak,2021,12,Non-El Nino
2021-12-04,Maluku,0.0,Tidak,2021,12,Non-El Nino
2021-12-04,Papua,0.0,Tidak,2021,12,Non-El Nino
2021-12-05,Sumatera,1.0,Tidak,2021,12,Non-El Nino
2021-12-05,Jawa,0.0,Tidak,2021,12,Non-El Nino
2021-12-05,Kalimantan,4.0,Tidak,2021,12,Non-El Nino
2021-12-05,Sulawesi,2.0,Tidak,2021,12,Non-El Nino
2021-12-05,Bali-Nusa Tenggara,0.0,Tidak,2021,12,Non-El Nino
2021-12-05,Maluku,0.0,Tidak,2021,12,Non-El Nino
2021-12-05,Papua,0.0,Tidak,2021,12,Non-El Nino
2021-12-06,Sumatera,8.0,Tidak,2021,12,Non-El Nino
2021-12-06,Jawa,0.0,Tidak,2021,12,Non-El Nino
2021-12-06,Kalimantan,0.0,Tidak,2021,12,Non-El Nino
2021-12-06,Sulawesi,0.0,Tidak,2021,12,Non-El Nino
2021-12-06,Bali-Nusa Tenggara,0.0,Tidak,2021,12,Non-El Nino
2021-12-06,Maluku,4.0,Tidak,2021,12,Non-El Nino
2021-12-06,Papua,3.0,Tidak,2021,12,Non-El Nino
2021-12-07,Sumatera,8.0,Tidak,2021,12,Non-El Nino
2021-12-07,Jawa,1.0,Tidak,2021,12,Non-El Nino
2021-12-07,Kalimantan,10.0,Tidak,2021,12,Non-El Nino
2021-12-07,Sulawesi,1.0,Tidak,2021,12,Non-El Nino
2021-12-07,Bali-Nusa Tenggara,0.0,Tidak,2021,12,Non-El Nino
2021-12-07,Maluku,0.0,Tidak,2021,12,Non-El Nino
2021-12-07,Papua,4.0,Tidak,2021,12,Non-El Nino
2021-12-08,Sumatera,30.0,Tidak,2021,12,Non-El Nino
2021-12-08,Jawa,5.0,Tidak,2021,12,Non-El Nino
2021-12-08,Kalimantan,2.0,Tidak,2021,12,Non-El Nino
2021-12-08,Sulawesi,3.0,Tidak,2021,12,Non-El Nino
2021-12-08,Bali-Nusa Tenggara,0.0,Tidak,2021,12,Non-El Nino
2021-12-08,Maluku,0.0,Tidak,2021,12,Non-El Nino
2021-12-08,Papua,7.0,Tidak,2021,12,Non-El Nino
2021-12-09,Sumatera,19.0,Tidak,2021,12,Non-El Nino
2021-12-09,Jawa,6.0,Tidak,2021,12,Non-El Nino
2021-12-09,Kalimantan,6.0,Tidak,2021,12,Non-El Nino
2021-12-09,Sulawesi,33.0,Tidak,2021,12,Non-El Nino
2021-12-09,Bali-Nusa Tenggara,1.0,Tidak,2021,12,Non-El Nino
2021-12-09,Maluku,0.0,Tidak,2021,12,Non-El Nino
2021-12-09,Papua,1.0,Tidak,2021,12,Non-El Nino
2021-12-10,Sumatera,2.0,Tidak,2021,12,Non-El Nino
2021-12-10,Jawa,2.0,Tidak,2021,12,Non-El Nino
2021-12-10,Kalimantan,0.0,Tidak,2021,12,Non-El Nino
2021-12-10,Sulawesi,33.0,Tidak,2021,12,Non-El Nino
2021-12-10,Bali-Nusa Tenggara,0.0,Tidak,2021,12,Non-El Nino
2021-12-10,Maluku,3.0,Tidak,2021,12,Non-El Nino
2021-12-10,Papua,0.0,Tidak,2021,12,Non-El Nino
2021-12-11,Sumatera,3.0,Tidak,2021,12,Non-El Nino
2021-12-11,Jawa,0.0,Tidak,2021,12,Non-El Nino
2021-12-11,Kalimantan,2.0,Tidak,2021,12,Non-El Nino
2021-12-11,Sulawesi,18.0,Tidak,2021,12,Non-El Nino
2021-12-11,Bali-Nusa Tenggara,2.0,Tidak,2021,12,Non-El Nino
2021-12-11,Maluku,4.0,Tidak,2021,12,Non-El Nino
2021-12-11,Papua,0.0,Tidak,2021,12,Non-El Nino
2021-12-12,Sumatera,1.0,Tidak,2021,12,Non-El Nino
2021-12-12,Jawa,4.0,Tidak,2021,12,Non-El Nino
2021-12-12,Kalimantan,7.0,Tidak,2021,12,Non-El Nino
2021-12-12,Sulawesi,3.0,Tidak,2021,12,Non-El Nino
2021-12-12,Bali-Nusa Tenggara,0.0,Tidak,2021,12,Non-El Nino
2021-12-12,Maluku,0.0,Tidak,2021,12,Non-El Nino
2021-12-12,Papua,2.0,Tidak,2021,12,Non-El Nino
2021-12-13,Sumatera,4.0,Tidak,2021,12,Non-El Nino
2021-12-13,Jawa,5.0,Tidak,2021,12,Non-El Nino
2021-12-13,Kalimantan,4.0,Tidak,2021,12,Non-El Nino
2021-12-13,Sulawesi,1.0,Tidak,2021,12,Non-El Nino
2021-12-13,Bali-Nusa Tenggara,0.0,Tidak,2021,12,Non-El Nino
2021-12-13,Maluku,2.0,Tidak,2021,12,Non-El Nino
2021-12-13,Papua,0.0,Tidak,2021,12,Non-El Nino
2021-12-14,Sumatera,7.0,Tidak,2021,12,Non-El Nino
2021-12-14,Jawa,2.0,Tidak,2021,12,Non-El Nino
2021-12-14,Kalimantan,0.0,Tidak,2021,12,Non-El Nino
2021-12-14,Sulawesi,9.0,Tidak,2021,12,Non-El Nino
2021-12-14,Bali-Nusa Tenggara,5.0,Tidak,2021,12,Non-El Nino
2021-12-14,Maluku,0.0,Tidak,2021,12,Non-El Nino
2021-12-14,Papua,5.0,Tidak,2021,12,Non-El Nino
2021-12-15,Sumatera,11.0,Tidak,2021,12,Non-El Nino
2021-12-15,Jawa,1.0,Tidak,2021,12,Non-El Nino
2021-12-15,Kalimantan,2.0,Tidak,2021,12,Non-El Nino
2021-12-15,Sulawesi,29.0,Tidak,2021,12,Non-El Nino
2021-12-15,Bali-Nusa Tenggara,4.0,Tidak,2021,12,Non-El Nino
2021-12-15,Maluku,2.0,Tidak,2021,12,Non-El Nino
2021-12-15,Papua,0.0,Tidak,2021,12,Non-El Nino
2021-12-16,Sumatera,2.0,Tidak,2021,12,Non-El Nino
2021-12-16,Jawa,7.0,Tidak,2021,12,Non-El Nino
2021-12-16,Kalimantan,0.0,Tidak,2021,12,Non-El Nino
2021-12-16,Sulawesi,4.0,Tidak,2021,12,Non-El Nino
2021-12-16,Bali-Nusa Tenggara,3.0,Tidak,2021,12,Non-El Nino
2021-12-16,Maluku,6.0,Tidak,2021,12,Non-El Nino
2021-12-16,Papua,1.0,Tidak,2021,12,Non-El Nino
2021-12-17,Sumatera,2.0,Tidak,2021,12,Non-El Nino
2021-12-17,Jawa,3.0,Tidak,2021,12,Non-El Nino
2021-12-17,Kalimantan,2.0,Tidak,2021,12,Non-El Nino
2021-12-17,Sulawesi,3.0,Tidak,2021,12,Non-El Nino
2021-12-17,Bali-Nusa Tenggara,1.0,Tidak,2021,12,Non-El Nino
2021-12-17,Maluku,3.0,Tidak,2021,12,Non-El Nino
2021-12-17,Papua,2.0,Tidak,2021,12,Non-El Nino
2021-12-18,Sumatera,4.0,Tidak,2021,12,Non-El Nino
2021-12-18,Jawa,3.0,Tidak,2021,12,Non-El Nino
2021-12-18,Kalimantan,3.0,Tidak,2021,12,Non-El Nino
2021-12-18,Sulawesi,12.0,Tidak,2021,12,Non-El Nino
2021-12-18,Bali-Nusa Tenggara,4.0,Tidak,2021,12,Non-El Nino
2021-12-18,Maluku,0.0,Tidak,2021,12,Non-El Nino
2021-12-18,Papua,1.0,Tidak,2021,12,Non-El Nino
2021-12-19,Sumatera,1.0,Tidak,2021,12,Non-El Nino
2021-12-19,Jawa,0.0,Tidak,2021,12,Non-El Nino
2021-12-19,Kalimantan,1.0,Tidak,2021,12,Non-El Nino
2021-12-19,Sulawesi,5.0,Tidak,2021,12,Non-El Nino
2021-12-19,Bali-Nusa Tenggara,1.0,Tidak,2021,12,Non-El Nino
2021-12-19,Maluku,0.0,Tidak,2021,12,Non-El Nino
2021-12-19,Papua,3.0,Tidak,2021,12,Non-El Nino
2021-12-20,Sumatera,0.0,Tidak,2021,12,Non-El Nino
2021-12-20,Jawa,0.0,Tidak,2021,12,Non-El Nino
2021-12-20,Kalimantan,0.0,Tidak,2021,12,Non-El Nino
2021-12-20,Sulawesi,9.0,Tidak,2021,12,Non-El Nino
2021-12-20,Bali-Nusa Tenggara,0.0,Tidak,2021,12,Non-El Nino
2021-12-20,Maluku,0.0,Tidak,2021,12,Non-El Nino
2021-12-20,Papua,1.0,Tidak,2021,12,Non-El Nino
2021-12-21,Sumatera,6.0,Tidak,2021,12,Non-El Nino
2021-12-21,Jawa,0.0,Tidak,2021,12,Non-El Nino
2021-12-21,Kalimantan,0.0,Tidak,2021,12,Non-El Nino
2021-12-21,Sulawesi,3.0,Tidak,2021,12,Non-El Nino
2021-12-21,Bali-Nusa Tenggara,0.0,Tidak,2021,12,Non-El Nino
2021-12-21,Maluku,0.0,Tidak,2021,12,Non-El Nino
2021-12-21,Papua,1.0,Tidak,2021,12,Non-El Nino
2021-12-22,Sumatera,14.0,Tidak,2021,12,Non-El Nino
2021-12-22,Jawa,10.0,Tidak,2021,12,Non-El Nino
2021-12-22,Kalimantan,8.0,Tidak,2021,12,Non-El Nino
2021-12-22,Sulawesi,0.0,Tidak,2021,12,Non-El Nino
2021-12-22,Bali-Nusa Tenggara,0.0,Tidak,2021,12,Non-El Nino
2021-12-22,Maluku,0.0,Tidak,2021,12,Non-El Nino
2021-12-22,Papua,0.0,Tidak,2021,12,Non-El Nino
2021-12-23,Sumatera,4.0,Tidak,2021,12,Non-El Nino
2021-12-23,Jawa,4.0,Tidak,2021,12,Non-El Nino
2021-12-23,Kalimantan,11.0,Tidak,2021,12,Non-El Nino
2021-12-23,Sulawesi,0.0,Tidak,2021,12,Non-El Nino
2021-12-23,Bali-Nusa Tenggara,0.0,Tidak,2021,12,Non-El Nino
2021-12-23,Maluku,0.0,Tidak,2021,12,Non-El Nino
2021-12-23,Papua,0.0,Tidak,2021,12,Non-El Nino
2021-12-24,Sumatera,8.0,Tidak,2021,12,Non-El Nino
2021-12-24,Jawa,13.0,Tidak,2021,12,Non-El Nino
2021-12-24,Kalimantan,4.0,Tidak,2021,12,Non-El Nino
2021-12-24,Sulawesi,2.0,Tidak,2021,12,Non-El Nino
2021-12-24,Bali-Nusa Tenggara,0.0,Tidak,2021,12,Non-El Nino
2021-12-24,Maluku,0.0,Tidak,2021,12,Non-El Nino
2021-12-24,Papua,1.0,Tidak,2021,12,Non-El Nino
2021-12-25,Sumatera,19.0,Tidak,2021,12,Non-El Nino
2021-12-25,Jawa,0.0,Tidak,2021,12,Non-El Nino
2021-12-25,Kalimantan,4.0,Tidak,2021,12,Non-El Nino
2021-12-25,Sulawesi,6.0,Tidak,2021,12,Non-El Nino
2021-12-25,Bali-Nusa Tenggara,0.0,Tidak,2021,12,Non-El Nino
2021-12-25,Maluku,0.0,Tidak,2021,12,Non-El Nino
2021-12-25,Papua,0.0,Tidak,2021,12,Non-El Nino
2021-12-26,Sumatera,42.0,Tidak,2021,12,Non-El Nino
2021-12-26,Jawa,6.0,Tidak,2021,12,Non-El Nino
2021-12-26,Kalimantan,3.0,Tidak,2021,12,Non-El Nino
2021-12-26,Sulawesi,11.0,Tidak,2021,12,Non-El Nino
2021-12-26,Bali-Nusa Tenggara,0.0,Tidak,2021,12,Non-El Nino
2021-12-26,Maluku,2.0,Tidak,2021,12,Non-El Nino
2021-12-26,Papua,0.0,Tidak,2021,12,Non-El Nino
2021-12-27,Sumatera,25.0,Tidak,2021,12,Non-El Nino
2021-12-27,Jawa,2.0,Tidak,2021,12,Non-El Nino
2021-12-27,Kalimantan,4.0,Tidak,2021,12,Non-El Nino
2021-12-27,Sulawesi,1.0,Tidak,2021,12,Non-El Nino
2021-12-27,Bali-Nusa Tenggara,0.0,Tidak,2021,12,Non-El Nino
2021-12-27,Maluku,3.0,Tidak,2021,12,Non-El Nino
2021-12-27,Papua,0.0,Tidak,2021,12,Non-El Nino
2021-12-28,Sumatera,13.0,Tidak,2021,12,Non-El Nino
2021-12-28,Jawa,0.0,Tidak,2021,12,Non-El Nino
2021-12-28,Kalimantan,13.0,Tidak,2021,12,Non-El Nino
2021-12-28,Sulawesi,3.0,Tidak,2021,12,Non-El Nino
2021-12-28,Bali-Nusa Tenggara,0.0,Tidak,2021,12,Non-El Nino
2021-12-28,Maluku,0.0,Tidak,2021,12,Non-El Nino
2021-12-28,Papua,0.0,Tidak,2021,12,Non-El Nino
2021-12-29,Sumatera,13.0,Tidak,2021,12,Non-El Nino
2021-12-29,Jawa,1.0,Tidak,2021,12,Non-El Nino
2021-12-29,Kalimantan,1.0,Tidak,2021,12,Non-El Nino
2021-12-29,Sulawesi,13.0,Tidak,2021,12,Non-El Nino
2021-12-29,Bali-Nusa Tenggara,0.0,Tidak,2021,12,Non-El Nino
2021-12-29,Maluku,3.0,Tidak,2021,12,Non-El Nino
2021-12-29,Papua,2.0,Tidak,2021,12,Non-El Nino
2021-12-30,Sumatera,24.0,Tidak,2021,12,Non-El Nino
2021-12-30,Jawa,1.0,Tidak,2021,12,Non-El Nino
2021-12-30,Kalimantan,4.0,Tidak,2021,12,Non-El Nino
2021-12-30,Sulawesi,7.0,Tidak,2021,12,Non-El Nino
2021-12-30,Bali-Nusa Tenggara,0.0,Tidak,2021,12,Non-El Nino
2021-12-30,Maluku,2.0,Tidak,2021,12,Non-El Nino
2021-12-30,Papua,0.0,Tidak,2021,12,Non-El Nino
2021-12-31,Sumatera,1.0,Tidak,2021,12,Non-El Nino
2021-12-31,Jawa,0.0,Tidak,2021,12,Non-El Nino
2021-12-31,Kalimantan,0.0,Tidak,2021,12,Non-El Nino
2021-12-31,Sulawesi,3.0,Tidak,2021,12,Non-El Nino
2021-12-31,Bali-Nusa Tenggara,1.0,Tidak,2021,12,Non-El Nino
2021-12-31,Maluku,0.0,Tidak,2021,12,Non-El Nino
2021-12-31,Papua,0.0,Tidak,2021,12,Non-El Nino
2022-01-01,Sumatera,2.0,Tidak,2022,1,Non-El Nino
2022-01-01,Jawa,0.0,Tidak,2022,1,Non-El Nino
2022-01-01,Kalimantan,6.0,Tidak,2022,1,Non-El Nino
2022-01-01,Sulawesi,2.0,Tidak,2022,1,Non-El Nino
2022-01-01,Bali-Nusa Tenggara,0.0,Tidak,2022,1,Non-El Nino
2022-01-01,Maluku,0.0,Tidak,2022,1,Non-El Nino
2022-01-01,Papua,0.0,Tidak,2022,1,Non-El Nino
2022-01-02,Sumatera,2.0,Tidak,2022,1,Non-El Nino
2022-01-02,Jawa,1.0,Tidak,2022,1,Non-El Nino
2022-01-02,Kalimantan,2.0,Tidak,2022,1,Non-El Nino
2022-01-02,Sulawesi,0.0,Tidak,2022,1,Non-El Nino
2022-01-02,Bali-Nusa Tenggara,0.0,Tidak,2022,1,Non-El Nino
2022-01-02,Maluku,0.0,Tidak,2022,1,Non-El Nino
2022-01-02,Papua,0.0,Tidak,2022,1,Non-El Nino
2022-01-03,Sumatera,1.0,Tidak,2022,1,Non-El Nino
2022-01-03,Jawa,4.0,Tidak,2022,1,Non-El Nino
2022-01-03,Kalimantan,0.0,Tidak,2022,1,Non-El Nino
2022-01-03,Sulawesi,2.0,Tidak,2022,1,Non-El Nino
2022-01-03,Bali-Nusa Tenggara,0.0,Tidak,2022,1,Non-El Nino
2022-01-03,Maluku,2.0,Tidak,2022,1,Non-El Nino
2022-01-03,Papua,7.0,Tidak,2022,1,Non-El Nino
2022-01-04,Sumatera,6.0,Tidak,2022,1,Non-El Nino
2022-01-04,Jawa,7.0,Tidak,2022,1,Non-El Nino
2022-01-04,Kalimantan,4.0,Tidak,2022,1,Non-El Nino
2022-01-04,Sulawesi,0.0,Tidak,2022,1,Non-El Nino
2022-01-04,Bali-Nusa Tenggara,0.0,Tidak,2022,1,Non-El Nino
2022-01-04,Maluku,0.0,Tidak,2022,1,Non-El Nino
2022-01-04,Papua,1.0,Tidak,2022,1,Non-El Nino
2022-01-05,Sumatera,22.0,Tidak,2022,1,Non-El Nino
2022-01-05,Jawa,5.0,Tidak,2022,1,Non-El Nino
2022-01-05,Kalimantan,11.0,Tidak,2022,1,Non-El Nino
2022-01-05,Sulawesi,11.0,Tidak,2022,1,Non-El Nino
2022-01-05,Bali-Nusa Tenggara,0.0,Tidak,2022,1,Non-El Nino
2022-01-05,Maluku,0.0,Tidak,2022,1,Non-El Nino
2022-01-05,Papua,0.0,Tidak,2022,1,Non-El Nino
2022-01-06,Sumatera,36.0,Tidak,2022,1,Non-El Nino
2022-01-06,Jawa,2.0,Tidak,2022,1,Non-El Nino
2022-01-06,Kalimantan,3.0,Tidak,2022,1,Non-El Nino
2022-01-06,Sulawesi,0.0,Tidak,2022,1,Non-El Nino
2022-01-06,Bali-Nusa Tenggara,2.0,Tidak,2022,1,Non-El Nino
2022-01-06,Maluku,1.0,Tidak,2022,1,Non-El Nino
2022-01-06,Papua,0.0,Tidak,2022,1,Non-El Nino
2022-01-07,Sumatera,6.0,Tidak,2022,1,Non-El Nino
2022-01-07,Jawa,0.0,Tidak,2022,1,Non-El Nino
2022-01-07,Kalimantan,3.0,Tidak,2022,1,Non-El Nino
2022-01-07,Sulawesi,0.0,Tidak,2022,1,Non-El Nino
2022-01-07,Bali-Nusa Tenggara,0.0,Tidak,2022,1,Non-El Nino
2022-01-07,Maluku,0.0,Tidak,2022,1,Non-El Nino
2022-01-07,Papua,2.0,Tidak,2022,1,Non-El Nino
2022-01-08,Sumatera,15.0,Tidak,2022,1,Non-El Nino
2022-01-08,Jawa,3.0,Tidak,2022,1,Non-El Nino
2022-01-08,Kalimantan,1.0,Tidak,2022,1,Non-El Nino
2022-01-08,Sulawesi,1.0,Tidak,2022,1,Non-El Nino
2022-01-08,Bali-Nusa Tenggara,0.0,Tidak,2022,1,Non-El Nino
2022-01-08,Maluku,3.0,Tidak,2022,1,Non-El Nino
2022-01-08,Papua,7.0,Tidak,2022,1,Non-El Nino
2022-01-09,Sumatera,8.0,Tidak,2022,1,Non-El Nino
2022-01-09,Jawa,1.0,Tidak,2022,1,Non-El Nino
2022-01-09,Kalimantan,10.0,Tidak,2022,1,Non-El Nino
2022-01-09,Sulawesi,10.0,Tidak,2022,1,Non-El Nino
2022-01-09,Bali-Nusa Tenggara,1.0,Tidak,2022,1,Non-El Nino
2022-01-09,Maluku,0.0,Tidak,2022,1,Non-El Nino
2022-01-09,Papua,2.0,Tidak,2022,1,Non-El Nino
2022-01-10,Sumatera,0.0,Tidak,2022,1,Non-El Nino
2022-01-10,Jawa,0.0,Tidak,2022,1,Non-El Nino
2022-01-10,Kalimantan,5.0,Tidak,2022,1,Non-El Nino
2022-01-10,Sulawesi,9.0,Tidak,2022,1,Non-El Nino
2022-01-10,Bali-Nusa Tenggara,0.0,Tidak,2022,1,Non-El Nino
2022-01-10,Maluku,2.0,Tidak,2022,1,Non-El Nino
2022-01-10,Papua,1.0,Tidak,2022,1,Non-El Nino
2022-01-11,Sumatera,7.0,Tidak,2022,1,Non-El Nino
2022-01-11,Jawa,1.0,Tidak,2022,1,Non-El Nino
2022-01-11,Kalimantan,5.0,Tidak,2022,1,Non-El Nino
2022-01-11,Sulawesi,1.0,Tidak,2022,1,Non-El Nino
2022-01-11,Bali-Nusa Tenggara,1.0,Tidak,2022,1,Non-El Nino
2022-01-11,Maluku,5.0,Tidak,2022,1,Non-El Nino
2022-01-11,Papua,11.0,Tidak,2022,1,Non-El Nino
2022-01-12,Sumatera,15.0,Tidak,2022,1,Non-El Nino
2022-01-12,Jawa,0.0,Tidak,2022,1,Non-El Nino
2022-01-12,Kalimantan,2.0,Tidak,2022,1,Non-El Nino
2022-01-12,Sulawesi,1.0,Tidak,2022,1,Non-El Nino
2022-01-12,Bali-Nusa Tenggara,0.0,Tidak,2022,1,Non-El Nino
2022-01-12,Maluku,4.0,Tidak,2022,1,Non-El Nino
2022-01-12,Papua,4.0,Tidak,2022,1,Non-El Nino
2022-01-13,Sumatera,25.0,Tidak,2022,1,Non-El Nino
2022-01-13,Jawa,0.0,Tidak,2022,1,Non-El Nino
2022-01-13,Kalimantan,2.0,Tidak,2022,1,Non-El Nino
2022-01-13,Sulawesi,1.0,Tidak,2022,1,Non-El Nino
2022-01-13,Bali-Nusa Tenggara,0.0,Tidak,2022,1,Non-El Nino
2022-01-13,Maluku,1.0,Tidak,2022,1,Non-El Nino
2022-01-13,Papua,3.0,Tidak,2022,1,Non-El Nino
2022-01-14,Sumatera,30.0,Tidak,2022,1,Non-El Nino
2022-01-14,Jawa,9.0,Tidak,2022,1,Non-El Nino
2022-01-14,Kalimantan,0.0,Tidak,2022,1,Non-El Nino
2022-01-14,Sulawesi,17.0,Tidak,2022,1,Non-El Nino
2022-01-14,Bali-Nusa Tenggara,0.0,Tidak,2022,1,Non-El Nino
2022-01-14,Maluku,1.0,Tidak,2022,1,Non-El Nino
2022-01-14,Papua,10.0,Tidak,2022,1,Non-El Nino
2022-01-15,Sumatera,44.0,Tidak,2022,1,Non-El Nino
2022-01-15,Jawa,2.0,Tidak,2022,1,Non-El Nino
2022-01-15,Kalimantan,0.0,Tidak,2022,1,Non-El Nino
2022-01-15,Sulawesi,13.0,Tidak,2022,1,Non-El Nino
2022-01-15,Bali-Nusa Tenggara,0.0,Tidak,2022,1,Non-El Nino
2022-01-15,Maluku,0.0,Tidak,2022,1,Non-El Nino
2022-01-15,Papua,6.0,Tidak,2022,1,Non-El Nino
2022-01-16,Sumatera,38.0,Tidak,2022,1,Non-El Nino
2022-01-16,Jawa,3.0,Tidak,2022,1,Non-El Nino
2022-01-16,Kalimantan,5.0,Tidak,2022,1,Non-El Nino
2022-01-16,Sulawesi,4.0,Tidak,2022,1,Non-El Nino
2022-01-16,Bali-Nusa Tenggara,1.0,Tidak,2022,1,Non-El Nino
2022-01-16,Maluku,0.0,Tidak,2022,1,Non-El Nino
2022-01-16,Papua,0.0,Tidak,2022,1,Non-El Nino
2022-01-17,Sumatera,20.0,Tidak,2022,1,Non-El Nino
2022-01-17,Jawa,0.0,Tidak,2022,1,Non-El Nino
2022-01-17,Kalimantan,7.0,Tidak,2022,1,Non-El Nino
2022-01-17,Sulawesi,2.0,Tidak,2022,1,Non-El Nino
2022-01-17,Bali-Nusa Tenggara,0.0,Tidak,2022,1,Non-El Nino
2022-01-17,Maluku,0.0,Tidak,2022,1,Non-El Nino
2022-01-17,Papua,5.0,Tidak,2022,1,Non-El Nino
2022-01-18,Sumatera,4.0,Tidak,2022,1,Non-El Nino
2022-01-18,Jawa,1.0,Tidak,2022,1,Non-El Nino
2022-01-18,Kalimantan,8.0,Tidak,2022,1,Non-El Nino
2022-01-18,Sulawesi,1.0,Tidak,2022,1,Non-El Nino
2022-01-18,Bali-Nusa Tenggara,0.0,Tidak,2022,1,Non-El Nino
2022-01-18,Maluku,0.0,Tidak,2022,1,Non-El Nino
2022-01-18,Papua,0.0,Tidak,2022,1,Non-El Nino
2022-01-19,Sumatera,0.0,Tidak,2022,1,Non-El Nino
2022-01-19,Jawa,0.0,Tidak,2022,1,Non-El Nino
2022-01-19,Kalimantan,5.0,Tidak,2022,1,Non-El Nino
2022-01-19,Sulawesi,0.0,Tidak,2022,1,Non-El Nino
2022-01-19,Bali-Nusa Tenggara,0.0,Tidak,2022,1,Non-El Nino
2022-01-19,Maluku,0.0,Tidak,2022,1,Non-El Nino
2022-01-19,Papua,1.0,Tidak,2022,1,Non-El Nino
2022-01-20,Sumatera,19.0,Tidak,2022,1,Non-El Nino
2022-01-20,Jawa,1.0,Tidak,2022,1,Non-El Nino
2022-01-20,Kalimantan,1.0,Tidak,2022,1,Non-El Nino
2022-01-20,Sulawesi,2.0,Tidak,2022,1,Non-El Nino
2022-01-20,Bali-Nusa Tenggara,0.0,Tidak,2022,1,Non-El Nino
2022-01-20,Maluku,0.0,Tidak,2022,1,Non-El Nino
2022-01-20,Papua,1.0,Tidak,2022,1,Non-El Nino
2022-01-21,Sumatera,19.0,Tidak,2022,1,Non-El Nino
2022-01-21,Jawa,1.0,Tidak,2022,1,Non-El Nino
2022-01-21,Kalimantan,4.0,Tidak,2022,1,Non-El Nino
2022-01-21,Sulawesi,3.0,Tidak,2022,1,Non-El Nino
2022-01-21,Bali-Nusa Tenggara,0.0,Tidak,2022,1,Non-El Nino
2022-01-21,Maluku,0.0,Tidak,2022,1,Non-El Nino
2022-01-21,Papua,1.0,Tidak,2022,1,Non-El Nino
2022-01-22,Sumatera,22.0,Tidak,2022,1,Non-El Nino
2022-01-22,Jawa,1.0,Tidak,2022,1,Non-El Nino
2022-01-22,Kalimantan,12.0,Tidak,2022,1,Non-El Nino
2022-01-22,Sulawesi,15.0,Tidak,2022,1,Non-El Nino
2022-01-22,Bali-Nusa Tenggara,0.0,Tidak,2022,1,Non-El Nino
2022-01-22,Maluku,0.0,Tidak,2022,1,Non-El Nino
2022-01-22,Papua,0.0,Tidak,2022,1,Non-El Nino
2022-01-23,Sumatera,53.0,Tidak,2022,1,Non-El Nino
2022-01-23,Jawa,3.0,Tidak,2022,1,Non-El Nino
2022-01-23,Kalimantan,9.0,Tidak,2022,1,Non-El Nino
2022-01-23,Sulawesi,11.0,Tidak,2022,1,Non-El Nino
2022-01-23,Bali-Nusa Tenggara,4.0,Tidak,2022,1,Non-El Nino
2022-01-23,Maluku,1.0,Tidak,2022,1,Non-El Nino
2022-01-23,Papua,0.0,Tidak,2022,1,Non-El Nino
2022-01-24,Sumatera,5.0,Tidak,2022,1,Non-El Nino
2022-01-24,Jawa,10.0,Tidak,2022,1,Non-El Nino
2022-01-24,Kalimantan,26.0,Tidak,2022,1,Non-El Nino
2022-01-24,Sulawesi,19.0,Tidak,2022,1,Non-El Nino
2022-01-24,Bali-Nusa Tenggara,3.0,Tidak,2022,1,Non-El Nino
2022-01-24,Maluku,3.0,Tidak,2022,1,Non-El Nino
2022-01-24,Papua,3.0,Tidak,2022,1,Non-El Nino
2022-01-25,Sumatera,10.0,Tidak,2022,1,Non-El Nino
2022-01-25,Jawa,4.0,Tidak,2022,1,Non-El Nino
2022-01-25,Kalimantan,10.0,Tidak,2022,1,Non-El Nino
2022-01-25,Sulawesi,10.0,Tidak,2022,1,Non-El Nino
2022-01-25,Bali-Nusa Tenggara,3.0,Tidak,2022,1,Non-El Nino
2022-01-25,Maluku,3.0,Tidak,2022,1,Non-El Nino
2022-01-25,Papua,15.0,Tidak,2022,1,Non-El Nino
2022-01-26,Sumatera,18.0,Tidak,2022,1,Non-El Nino
2022-01-26,Jawa,1.0,Tidak,2022,1,Non-El Nino
2022-01-26,Kalimantan,21.0,Tidak,2022,1,Non-El Nino
2022-01-26,Sulawesi,58.0,Tidak,2022,1,Non-El Nino
2022-01-26,Bali-Nusa Tenggara,0.0,Tidak,2022,1,Non-El Nino
2022-01-26,Maluku,1.0,Tidak,2022,1,Non-El Nino
2022-01-26,Papua,3.0,Tidak,2022,1,Non-El Nino
2022-01-27,Sumatera,54.0,Tidak,2022,1,Non-El Nino
2022-01-27,Jawa,0.0,Tidak,2022,1,Non-El Nino
2022-01-27,Kalimantan,9.0,Tidak,2022,1,Non-El Nino
2022-01-27,Sulawesi,20.0,Tidak,2022,1,Non-El Nino
2022-01-27,Bali-Nusa Tenggara,0.0,Tidak,2022,1,Non-El Nino
2022-01-27,Maluku,1.0,Tidak,2022,1,Non-El Nino
2022-01-27,Papua,3.0,Tidak,2022,1,Non-El Nino
2022-01-28,Sumatera,98.0,Tidak,2022,1,Non-El Nino
2022-01-28,Jawa,0.0,Tidak,2022,1,Non-El Nino
2022-01-28,Kalimantan,1.0,Tidak,2022,1,Non-El Nino
2022-01-28,Sulawesi,2.0,Tidak,2022,1,Non-El Nino
2022-01-28,Bali-Nusa Tenggara,0.0,Tidak,2022,1,Non-El Nino
2022-01-28,Maluku,6.0,Tidak,2022,1,Non-El Nino
2022-01-28,Papua,11.0,Tidak,2022,1,Non-El Nino
2022-01-29,Sumatera,61.0,Tidak,2022,1,Non-El Nino
2022-01-29,Jawa,2.0,Tidak,2022,1,Non-El Nino
2022-01-29,Kalimantan,21.0,Tidak,2022,1,Non-El Nino
2022-01-29,Sulawesi,4.0,Tidak,2022,1,Non-El Nino
2022-01-29,Bali-Nusa Tenggara,0.0,Tidak,2022,1,Non-El Nino
2022-01-29,Maluku,1.0,Tidak,2022,1,Non-El Nino
2022-01-29,Papua,7.0,Tidak,2022,1,Non-El Nino
2022-01-30,Sumatera,26.0,Tidak,2022,1,Non-El Nino
2022-01-30,Jawa,2.0,Tidak,2022,1,Non-El Nino
2022-01-30,Kalimantan,13.0,Tidak,2022,1,Non-El Nino
2022-01-30,Sulawesi,5.0,Tidak,2022,1,Non-El Nino
2022-01-30,Bali-Nusa Tenggara,0.0,Tidak,2022,1,Non-El Nino
2022-01-30,Maluku,1.0,Tidak,2022,1,Non-El Nino
2022-01-30,Papua,0.0,Tidak,2022,1,Non-El Nino
2022-01-31,Sumatera,17.0,Tidak,2022,1,Non-El Nino
2022-01-31,Jawa,0.0,Tidak,2022,1,Non-El Nino
2022-01-31,Kalimantan,58.0,Tidak,2022,1,Non-El Nino
2022-01-31,Sulawesi,30.0,Tidak,2022,1,Non-El Nino
2022-01-31,Bali-Nusa Tenggara,0.0,Tidak,2022,1,Non-El Nino
2022-01-31,Maluku,2.0,Tidak,2022,1,Non-El Nino
2022-01-31,Papua,2.0,Tidak,2022,1,Non-El Nino
2022-02-01,Sumatera,24.0,Tidak,2022,2,Non-El Nino
2022-02-01,Jawa,0.0,Tidak,2022,2,Non-El Nino
2022-02-01,Kalimantan,25.0,Tidak,2022,2,Non-El Nino
2022-02-01,Sulawesi,31.0,Tidak,2022,2,Non-El Nino
2022-02-01,Bali-Nusa Tenggara,1.0,Tidak,2022,2,Non-El Nino
2022-02-01,Maluku,3.0,Tidak,2022,2,Non-El Nino
2022-02-01,Papua,0.0,Tidak,2022,2,Non-El Nino
2022-02-02,Sumatera,32.0,Tidak,2022,2,Non-El Nino
2022-02-02,Jawa,1.0,Tidak,2022,2,Non-El Nino
2022-02-02,Kalimantan,7.0,Tidak,2022,2,Non-El Nino
2022-02-02,Sulawesi,14.0,Tidak,2022,2,Non-El Nino
2022-02-02,Bali-Nusa Tenggara,0.0,Tidak,2022,2,Non-El Nino
2022-02-02,Maluku,2.0,Tidak,2022,2,Non-El Nino
2022-02-02,Papua,0.0,Tidak,2022,2,Non-El Nino
2022-02-03,Sumatera,43.0,Tidak,2022,2,Non-El Nino
2022-02-03,Jawa,0.0,Tidak,2022,2,Non-El Nino
2022-02-03,Kalimantan,21.0,Tidak,2022,2,Non-El Nino
2022-02-03,Sulawesi,5.0,Tidak,2022,2,Non-El Nino
2022-02-03,Bali-Nusa Tenggara,0.0,Tidak,2022,2,Non-El Nino
2022-02-03,Maluku,2.0,Tidak,2022,2,Non-El Nino
2022-02-03,Papua,13.0,Tidak,2022,2,Non-El Nino
2022-02-04,Sumatera,7.0,Tidak,2022,2,Non-El Nino
2022-02-04,Jawa,1.0,Tidak,2022,2,Non-El Nino
2022-02-04,Kalimantan,21.0,Tidak,2022,2,Non-El Nino
2022-02-04,Sulawesi,11.0,Tidak,2022,2,Non-El Nino
2022-02-04,Bali-Nusa Tenggara,0.0,Tidak,2022,2,Non-El Nino
2022-02-04,Maluku,2.0,Tidak,2022,2,Non-El Nino
2022-02-04,Papua,7.0,Tidak,2022,2,Non-El Nino
2022-02-05,Sumatera,2.0,Tidak,2022,2,Non-El Nino
2022-02-05,Jawa,4.0,Tidak,2022,2,Non-El Nino
2022-02-05,Kalimantan,10.0,Tidak,2022,2,Non-El Nino
2022-02-05,Sulawesi,12.0,Tidak,2022,2,Non-El Nino
2022-02-05,Bali-Nusa Tenggara,1.0,Tidak,2022,2,Non-El Nino
2022-02-05,Maluku,0.0,Tidak,2022,2,Non-El Nino
2022-02-05,Papua,13.0,Tidak,2022,2,Non-El Nino
2022-02-06,Sumatera,2.0,Tidak,2022,2,Non-El Nino
2022-02-06,Jawa,0.0,Tidak,2022,2,Non-El Nino
2022-02-06,Kalimantan,4.0,Tidak,2022,2,Non-El Nino
2022-02-06,Sulawesi,18.0,Tidak,2022,2,Non-El Nino
2022-02-06,Bali-Nusa Tenggara,0.0,Tidak,2022,2,Non-El Nino
2022-02-06,Maluku,0.0,Tidak,2022,2,Non-El Nino
2022-02-06,Papua,2.0,Tidak,2022,2,Non-El Nino
2022-02-07,Sumatera,8.0,Tidak,2022,2,Non-El Nino
2022-02-07,Jawa,5.0,Tidak,2022,2,Non-El Nino
2022-02-07,Kalimantan,0.0,Tidak,2022,2,Non-El Nino
2022-02-07,Sulawesi,6.0,Tidak,2022,2,Non-El Nino
2022-02-07,Bali-Nusa Tenggara,1.0,Tidak,2022,2,Non-El Nino
2022-02-07,Maluku,2.0,Tidak,2022,2,Non-El Nino
2022-02-07,Papua,10.0,Tidak,2022,2,Non-El Nino
2022-02-08,Sumatera,13.0,Tidak,2022,2,Non-El Nino
2022-02-08,Jawa,0.0,Tidak,2022,2,Non-El Nino
2022-02-08,Kalimantan,0.0,Tidak,2022,2,Non-El Nino
2022-02-08,Sulawesi,1.0,Tidak,2022,2,Non-El Nino
2022-02-08,Bali-Nusa Tenggara,0.0,Tidak,2022,2,Non-El Nino
2022-02-08,Maluku,0.0,Tidak,2022,2,Non-El Nino
2022-02-08,Papua,14.0,Tidak,2022,2,Non-El Nino
2022-02-09,Sumatera,1.0,Tidak,2022,2,Non-El Nino
2022-02-09,Jawa,3.0,Tidak,2022,2,Non-El Nino
2022-02-09,Kalimantan,0.0,Tidak,2022,2,Non-El Nino
2022-02-09,Sulawesi,3.0,Tidak,2022,2,Non-El Nino
2022-02-09,Bali-Nusa Tenggara,0.0,Tidak,2022,2,Non-El Nino
2022-02-09,Maluku,0.0,Tidak,2022,2,Non-El Nino
2022-02-09,Papua,6.0,Tidak,2022,2,Non-El Nino
2022-02-10,Sumatera,3.0,Tidak,2022,2,Non-El Nino
2022-02-10,Jawa,0.0,Tidak,2022,2,Non-El Nino
2022-02-10,Kalimantan,0.0,Tidak,2022,2,Non-El Nino
2022-02-10,Sulawesi,1.0,Tidak,2022,2,Non-El Nino
2022-02-10,Bali-Nusa Tenggara,0.0,Tidak,2022,2,Non-El Nino
2022-02-10,Maluku,0.0,Tidak,2022,2,Non-El Nino
2022-02-10,Papua,0.0,Tidak,2022,2,Non-El Nino
2022-02-11,Sumatera,1.0,Tidak,2022,2,Non-El Nino
2022-02-11,Jawa,0.0,Tidak,2022,2,Non-El Nino
2022-02-11,Kalimantan,0.0,Tidak,2022,2,Non-El Nino
2022-02-11,Sulawesi,1.0,Tidak,2022,2,Non-El Nino
2022-02-11,Bali-Nusa Tenggara,0.0,Tidak,2022,2,Non-El Nino
2022-02-11,Maluku,0.0,Tidak,2022,2,Non-El Nino
2022-02-11,Papua,1.0,Tidak,2022,2,Non-El Nino
2022-02-12,Sumatera,32.0,Tidak,2022,2,Non-El Nino
2022-02-12,Jawa,0.0,Tidak,2022,2,Non-El Nino
2022-02-12,Kalimantan,0.0,Tidak,2022,2,Non-El Nino
2022-02-12,Sulawesi,9.0,Tidak,2022,2,Non-El Nino
2022-02-12,Bali-Nusa Tenggara,0.0,Tidak,2022,2,Non-El Nino
2022-02-12,Maluku,0.0,Tidak,2022,2,Non-El Nino
2022-02-12,Papua,2.0,Tidak,2022,2,Non-El Nino
2022-02-13,Sumatera,26.0,Tidak,2022,2,Non-El Nino
2022-02-13,Jawa,1.0,Tidak,2022,2,Non-El Nino
2022-02-13,Kalimantan,2.0,Tidak,2022,2,Non-El Nino
2022-02-13,Sulawesi,0.0,Tidak,2022,2,Non-El Nino
2022-02-13,Bali-Nusa Tenggara,0.0,Tidak,2022,2,Non-El Nino
2022-02-13,Maluku,0.0,Tidak,2022,2,Non-El Nino
2022-02-13,Papua,20.0,Tidak,2022,2,Non-El Nino
2022-02-14,Sumatera,59.0,Tidak,2022,2,Non-El Nino
2022-02-14,Jawa,2.0,Tidak,2022,2,Non-El Nino
2022-02-14,Kalimantan,16.0,Tidak,2022,2,Non-El Nino
2022-02-14,Sulawesi,5.0,Tidak,2022,2,Non-El Nino
2022-02-14,Bali-Nusa Tenggara,0.0,Tidak,2022,2,Non-El Nino
2022-02-14,Maluku,0.0,Tidak,2022,2,Non-El Nino
2022-02-14,Papua,11.0,Tidak,2022,2,Non-El Nino
2022-02-15,Sumatera,67.0,Tidak,2022,2,Non-El Nino
2022-02-15,Jawa,2.0,Tidak,2022,2,Non-El Nino
2022-02-15,Kalimantan,6.0,Tidak,2022,2,Non-El Nino
2022-02-15,Sulawesi,7.0,Tidak,2022,2,Non-El Nino
2022-02-15,Bali-Nusa Tenggara,2.0,Tidak,2022,2,Non-El Nino
2022-02-15,Maluku,2.0,Tidak,2022,2,Non-El Nino
2022-02-15,Papua,8.0,Tidak,2022,2,Non-El Nino
2022-02-16,Sumatera,15.0,Tidak,2022,2,Non-El Nino
2022-02-16,Jawa,6.0,Tidak,2022,2,Non-El Nino
2022-02-16,Kalimantan,2.0,Tidak,2022,2,Non-El Nino
2022-02-16,Sulawesi,2.0,Tidak,2022,2,Non-El Nino
2022-02-16,Bali-Nusa Tenggara,1.0,Tidak,2022,2,Non-El Nino
2022-02-16,Maluku,0.0,Tidak,2022,2,Non-El Nino
2022-02-16,Papua,5.0,Tidak,2022,2,Non-El Nino
2022-02-17,Sumatera,3.0,Tidak,2022,2,Non-El Nino
2022-02-17,Jawa,1.0,Tidak,2022,2,Non-El Nino
2022-02-17,Kalimantan,8.0,Tidak,2022,2,Non-El Nino
2022-02-17,Sulawesi,4.0,Tidak,2022,2,Non-El Nino
2022-02-17,Bali-Nusa Tenggara,1.0,Tidak,2022,2,Non-El Nino
2022-02-17,Maluku,0.0,Tidak,2022,2,Non-El Nino
2022-02-17,Papua,0.0,Tidak,2022,2,Non-El Nino
2022-02-18,Sumatera,15.0,Tidak,2022,2,Non-El Nino
2022-02-18,Jawa,0.0,Tidak,2022,2,Non-El Nino
2022-02-18,Kalimantan,3.0,Tidak,2022,2,Non-El Nino
2022-02-18,Sulawesi,3.0,Tidak,2022,2,Non-El Nino
2022-02-18,Bali-Nusa Tenggara,0.0,Tidak,2022,2,Non-El Nino
2022-02-18,Maluku,1.0,Tidak,2022,2,Non-El Nino
2022-02-18,Papua,0.0,Tidak,2022,2,Non-El Nino
2022-02-19,Sumatera,19.0,Tidak,2022,2,Non-El Nino
2022-02-19,Jawa,0.0,Tidak,2022,2,Non-El Nino
2022-02-19,Kalimantan,1.0,Tidak,2022,2,Non-El Nino
2022-02-19,Sulawesi,0.0,Tidak,2022,2,Non-El Nino
2022-02-19,Bali-Nusa Tenggara,1.0,Tidak,2022,2,Non-El Nino
2022-02-19,Maluku,0.0,Tidak,2022,2,Non-El Nino
2022-02-19,Papua,0.0,Tidak,2022,2,Non-El Nino
2022-02-20,Sumatera,41.0,Tidak,2022,2,Non-El Nino
2022-02-20,Jawa,0.0,Tidak,2022,2,Non-El Nino
2022-02-20,Kalimantan,0.0,Tidak,2022,2,Non-El Nino
2022-02-20,Sulawesi,0.0,Tidak,2022,2,Non-El Nino
2022-02-20,Bali-Nusa Tenggara,0.0,Tidak,2022,2,Non-El Nino
2022-02-20,Maluku,0.0,Tidak,2022,2,Non-El Nino
2022-02-20,Papua,3.0,Tidak,2022,2,Non-El Nino
2022-02-21,Sumatera,101.0,Tidak,2022,2,Non-El Nino
2022-02-21,Jawa,0.0,Tidak,2022,2,Non-El Nino
2022-02-21,Kalimantan,0.0,Tidak,2022,2,Non-El Nino
2022-02-21,Sulawesi,0.0,Tidak,2022,2,Non-El Nino
2022-02-21,Bali-Nusa Tenggara,0.0,Tidak,2022,2,Non-El Nino
2022-02-21,Maluku,0.0,Tidak,2022,2,Non-El Nino
2022-02-21,Papua,1.0,Tidak,2022,2,Non-El Nino
2022-02-22,Sumatera,83.0,Tidak,2022,2,Non-El Nino
2022-02-22,Jawa,4.0,Tidak,2022,2,Non-El Nino
2022-02-22,Kalimantan,3.0,Tidak,2022,2,Non-El Nino
2022-02-22,Sulawesi,0.0,Tidak,2022,2,Non-El Nino
2022-02-22,Bali-Nusa Tenggara,0.0,Tidak,2022,2,Non-El Nino
2022-02-22,Maluku,0.0,Tidak,2022,2,Non-El Nino
2022-02-22,Papua,0.0,Tidak,2022,2,Non-El Nino
2022-02-23,Sumatera,95.0,Tidak,2022,2,Non-El Nino
2022-02-23,Jawa,0.0,Tidak,2022,2,Non-El Nino
2022-02-23,Kalimantan,25.0,Tidak,2022,2,Non-El Nino
2022-02-23,Sulawesi,1.0,Tidak,2022,2,Non-El Nino
2022-02-23,Bali-Nusa Tenggara,0.0,Tidak,2022,2,Non-El Nino
2022-02-23,Maluku,0.0,Tidak,2022,2,Non-El Nino
2022-02-23,Papua,0.0,Tidak,2022,2,Non-El Nino
2022-02-24,Sumatera,45.0,Tidak,2022,2,Non-El Nino
2022-02-24,Jawa,1.0,Tidak,2022,2,Non-El Nino
2022-02-24,Kalimantan,2.0,Tidak,2022,2,Non-El Nino
2022-02-24,Sulawesi,7.0,Tidak,2022,2,Non-El Nino
2022-02-24,Bali-Nusa Tenggara,0.0,Tidak,2022,2,Non-El Nino
2022-02-24,Maluku,0.0,Tidak,2022,2,Non-El Nino
2022-02-24,Papua,0.0,Tidak,2022,2,Non-El Nino
2022-02-25,Sumatera,25.0,Tidak,2022,2,Non-El Nino
2022-02-25,Jawa,2.0,Tidak,2022,2,Non-El Nino
2022-02-25,Kalimantan,9.0,Tidak,2022,2,Non-El Nino
2022-02-25,Sulawesi,6.0,Tidak,2022,2,Non-El Nino
2022-02-25,Bali-Nusa Tenggara,0.0,Tidak,2022,2,Non-El Nino
2022-02-25,Maluku,1.0,Tidak,2022,2,Non-El Nino
2022-02-25,Papua,0.0,Tidak,2022,2,Non-El Nino
2022-02-26,Sumatera,62.0,Tidak,2022,2,Non-El Nino
2022-02-26,Jawa,1.0,Tidak,2022,2,Non-El Nino
2022-02-26,Kalimantan,21.0,Tidak,2022,2,Non-El Nino
2022-02-26,Sulawesi,40.0,Tidak,2022,2,Non-El Nino
2022-02-26,Bali-Nusa Tenggara,0.0,Tidak,2022,2,Non-El Nino
2022-02-26,Maluku,1.0,Tidak,2022,2,Non-El Nino
2022-02-26,Papua,1.0,Tidak,2022,2,Non-El Nino
2022-02-27,Sumatera,105.0,Tidak,2022,2,Non-El Nino
2022-02-27,Jawa,2.0,Tidak,2022,2,Non-El Nino
2022-02-27,Kalimantan,30.0,Tidak,2022,2,Non-El Nino
2022-02-27,Sulawesi,28.0,Tidak,2022,2,Non-El Nino
2022-02-27,Bali-Nusa Tenggara,0.0,Tidak,2022,2,Non-El Nino
2022-02-27,Maluku,1.0,Tidak,2022,2,Non-El Nino
2022-02-27,Papua,0.0,Tidak,2022,2,Non-El Nino
2022-02-28,Sumatera,151.0,Tidak,2022,2,Non-El Nino
2022-02-28,Jawa,2.0,Tidak,2022,2,Non-El Nino
2022-02-28,Kalimantan,62.0,Tidak,2022,2,Non-El Nino
2022-02-28,Sulawesi,23.0,Tidak,2022,2,Non-El Nino
2022-02-28,Bali-Nusa Tenggara,0.0,Tidak,2022,2,Non-El Nino
2022-02-28,Maluku,2.0,Tidak,2022,2,Non-El Nino
2022-02-28,Papua,0.0,Tidak,2022,2,Non-El Nino
2022-03-01,Sumatera,14.0,Tidak,2022,3,Non-El Nino
2022-03-01,Jawa,1.0,Tidak,2022,3,Non-El Nino
2022-03-01,Kalimantan,52.0,Tidak,2022,3,Non-El Nino
2022-03-01,Sulawesi,44.0,Tidak,2022,3,Non-El Nino
2022-03-01,Bali-Nusa Tenggara,0.0,Tidak,2022,3,Non-El Nino
2022-03-01,Maluku,4.0,Tidak,2022,3,Non-El Nino
2022-03-01,Papua,0.0,Tidak,2022,3,Non-El Nino
2022-03-02,Sumatera,7.0,Tidak,2022,3,Non-El Nino
2022-03-02,Jawa,0.0,Tidak,2022,3,Non-El Nino
2022-03-02,Kalimantan,107.0,Tidak,2022,3,Non-El Nino
2022-03-02,Sulawesi,14.0,Tidak,2022,3,Non-El Nino
2022-03-02,Bali-Nusa Tenggara,0.0,Tidak,2022,3,Non-El Nino
2022-03-02,Maluku,3.0,Tidak,2022,3,Non-El Nino
2022-03-02,Papua,3.0,Tidak,2022,3,Non-El Nino
2022-03-03,Sumatera,2.0,Tidak,2022,3,Non-El Nino
2022-03-03,Jawa,13.0,Tidak,2022,3,Non-El Nino
2022-03-03,Kalimantan,35.0,Tidak,2022,3,Non-El Nino
2022-03-03,Sulawesi,8.0,Tidak,2022,3,Non-El Nino
2022-03-03,Bali-Nusa Tenggara,3.0,Tidak,2022,3,Non-El Nino
2022-03-03,Maluku,0.0,Tidak,2022,3,Non-El Nino
2022-03-03,Papua,1.0,Tidak,2022,3,Non-El Nino
2022-03-04,Sumatera,5.0,Tidak,2022,3,Non-El Nino
2022-03-04,Jawa,0.0,Tidak,2022,3,Non-El Nino
2022-03-04,Kalimantan,28.0,Tidak,2022,3,Non-El Nino
2022-03-04,Sulawesi,22.0,Tidak,2022,3,Non-El Nino
2022-03-04,Bali-Nusa Tenggara,3.0,Tidak,2022,3,Non-El Nino
2022-03-04,Maluku,4.0,Tidak,2022,3,Non-El Nino
2022-03-04,Papua,18.0,Tidak,2022,3,Non-El Nino
2022-03-05,Sumatera,3.0,Tidak,2022,3,Non-El Nino
2022-03-05,Jawa,0.0,Tidak,2022,3,Non-El Nino
2022-03-05,Kalimantan,1.0,Tidak,2022,3,Non-El Nino
2022-03-05,Sulawesi,0.0,Tidak,2022,3,Non-El Nino
2022-03-05,Bali-Nusa Tenggara,0.0,Tidak,2022,3,Non-El Nino
2022-03-05,Maluku,0.0,Tidak,2022,3,Non-El Nino
2022-03-05,Papua,3.0,Tidak,2022,3,Non-El Nino
2022-03-06,Sumatera,4.0,Tidak,2022,3,Non-El Nino
2022-03-06,Jawa,0.0,Tidak,2022,3,Non-El Nino
2022-03-06,Kalimantan,4.0,Tidak,2022,3,Non-El Nino
2022-03-06,Sulawesi,0.0,Tidak,2022,3,Non-El Nino
2022-03-06,Bali-Nusa Tenggara,0.0,Tidak,2022,3,Non-El Nino
2022-03-06,Maluku,0.0,Tidak,2022,3,Non-El Nino
2022-03-06,Papua,0.0,Tidak,2022,3,Non-El Nino
2022-03-07,Sumatera,7.0,Tidak,2022,3,Non-El Nino
2022-03-07,Jawa,0.0,Tidak,2022,3,Non-El Nino
2022-03-07,Kalimantan,0.0,Tidak,2022,3,Non-El Nino
2022-03-07,Sulawesi,0.0,Tidak,2022,3,Non-El Nino
2022-03-07,Bali-Nusa Tenggara,0.0,Tidak,2022,3,Non-El Nino
2022-03-07,Maluku,0.0,Tidak,2022,3,Non-El Nino
2022-03-07,Papua,1.0,Tidak,2022,3,Non-El Nino
2022-03-08,Sumatera,5.0,Tidak,2022,3,Non-El Nino
2022-03-08,Jawa,2.0,Tidak,2022,3,Non-El Nino
2022-03-08,Kalimantan,2.0,Tidak,2022,3,Non-El Nino
2022-03-08,Sulawesi,3.0,Tidak,2022,3,Non-El Nino
2022-03-08,Bali-Nusa Tenggara,0.0,Tidak,2022,3,Non-El Nino
2022-03-08,Maluku,0.0,Tidak,2022,3,Non-El Nino
2022-03-08,Papua,0.0,Tidak,2022,3,Non-El Nino
2022-03-09,Sumatera,5.0,Tidak,2022,3,Non-El Nino
2022-03-09,Jawa,2.0,Tidak,2022,3,Non-El Nino
2022-03-09,Kalimantan,10.0,Tidak,2022,3,Non-El Nino
2022-03-09,Sulawesi,14.0,Tidak,2022,3,Non-El Nino
2022-03-09,Bali-Nusa Tenggara,0.0,Tidak,2022,3,Non-El Nino
2022-03-09,Maluku,3.0,Tidak,2022,3,Non-El Nino
2022-03-09,Papua,0.0,Tidak,2022,3,Non-El Nino
2022-03-10,Sumatera,1.0,Tidak,2022,3,Non-El Nino
2022-03-10,Jawa,1.0,Tidak,2022,3,Non-El Nino
2022-03-10,Kalimantan,13.0,Tidak,2022,3,Non-El Nino
2022-03-10,Sulawesi,24.0,Tidak,2022,3,Non-El Nino
2022-03-10,Bali-Nusa Tenggara,0.0,Tidak,2022,3,Non-El Nino
2022-03-10,Maluku,0.0,Tidak,2022,3,Non-El Nino
2022-03-10,Papua,4.0,Tidak,2022,3,Non-El Nino
2022-03-11,Sumatera,14.0,Tidak,2022,3,Non-El Nino
2022-03-11,Jawa,4.0,Tidak,2022,3,Non-El Nino
2022-03-11,Kalimantan,19.0,Tidak,2022,3,Non-El Nino
2022-03-11,Sulawesi,15.0,Tidak,2022,3,Non-El Nino
2022-03-11,Bali-Nusa Tenggara,1.0,Tidak,2022,3,Non-El Nino
2022-03-11,Maluku,0.0,Tidak,2022,3,Non-El Nino
2022-03-11,Papua,1.0,Tidak,2022,3,Non-El Nino
2022-03-12,Sumatera,20.0,Tidak,2022,3,Non-El Nino
2022-03-12,Jawa,1.0,Tidak,2022,3,Non-El Nino
2022-03-12,Kalimantan,30.0,Tidak,2022,3,Non-El Nino
2022-03-12,Sulawesi,17.0,Tidak,2022,3,Non-El Nino
2022-03-12,Bali-Nusa Tenggara,1.0,Tidak,2022,3,Non-El Nino
2022-03-12,Maluku,0.0,Tidak,2022,3,Non-El Nino
2022-03-12,Papua,4.0,Tidak,2022,3,Non-El Nino
2022-03-13,Sumatera,14.0,Tidak,2022,3,Non-El Nino
2022-03-13,Jawa,1.0,Tidak,2022,3,Non-El Nino
2022-03-13,Kalimantan,91.0,Tidak,2022,3,Non-El Nino
2022-03-13,Sulawesi,3.0,Tidak,2022,3,Non-El Nino
2022-03-13,Bali-Nusa Tenggara,0.0,Tidak,2022,3,Non-El Nino
2022-03-13,Maluku,1.0,Tidak,2022,3,Non-El Nino
2022-03-13,Papua,2.0,Tidak,2022,3,Non-El Nino
2022-03-14,Sumatera,17.0,Tidak,2022,3,Non-El Nino
2022-03-14,Jawa,1.0,Tidak,2022,3,Non-El Nino
2022-03-14,Kalimantan,36.0,Tidak,2022,3,Non-El Nino
2022-03-14,Sulawesi,7.0,Tidak,2022,3,Non-El Nino
2022-03-14,Bali-Nusa Tenggara,1.0,Tidak,2022,3,Non-El Nino
2022-03-14,Maluku,0.0,Tidak,2022,3,Non-El Nino
2022-03-14,Papua,5.0,Tidak,2022,3,Non-El Nino
2022-03-15,Sumatera,8.0,Tidak,2022,3,Non-El Nino
2022-03-15,Jawa,4.0,Tidak,2022,3,Non-El Nino
2022-03-15,Kalimantan,12.0,Tidak,2022,3,Non-El Nino
2022-03-15,Sulawesi,18.0,Tidak,2022,3,Non-El Nino
2022-03-15,Bali-Nusa Tenggara,2.0,Tidak,2022,3,Non-El Nino
2022-03-15,Maluku,1.0,Tidak,2022,3,Non-El Nino
2022-03-15,Papua,1.0,Tidak,2022,3,Non-El Nino
2022-03-16,Sumatera,11.0,Tidak,2022,3,Non-El Nino
2022-03-16,Jawa,4.0,Tidak,2022,3,Non-El Nino
2022-03-16,Kalimantan,9.0,Tidak,2022,3,Non-El Nino
2022-03-16,Sulawesi,13.0,Tidak,2022,3,Non-El Nino
2022-03-16,Bali-Nusa Tenggara,0.0,Tidak,2022,3,Non-El Nino
2022-03-16,Maluku,0.0,Tidak,2022,3,Non-El Nino
2022-03-16,Papua,11.0,Tidak,2022,3,Non-El Nino
2022-03-17,Sumatera,1.0,Tidak,2022,3,Non-El Nino
2022-03-17,Jawa,5.0,Tidak,2022,3,Non-El Nino
2022-03-17,Kalimantan,10.0,Tidak,2022,3,Non-El Nino
2022-03-17,Sulawesi,8.0,Tidak,2022,3,Non-El Nino
2022-03-17,Bali-Nusa Tenggara,0.0,Tidak,2022,3,Non-El Nino
2022-03-17,Maluku,1.0,Tidak,2022,3,Non-El Nino
2022-03-17,Papua,4.0,Tidak,2022,3,Non-El Nino
2022-03-18,Sumatera,0.0,Tidak,2022,3,Non-El Nino
2022-03-18,Jawa,1.0,Tidak,2022,3,Non-El Nino
2022-03-18,Kalimantan,0.0,Tidak,2022,3,Non-El Nino
2022-03-18,Sulawesi,1.0,Tidak,2022,3,Non-El Nino
2022-03-18,Bali-Nusa Tenggara,1.0,Tidak,2022,3,Non-El Nino
2022-03-18,Maluku,1.0,Tidak,2022,3,Non-El Nino
2022-03-18,Papua,19.0,Tidak,2022,3,Non-El Nino
2022-03-19,Sumatera,5.0,Tidak,2022,3,Non-El Nino
2022-03-19,Jawa,0.0,Tidak,2022,3,Non-El Nino
2022-03-19,Kalimantan,3.0,Tidak,2022,3,Non-El Nino
2022-03-19,Sulawesi,5.0,Tidak,2022,3,Non-El Nino
2022-03-19,Bali-Nusa Tenggara,0.0,Tidak,2022,3,Non-El Nino
2022-03-19,Maluku,0.0,Tidak,2022,3,Non-El Nino
2022-03-19,Papua,61.0,Tidak,2022,3,Non-El Nino
2022-03-20,Sumatera,12.0,Tidak,2022,3,Non-El Nino
2022-03-20,Jawa,10.0,Tidak,2022,3,Non-El Nino
2022-03-20,Kalimantan,1.0,Tidak,2022,3,Non-El Nino
2022-03-20,Sulawesi,2.0,Tidak,2022,3,Non-El Nino
2022-03-20,Bali-Nusa Tenggara,1.0,Tidak,2022,3,Non-El Nino
2022-03-20,Maluku,0.0,Tidak,2022,3,Non-El Nino
2022-03-20,Papua,1.0,Tidak,2022,3,Non-El Nino
2022-03-21,Sumatera,30.0,Tidak,2022,3,Non-El Nino
2022-03-21,Jawa,2.0,Tidak,2022,3,Non-El Nino
2022-03-21,Kalimantan,1.0,Tidak,2022,3,Non-El Nino
2022-03-21,Sulawesi,1.0,Tidak,2022,3,Non-El Nino
2022-03-21,Bali-Nusa Tenggara,0.0,Tidak,2022,3,Non-El Nino
2022-03-21,Maluku,0.0,Tidak,2022,3,Non-El Nino
2022-03-21,Papua,4.0,Tidak,2022,3,Non-El Nino
2022-03-22,Sumatera,132.0,Tidak,2022,3,Non-El Nino
2022-03-22,Jawa,1.0,Tidak,2022,3,Non-El Nino
2022-03-22,Kalimantan,0.0,Tidak,2022,3,Non-El Nino
2022-03-22,Sulawesi,2.0,Tidak,2022,3,Non-El Nino
2022-03-22,Bali-Nusa Tenggara,0.0,Tidak,2022,3,Non-El Nino
2022-03-22,Maluku,0.0,Tidak,2022,3,Non-El Nino
2022-03-22,Papua,3.0,Tidak,2022,3,Non-El Nino
2022-03-23,Sumatera,119.0,Tidak,2022,3,Non-El Nino
2022-03-23,Jawa,0.0,Tidak,2022,3,Non-El Nino
2022-03-23,Kalimantan,22.0,Tidak,2022,3,Non-El Nino
2022-03-23,Sulawesi,1.0,Tidak,2022,3,Non-El Nino
2022-03-23,Bali-Nusa Tenggara,1.0,Tidak,2022,3,Non-El Nino
2022-03-23,Maluku,0.0,Tidak,2022,3,Non-El Nino
2022-03-23,Papua,1.0,Tidak,2022,3,Non-El Nino
2022-03-24,Sumatera,163.0,Tidak,2022,3,Non-El Nino
2022-03-24,Jawa,11.0,Tidak,2022,3,Non-El Nino
2022-03-24,Kalimantan,59.0,Tidak,2022,3,Non-El Nino
2022-03-24,Sulawesi,9.0,Tidak,2022,3,Non-El Nino
2022-03-24,Bali-Nusa Tenggara,1.0,Tidak,2022,3,Non-El Nino
2022-03-24,Maluku,0.0,Tidak,2022,3,Non-El Nino
2022-03-24,Papua,14.0,Tidak,2022,3,Non-El Nino
2022-03-25,Sumatera,146.0,Tidak,2022,3,Non-El Nino
2022-03-25,Jawa,3.0,Tidak,2022,3,Non-El Nino
2022-03-25,Kalimantan,5.0,Tidak,2022,3,Non-El Nino
2022-03-25,Sulawesi,10.0,Tidak,2022,3,Non-El Nino
2022-03-25,Bali-Nusa Tenggara,1.0,Tidak,2022,3,Non-El Nino
2022-03-25,Maluku,0.0,Tidak,2022,3,Non-El Nino
2022-03-25,Papua,1.0,Tidak,2022,3,Non-El Nino
2022-03-26,Sumatera,165.0,Tidak,2022,3,Non-El Nino
2022-03-26,Jawa,2.0,Tidak,2022,3,Non-El Nino
2022-03-26,Kalimantan,40.0,Tidak,2022,3,Non-El Nino
2022-03-26,Sulawesi,26.0,Tidak,2022,3,Non-El Nino
2022-03-26,Bali-Nusa Tenggara,3.0,Tidak,2022,3,Non-El Nino
2022-03-26,Maluku,0.0,Tidak,2022,3,Non-El Nino
2022-03-26,Papua,1.0,Tidak,2022,3,Non-El Nino
2022-03-27,Sumatera,344.0,Tidak,2022,3,Non-El Nino
2022-03-27,Jawa,1.0,Tidak,2022,3,Non-El Nino
2022-03-27,Kalimantan,60.0,Tidak,2022,3,Non-El Nino
2022-03-27,Sulawesi,12.0,Tidak,2022,3,Non-El Nino
2022-03-27,Bali-Nusa Tenggara,0.0,Tidak,2022,3,Non-El Nino
2022-03-27,Maluku,0.0,Tidak,2022,3,Non-El Nino
2022-03-27,Papua,0.0,Tidak,2022,3,Non-El Nino
2022-03-28,Sumatera,373.0,Tidak,2022,3,Non-El Nino
2022-03-28,Jawa,5.0,Tidak,2022,3,Non-El Nino
2022-03-28,Kalimantan,183.0,Tidak,2022,3,Non-El Nino
2022-03-28,Sulawesi,8.0,Tidak,2022,3,Non-El Nino
2022-03-28,Bali-Nusa Tenggara,0.0,Tidak,2022,3,Non-El Nino
2022-03-28,Maluku,0.0,Tidak,2022,3,Non-El Nino
2022-03-28,Papua,1.0,Tidak,2022,3,Non-El Nino
2022-03-29,Sumatera,391.0,Tidak,2022,3,Non-El Nino
2022-03-29,Jawa,10.0,Tidak,2022,3,Non-El Nino
2022-03-29,Kalimantan,263.0,Tidak,2022,3,Non-El Nino
2022-03-29,Sulawesi,2.0,Tidak,2022,3,Non-El Nino
2022-03-29,Bali-Nusa Tenggara,0.0,Tidak,2022,3,Non-El Nino
2022-03-29,Maluku,0.0,Tidak,2022,3,Non-El Nino
2022-03-29,Papua,1.0,Tidak,2022,3,Non-El Nino
2022-03-30,Sumatera,157.0,Tidak,2022,3,Non-El Nino
2022-03-30,Jawa,8.0,Tidak,2022,3,Non-El Nino
2022-03-30,Kalimantan,43.0,Tidak,2022,3,Non-El Nino
2022-03-30,Sulawesi,0.0,Tidak,2022,3,Non-El Nino
2022-03-30,Bali-Nusa Tenggara,2.0,Tidak,2022,3,Non-El Nino
2022-03-30,Maluku,1.0,Tidak,2022,3,Non-El Nino
2022-03-30,Papua,5.0,Tidak,2022,3,Non-El Nino
2022-03-31,Sumatera,85.0,Tidak,2022,3,Non-El Nino
2022-03-31,Jawa,3.0,Tidak,2022,3,Non-El Nino
2022-03-31,Kalimantan,309.0,Tidak,2022,3,Non-El Nino
2022-03-31,Sulawesi,27.0,Tidak,2022,3,Non-El Nino
2022-03-31,Bali-Nusa Tenggara,2.0,Tidak,2022,3,Non-El Nino
2022-03-31,Maluku,0.0,Tidak,2022,3,Non-El Nino
2022-03-31,Papua,0.0,Tidak,2022,3,Non-El Nino
2022-04-01,Sumatera,320.0,Tidak,2022,4,Non-El Nino
2022-04-01,Jawa,0.0,Tidak,2022,4,Non-El Nino
2022-04-01,Kalimantan,8.0,Tidak,2022,4,Non-El Nino
2022-04-01,Sulawesi,9.0,Tidak,2022,4,Non-El Nino
2022-04-01,Bali-Nusa Tenggara,0.0,Tidak,2022,4,Non-El Nino
2022-04-01,Maluku,1.0,Tidak,2022,4,Non-El Nino
2022-04-01,Papua,1.0,Tidak,2022,4,Non-El Nino
2022-04-02,Sumatera,246.0,Tidak,2022,4,Non-El Nino
2022-04-02,Jawa,0.0,Tidak,2022,4,Non-El Nino
2022-04-02,Kalimantan,241.0,Tidak,2022,4,Non-El Nino
2022-04-02,Sulawesi,10.0,Tidak,2022,4,Non-El Nino
2022-04-02,Bali-Nusa Tenggara,0.0,Tidak,2022,4,Non-El Nino
2022-04-02,Maluku,1.0,Tidak,2022,4,Non-El Nino
2022-04-02,Papua,1.0,Tidak,2022,4,Non-El Nino
2022-04-03,Sumatera,173.0,Tidak,2022,4,Non-El Nino
2022-04-03,Jawa,0.0,Tidak,2022,4,Non-El Nino
2022-04-03,Kalimantan,157.0,Tidak,2022,4,Non-El Nino
2022-04-03,Sulawesi,7.0,Tidak,2022,4,Non-El Nino
2022-04-03,Bali-Nusa Tenggara,1.0,Tidak,2022,4,Non-El Nino
2022-04-03,Maluku,1.0,Tidak,2022,4,Non-El Nino
2022-04-03,Papua,9.0,Tidak,2022,4,Non-El Nino
2022-04-04,Sumatera,198.0,Tidak,2022,4,Non-El Nino
2022-04-04,Jawa,12.0,Tidak,2022,4,Non-El Nino
2022-04-04,Kalimantan,79.0,Tidak,2022,4,Non-El Nino
2022-04-04,Sulawesi,6.0,Tidak,2022,4,Non-El Nino
2022-04-04,Bali-Nusa Tenggara,2.0,Tidak,2022,4,Non-El Nino
2022-04-04,Maluku,3.0,Tidak,2022,4,Non-El Nino
2022-04-04,Papua,13.0,Tidak,2022,4,Non-El Nino
2022-04-05,Sumatera,101.0,Tidak,2022,4,Non-El Nino
2022-04-05,Jawa,6.0,Tidak,2022,4,Non-El Nino
2022-04-05,Kalimantan,15.0,Tidak,2022,4,Non-El Nino
2022-04-05,Sulawesi,15.0,Tidak,2022,4,Non-El Nino
2022-04-05,Bali-Nusa Tenggara,1.0,Tidak,2022,4,Non-El Nino
2022-04-05,Maluku,3.0,Tidak,2022,4,Non-El Nino
2022-04-05,Papua,15.0,Tidak,2022,4,Non-El Nino
2022-04-06,Sumatera,103.0,Tidak,2022,4,Non-El Nino
2022-04-06,Jawa,7.0,Tidak,2022,4,Non-El Nino
2022-04-06,Kalimantan,1.0,Tidak,2022,4,Non-El Nino
2022-04-06,Sulawesi,6.0,Tidak,2022,4,Non-El Nino
2022-04-06,Bali-Nusa Tenggara,2.0,Tidak,2022,4,Non-El Nino
2022-04-06,Maluku,7.0,Tidak,2022,4,Non-El Nino
2022-04-06,Papua,4.0,Tidak,2022,4,Non-El Nino
2022-04-07,Sumatera,0.0,Tidak,2022,4,Non-El Nino
2022-04-07,Jawa,4.0,Tidak,2022,4,Non-El Nino
2022-04-07,Kalimantan,5.0,Tidak,2022,4,Non-El Nino
2022-04-07,Sulawesi,20.0,Tidak,2022,4,Non-El Nino
2022-04-07,Bali-Nusa Tenggara,5.0,Tidak,2022,4,Non-El Nino
2022-04-07,Maluku,4.0,Tidak,2022,4,Non-El Nino
2022-04-07,Papua,4.0,Tidak,2022,4,Non-El Nino
2022-04-08,Sumatera,41.0,Tidak,2022,4,Non-El Nino
2022-04-08,Jawa,3.0,Tidak,2022,4,Non-El Nino
2022-04-08,Kalimantan,4.0,Tidak,2022,4,Non-El Nino
2022-04-08,Sulawesi,3.0,Tidak,2022,4,Non-El Nino
2022-04-08,Bali-Nusa Tenggara,0.0,Tidak,2022,4,Non-El Nino
2022-04-08,Maluku,4.0,Tidak,2022,4,Non-El Nino
2022-04-08,Papua,4.0,Tidak,2022,4,Non-El Nino
2022-04-09,Sumatera,13.0,Tidak,2022,4,Non-El Nino
2022-04-09,Jawa,4.0,Tidak,2022,4,Non-El Nino
2022-04-09,Kalimantan,9.0,Tidak,2022,4,Non-El Nino
2022-04-09,Sulawesi,5.0,Tidak,2022,4,Non-El Nino
2022-04-09,Bali-Nusa Tenggara,0.0,Tidak,2022,4,Non-El Nino
2022-04-09,Maluku,0.0,Tidak,2022,4,Non-El Nino
2022-04-09,Papua,8.0,Tidak,2022,4,Non-El Nino
2022-04-10,Sumatera,77.0,Tidak,2022,4,Non-El Nino
2022-04-10,Jawa,3.0,Tidak,2022,4,Non-El Nino
2022-04-10,Kalimantan,3.0,Tidak,2022,4,Non-El Nino
2022-04-10,Sulawesi,27.0,Tidak,2022,4,Non-El Nino
2022-04-10,Bali-Nusa Tenggara,5.0,Tidak,2022,4,Non-El Nino
2022-04-10,Maluku,6.0,Tidak,2022,4,Non-El Nino
2022-04-10,Papua,1.0,Tidak,2022,4,Non-El Nino
2022-04-11,Sumatera,130.0,Tidak,2022,4,Non-El Nino
2022-04-11,Jawa,2.0,Tidak,2022,4,Non-El Nino
2022-04-11,Kalimantan,14.0,Tidak,2022,4,Non-El Nino
2022-04-11,Sulawesi,34.0,Tidak,2022,4,Non-El Nino
2022-04-11,Bali-Nusa Tenggara,5.0,Tidak,2022,4,Non-El Nino
2022-04-11,Maluku,0.0,Tidak,2022,4,Non-El Nino
2022-04-11,Papua,4.0,Tidak,2022,4,Non-El Nino
2022-04-12,Sumatera,153.0,Tidak,2022,4,Non-El Nino
2022-04-12,Jawa,2.0,Tidak,2022,4,Non-El Nino
2022-04-12,Kalimantan,17.0,Tidak,2022,4,Non-El Nino
2022-04-12,Sulawesi,39.0,Tidak,2022,4,Non-El Nino
2022-04-12,Bali-Nusa Tenggara,4.0,Tidak,2022,4,Non-El Nino
2022-04-12,Maluku,0.0,Tidak,2022,4,Non-El Nino
2022-04-12,Papua,0.0,Tidak,2022,4,Non-El Nino
2022-04-13,Sumatera,58.0,Tidak,2022,4,Non-El Nino
2022-04-13,Jawa,3.0,Tidak,2022,4,Non-El Nino
2022-04-13,Kalimantan,11.0,Tidak,2022,4,Non-El Nino
2022-04-13,Sulawesi,17.0,Tidak,2022,4,Non-El Nino
2022-04-13,Bali-Nusa Tenggara,1.0,Tidak,2022,4,Non-El Nino
2022-04-13,Maluku,0.0,Tidak,2022,4,Non-El Nino
2022-04-13,Papua,3.0,Tidak,2022,4,Non-El Nino
2022-04-14,Sumatera,59.0,Tidak,2022,4,Non-El Nino
2022-04-14,Jawa,16.0,Tidak,2022,4,Non-El Nino
2022-04-14,Kalimantan,44.0,Tidak,2022,4,Non-El Nino
2022-04-14,Sulawesi,6.0,Tidak,2022,4,Non-El Nino
2022-04-14,Bali-Nusa Tenggara,5.0,Tidak,2022,4,Non-El Nino
2022-04-14,Maluku,1.0,Tidak,2022,4,Non-El Nino
2022-04-14,Papua,8.0,Tidak,2022,4,Non-El Nino
2022-04-15,Sumatera,9.0,Tidak,2022,4,Non-El Nino
2022-04-15,Jawa,19.0,Tidak,2022,4,Non-El Nino
2022-04-15,Kalimantan,38.0,Tidak,2022,4,Non-El Nino
2022-04-15,Sulawesi,22.0,Tidak,2022,4,Non-El Nino
2022-04-15,Bali-Nusa Tenggara,6.0,Tidak,2022,4,Non-El Nino
2022-04-15,Maluku,0.0,Tidak,2022,4,Non-El Nino
2022-04-15,Papua,5.0,Tidak,2022,4,Non-El Nino
2022-04-16,Sumatera,65.0,Tidak,2022,4,Non-El Nino
2022-04-16,Jawa,8.0,Tidak,2022,4,Non-El Nino
2022-04-16,Kalimantan,13.0,Tidak,2022,4,Non-El Nino
2022-04-16,Sulawesi,18.0,Tidak,2022,4,Non-El Nino
2022-04-16,Bali-Nusa Tenggara,4.0,Tidak,2022,4,Non-El Nino
2022-04-16,Maluku,0.0,Tidak,2022,4,Non-El Nino
2022-04-16,Papua,9.0,Tidak,2022,4,Non-El Nino
2022-04-17,Sumatera,114.0,Tidak,2022,4,Non-El Nino
2022-04-17,Jawa,4.0,Tidak,2022,4,Non-El Nino
2022-04-17,Kalimantan,31.0,Tidak,2022,4,Non-El Nino
2022-04-17,Sulawesi,1.0,Tidak,2022,4,Non-El Nino
2022-04-17,Bali-Nusa Tenggara,0.0,Tidak,2022,4,Non-El Nino
2022-04-17,Maluku,0.0,Tidak,2022,4,Non-El Nino
2022-04-17,Papua,2.0,Tidak,2022,4,Non-El Nino
2022-04-18,Sumatera,19.0,Tidak,2022,4,Non-El Nino
2022-04-18,Jawa,1.0,Tidak,2022,4,Non-El Nino
2022-04-18,Kalimantan,28.0,Tidak,2022,4,Non-El Nino
2022-04-18,Sulawesi,30.0,Tidak,2022,4,Non-El Nino
2022-04-18,Bali-Nusa Tenggara,1.0,Tidak,2022,4,Non-El Nino
2022-04-18,Maluku,1.0,Tidak,2022,4,Non-El Nino
2022-04-18,Papua,9.0,Tidak,2022,4,Non-El Nino
2022-04-19,Sumatera,26.0,Tidak,2022,4,Non-El Nino
2022-04-19,Jawa,0.0,Tidak,2022,4,Non-El Nino
2022-04-19,Kalimantan,2.0,Tidak,2022,4,Non-El Nino
2022-04-19,Sulawesi,7.0,Tidak,2022,4,Non-El Nino
2022-04-19,Bali-Nusa Tenggara,0.0,Tidak,2022,4,Non-El Nino
2022-04-19,Maluku,4.0,Tidak,2022,4,Non-El Nino
2022-04-19,Papua,13.0,Tidak,2022,4,Non-El Nino
2022-04-20,Sumatera,33.0,Tidak,2022,4,Non-El Nino
2022-04-20,Jawa,2.0,Tidak,2022,4,Non-El Nino
2022-04-20,Kalimantan,6.0,Tidak,2022,4,Non-El Nino
2022-04-20,Sulawesi,3.0,Tidak,2022,4,Non-El Nino
2022-04-20,Bali-Nusa Tenggara,1.0,Tidak,2022,4,Non-El Nino
2022-04-20,Maluku,0.0,Tidak,2022,4,Non-El Nino
2022-04-20,Papua,24.0,Tidak,2022,4,Non-El Nino
2022-04-21,Sumatera,2.0,Tidak,2022,4,Non-El Nino
2022-04-21,Jawa,3.0,Tidak,2022,4,Non-El Nino
2022-04-21,Kalimantan,17.0,Tidak,2022,4,Non-El Nino
2022-04-21,Sulawesi,11.0,Tidak,2022,4,Non-El Nino
2022-04-21,Bali-Nusa Tenggara,4.0,Tidak,2022,4,Non-El Nino
2022-04-21,Maluku,0.0,Tidak,2022,4,Non-El Nino
2022-04-21,Papua,6.0,Tidak,2022,4,Non-El Nino
2022-04-22,Sumatera,8.0,Tidak,2022,4,Non-El Nino
2022-04-22,Jawa,7.0,Tidak,2022,4,Non-El Nino
2022-04-22,Kalimantan,0.0,Tidak,2022,4,Non-El Nino
2022-04-22,Sulawesi,11.0,Tidak,2022,4,Non-El Nino
2022-04-22,Bali-Nusa Tenggara,2.0,Tidak,2022,4,Non-El Nino
2022-04-22,Maluku,0.0,Tidak,2022,4,Non-El Nino
2022-04-22,Papua,1.0,Tidak,2022,4,Non-El Nino
2022-04-23,Sumatera,11.0,Tidak,2022,4,Non-El Nino
2022-04-23,Jawa,0.0,Tidak,2022,4,Non-El Nino
2022-04-23,Kalimantan,17.0,Tidak,2022,4,Non-El Nino
2022-04-23,Sulawesi,3.0,Tidak,2022,4,Non-El Nino
2022-04-23,Bali-Nusa Tenggara,1.0,Tidak,2022,4,Non-El Nino
2022-04-23,Maluku,3.0,Tidak,2022,4,Non-El Nino
2022-04-23,Papua,0.0,Tidak,2022,4,Non-El Nino
2022-04-24,Sumatera,7.0,Tidak,2022,4,Non-El Nino
2022-04-24,Jawa,7.0,Tidak,2022,4,Non-El Nino
2022-04-24,Kalimantan,23.0,Tidak,2022,4,Non-El Nino
2022-04-24,Sulawesi,13.0,Tidak,2022,4,Non-El Nino
2022-04-24,Bali-Nusa Tenggara,4.0,Tidak,2022,4,Non-El Nino
2022-04-24,Maluku,2.0,Tidak,2022,4,Non-El Nino
2022-04-24,Papua,3.0,Tidak,2022,4,Non-El Nino
2022-04-25,Sumatera,11.0,Tidak,2022,4,Non-El Nino
2022-04-25,Jawa,5.0,Tidak,2022,4,Non-El Nino
2022-04-25,Kalimantan,0.0,Tidak,2022,4,Non-El Nino
2022-04-25,Sulawesi,2.0,Tidak,2022,4,Non-El Nino
2022-04-25,Bali-Nusa Tenggara,3.0,Tidak,2022,4,Non-El Nino
2022-04-25,Maluku,4.0,Tidak,2022,4,Non-El Nino
2022-04-25,Papua,6.0,Tidak,2022,4,Non-El Nino
2022-04-26,Sumatera,4.0,Tidak,2022,4,Non-El Nino
2022-04-26,Jawa,2.0,Tidak,2022,4,Non-El Nino
2022-04-26,Kalimantan,4.0,Tidak,2022,4,Non-El Nino
2022-04-26,Sulawesi,3.0,Tidak,2022,4,Non-El Nino
2022-04-26,Bali-Nusa Tenggara,10.0,Tidak,2022,4,Non-El Nino
2022-04-26,Maluku,0.0,Tidak,2022,4,Non-El Nino
2022-04-26,Papua,11.0,Tidak,2022,4,Non-El Nino
2022-04-27,Sumatera,11.0,Tidak,2022,4,Non-El Nino
2022-04-27,Jawa,2.0,Tidak,2022,4,Non-El Nino
2022-04-27,Kalimantan,2.0,Tidak,2022,4,Non-El Nino
2022-04-27,Sulawesi,2.0,Tidak,2022,4,Non-El Nino
2022-04-27,Bali-Nusa Tenggara,6.0,Tidak,2022,4,Non-El Nino
2022-04-27,Maluku,3.0,Tidak,2022,4,Non-El Nino
2022-04-27,Papua,11.0,Tidak,2022,4,Non-El Nino
2022-04-28,Sumatera,13.0,Tidak,2022,4,Non-El Nino
2022-04-28,Jawa,3.0,Tidak,2022,4,Non-El Nino
2022-04-28,Kalimantan,3.0,Tidak,2022,4,Non-El Nino
2022-04-28,Sulawesi,0.0,Tidak,2022,4,Non-El Nino
2022-04-28,Bali-Nusa Tenggara,11.0,Tidak,2022,4,Non-El Nino
2022-04-28,Maluku,1.0,Tidak,2022,4,Non-El Nino
2022-04-28,Papua,3.0,Tidak,2022,4,Non-El Nino
2022-04-29,Sumatera,22.0,Tidak,2022,4,Non-El Nino
2022-04-29,Jawa,8.0,Tidak,2022,4,Non-El Nino
2022-04-29,Kalimantan,17.0,Tidak,2022,4,Non-El Nino
2022-04-29,Sulawesi,3.0,Tidak,2022,4,Non-El Nino
2022-04-29,Bali-Nusa Tenggara,3.0,Tidak,2022,4,Non-El Nino
2022-04-29,Maluku,1.0,Tidak,2022,4,Non-El Nino
2022-04-29,Papua,2.0,Tidak,2022,4,Non-El Nino
2022-04-30,Sumatera,13.0,Tidak,2022,4,Non-El Nino
2022-04-30,Jawa,6.0,Tidak,2022,4,Non-El Nino
2022-04-30,Kalimantan,20.0,Tidak,2022,4,Non-El Nino
2022-04-30,Sulawesi,1.0,Tidak,2022,4,Non-El Nino
2022-04-30,Bali-Nusa Tenggara,6.0,Tidak,2022,4,Non-El Nino
2022-04-30,Maluku,0.0,Tidak,2022,4,Non-El Nino
2022-04-30,Papua,3.0,Tidak,2022,4,Non-El Nino
2022-05-01,Sumatera,10.0,Tidak,2022,5,Non-El Nino
2022-05-01,Jawa,5.0,Tidak,2022,5,Non-El Nino
2022-05-01,Kalimantan,14.0,Tidak,2022,5,Non-El Nino
2022-05-01,Sulawesi,4.0,Tidak,2022,5,Non-El Nino
2022-05-01,Bali-Nusa Tenggara,1.0,Tidak,2022,5,Non-El Nino
2022-05-01,Maluku,2.0,Tidak,2022,5,Non-El Nino
2022-05-01,Papua,4.0,Tidak,2022,5,Non-El Nino
2022-05-02,Sumatera,1.0,Tidak,2022,5,Non-El Nino
2022-05-02,Jawa,3.0,Tidak,2022,5,Non-El Nino
2022-05-02,Kalimantan,5.0,Tidak,2022,5,Non-El Nino
2022-05-02,Sulawesi,10.0,Tidak,2022,5,Non-El Nino
2022-05-02,Bali-Nusa Tenggara,5.0,Tidak,2022,5,Non-El Nino
2022-05-02,Maluku,1.0,Tidak,2022,5,Non-El Nino
2022-05-02,Papua,0.0,Tidak,2022,5,Non-El Nino
2022-05-03,Sumatera,11.0,Tidak,2022,5,Non-El Nino
2022-05-03,Jawa,3.0,Tidak,2022,5,Non-El Nino
2022-05-03,Kalimantan,32.0,Tidak,2022,5,Non-El Nino
2022-05-03,Sulawesi,24.0,Tidak,2022,5,Non-El Nino
2022-05-03,Bali-Nusa Tenggara,8.0,Tidak,2022,5,Non-El Nino
2022-05-03,Maluku,6.0,Tidak,2022,5,Non-El Nino
2022-05-03,Papua,3.0,Tidak,2022,5,Non-El Nino
2022-05-04,Sumatera,3.0,Tidak,2022,5,Non-El Nino
2022-05-04,Jawa,0.0,Tidak,2022,5,Non-El Nino
2022-05-04,Kalimantan,6.0,Tidak,2022,5,Non-El Nino
2022-05-04,Sulawesi,8.0,Tidak,2022,5,Non-El Nino
2022-05-04,Bali-Nusa Tenggara,1.0,Tidak,2022,5,Non-El Nino
2022-05-04,Maluku,10.0,Tidak,2022,5,Non-El Nino
2022-05-04,Papua,0.0,Tidak,2022,5,Non-El Nino
2022-05-05,Sumatera,5.0,Tidak,2022,5,Non-El Nino
2022-05-05,Jawa,10.0,Tidak,2022,5,Non-El Nino
2022-05-05,Kalimantan,9.0,Tidak,2022,5,Non-El Nino
2022-05-05,Sulawesi,0.0,Tidak,2022,5,Non-El Nino
2022-05-05,Bali-Nusa Tenggara,0.0,Tidak,2022,5,Non-El Nino
2022-05-05,Maluku,4.0,Tidak,2022,5,Non-El Nino
2022-05-05,Papua,2.0,Tidak,2022,5,Non-El Nino
2022-05-06,Sumatera,3.0,Tidak,2022,5,Non-El Nino
2022-05-06,Jawa,12.0,Tidak,2022,5,Non-El Nino
2022-05-06,Kalimantan,18.0,Tidak,2022,5,Non-El Nino
2022-05-06,Sulawesi,5.0,Tidak,2022,5,Non-El Nino
2022-05-06,Bali-Nusa Tenggara,0.0,Tidak,2022,5,Non-El Nino
2022-05-06,Maluku,0.0,Tidak,2022,5,Non-El Nino
2022-05-06,Papua,10.0,Tidak,2022,5,Non-El Nino
2022-05-07,Sumatera,0.0,Tidak,2022,5,Non-El Nino
2022-05-07,Jawa,3.0,Tidak,2022,5,Non-El Nino
2022-05-07,Kalimantan,15.0,Tidak,2022,5,Non-El Nino
2022-05-07,Sulawesi,13.0,Tidak,2022,5,Non-El Nino
2022-05-07,Bali-Nusa Tenggara,3.0,Tidak,2022,5,Non-El Nino
2022-05-07,Maluku,3.0,Tidak,2022,5,Non-El Nino
2022-05-07,Papua,6.0,Tidak,2022,5,Non-El Nino
2022-05-08,Sumatera,3.0,Tidak,2022,5,Non-El Nino
2022-05-08,Jawa,1.0,Tidak,2022,5,Non-El Nino
2022-05-08,Kalimantan,4.0,Tidak,2022,5,Non-El Nino
2022-05-08,Sulawesi,0.0,Tidak,2022,5,Non-El Nino
2022-05-08,Bali-Nusa Tenggara,4.0,Tidak,2022,5,Non-El Nino
2022-05-08,Maluku,0.0,Tidak,2022,5,Non-El Nino
2022-05-08,Papua,2.0,Tidak,2022,5,Non-El Nino
2022-05-09,Sumatera,33.0,Tidak,2022,5,Non-El Nino
2022-05-09,Jawa,4.0,Tidak,2022,5,Non-El Nino
2022-05-09,Kalimantan,0.0,Tidak,2022,5,Non-El Nino
2022-05-09,Sulawesi,0.0,Tidak,2022,5,Non-El Nino
2022-05-09,Bali-Nusa Tenggara,12.0,Tidak,2022,5,Non-El Nino
2022-05-09,Maluku,0.0,Tidak,2022,5,Non-El Nino
2022-05-09,Papua,1.0,Tidak,2022,5,Non-El Nino
2022-05-10,Sumatera,37.0,Tidak,2022,5,Non-El Nino
2022-05-10,Jawa,3.0,Tidak,2022,5,Non-El Nino
2022-05-10,Kalimantan,3.0,Tidak,2022,5,Non-El Nino
2022-05-10,Sulawesi,6.0,Tidak,2022,5,Non-El Nino
2022-05-10,Bali-Nusa Tenggara,5.0,Tidak,2022,5,Non-El Nino
2022-05-10,Maluku,0.0,Tidak,2022,5,Non-El Nino
2022-05-10,Papua,0.0,Tidak,2022,5,Non-El Nino
2022-05-11,Sumatera,14.0,Tidak,2022,5,Non-El Nino
2022-05-11,Jawa,0.0,Tidak,2022,5,Non-El Nino
2022-05-11,Kalimantan,20.0,Tidak,2022,5,Non-El Nino
2022-05-11,Sulawesi,0.0,Tidak,2022,5,Non-El Nino
2022-05-11,Bali-Nusa Tenggara,1.0,Tidak,2022,5,Non-El Nino
2022-05-11,Maluku,0.0,Tidak,2022,5,Non-El Nino
2022-05-11,Papua,1.0,Tidak,2022,5,Non-El Nino
2022-05-12,Sumatera,12.0,Tidak,2022,5,Non-El Nino
2022-05-12,Jawa,0.0,Tidak,2022,5,Non-El Nino
2022-05-12,Kalimantan,1.0,Tidak,2022,5,Non-El Nino
2022-05-12,Sulawesi,0.0,Tidak,2022,5,Non-El Nino
2022-05-12,Bali-Nusa Tenggara,10.0,Tidak,2022,5,Non-El Nino
2022-05-12,Maluku,0.0,Tidak,2022,5,Non-El Nino
2022-05-12,Papua,22.0,Tidak,2022,5,Non-El Nino
2022-05-13,Sumatera,50.0,Tidak,2022,5,Non-El Nino
2022-05-13,Jawa,2.0,Tidak,2022,5,Non-El Nino
2022-05-13,Kalimantan,2.0,Tidak,2022,5,Non-El Nino
2022-05-13,Sulawesi,10.0,Tidak,2022,5,Non-El Nino
2022-05-13,Bali-Nusa Tenggara,4.0,Tidak,2022,5,Non-El Nino
2022-05-13,Maluku,0.0,Tidak,2022,5,Non-El Nino
2022-05-13,Papua,1.0,Tidak,2022,5,Non-El Nino
2022-05-14,Sumatera,121.0,Tidak,2022,5,Non-El Nino
2022-05-14,Jawa,2.0,Tidak,2022,5,Non-El Nino
2022-05-14,Kalimantan,3.0,Tidak,2022,5,Non-El Nino
2022-05-14,Sulawesi,5.0,Tidak,2022,5,Non-El Nino
2022-05-14,Bali-Nusa Tenggara,11.0,Tidak,2022,5,Non-El Nino
2022-05-14,Maluku,0.0,Tidak,2022,5,Non-El Nino
2022-05-14,Papua,2.0,Tidak,2022,5,Non-El Nino
2022-05-15,Sumatera,111.0,Tidak,2022,5,Non-El Nino
2022-05-15,Jawa,6.0,Tidak,2022,5,Non-El Nino
2022-05-15,Kalimantan,31.0,Tidak,2022,5,Non-El Nino
2022-05-15,Sulawesi,3.0,Tidak,2022,5,Non-El Nino
2022-05-15,Bali-Nusa Tenggara,5.0,Tidak,2022,5,Non-El Nino
2022-05-15,Maluku,4.0,Tidak,2022,5,Non-El Nino
2022-05-15,Papua,5.0,Tidak,2022,5,Non-El Nino
2022-05-16,Sumatera,32.0,Tidak,2022,5,Non-El Nino
2022-05-16,Jawa,12.0,Tidak,2022,5,Non-El Nino
2022-05-16,Kalimantan,57.0,Tidak,2022,5,Non-El Nino
2022-05-16,Sulawesi,3.0,Tidak,2022,5,Non-El Nino
2022-05-16,Bali-Nusa Tenggara,7.0,Tidak,2022,5,Non-El Nino
2022-05-16,Maluku,2.0,Tidak,2022,5,Non-El Nino
2022-05-16,Papua,13.0,Tidak,2022,5,Non-El Nino
2022-05-17,Sumatera,34.0,Tidak,2022,5,Non-El Nino
2022-05-17,Jawa,3.0,Tidak,2022,5,Non-El Nino
2022-05-17,Kalimantan,2.0,Tidak,2022,5,Non-El Nino
2022-05-17,Sulawesi,6.0,Tidak,2022,5,Non-El Nino
2022-05-17,Bali-Nusa Tenggara,5.0,Tidak,2022,5,Non-El Nino
2022-05-17,Maluku,1.0,Tidak,2022,5,Non-El Nino
2022-05-17,Papua,17.0,Tidak,2022,5,Non-El Nino
2022-05-18,Sumatera,64.0,Tidak,2022,5,Non-El Nino
2022-05-18,Jawa,3.0,Tidak,2022,5,Non-El Nino
2022-05-18,Kalimantan,9.0,Tidak,2022,5,Non-El Nino
2022-05-18,Sulawesi,2.0,Tidak,2022,5,Non-El Nino
2022-05-18,Bali-Nusa Tenggara,6.0,Tidak,2022,5,Non-El Nino
2022-05-18,Maluku,7.0,Tidak,2022,5,Non-El Nino
2022-05-18,Papua,22.0,Tidak,2022,5,Non-El Nino
2022-05-19,Sumatera,93.0,Tidak,2022,5,Non-El Nino
2022-05-19,Jawa,1.0,Tidak,2022,5,Non-El Nino
2022-05-19,Kalimantan,11.0,Tidak,2022,5,Non-El Nino
2022-05-19,Sulawesi,11.0,Tidak,2022,5,Non-El Nino
2022-05-19,Bali-Nusa Tenggara,14.0,Tidak,2022,5,Non-El Nino
2022-05-19,Maluku,2.0,Tidak,2022,5,Non-El Nino
2022-05-19,Papua,5.0,Tidak,2022,5,Non-El Nino
2022-05-20,Sumatera,52.0,Tidak,2022,5,Non-El Nino
2022-05-20,Jawa,0.0,Tidak,2022,5,Non-El Nino
2022-05-20,Kalimantan,7.0,Tidak,2022,5,Non-El Nino
2022-05-20,Sulawesi,6.0,Tidak,2022,5,Non-El Nino
2022-05-20,Bali-Nusa Tenggara,13.0,Tidak,2022,5,Non-El Nino
2022-05-20,Maluku,6.0,Tidak,2022,5,Non-El Nino
2022-05-20,Papua,6.0,Tidak,2022,5,Non-El Nino
2022-05-21,Sumatera,22.0,Tidak,2022,5,Non-El Nino
2022-05-21,Jawa,3.0,Tidak,2022,5,Non-El Nino
2022-05-21,Kalimantan,5.0,Tidak,2022,5,Non-El Nino
2022-05-21,Sulawesi,4.0,Tidak,2022,5,Non-El Nino
2022-05-21,Bali-Nusa Tenggara,19.0,Tidak,2022,5,Non-El Nino
2022-05-21,Maluku,5.0,Tidak,2022,5,Non-El Nino
2022-05-21,Papua,16.0,Tidak,2022,5,Non-El Nino
2022-05-22,Sumatera,58.0,Tidak,2022,5,Non-El Nino
2022-05-22,Jawa,6.0,Tidak,2022,5,Non-El Nino
2022-05-22,Kalimantan,12.0,Tidak,2022,5,Non-El Nino
2022-05-22,Sulawesi,1.0,Tidak,2022,5,Non-El Nino
2022-05-22,Bali-Nusa Tenggara,11.0,Tidak,2022,5,Non-El Nino
2022-05-22,Maluku,0.0,Tidak,2022,5,Non-El Nino
2022-05-22,Papua,10.0,Tidak,2022,5,Non-El Nino
2022-05-23,Sumatera,58.0,Tidak,2022,5,Non-El Nino
2022-05-23,Jawa,8.0,Tidak,2022,5,Non-El Nino
2022-05-23,Kalimantan,21.0,Tidak,2022,5,Non-El Nino
2022-05-23,Sulawesi,7.0,Tidak,2022,5,Non-El Nino
2022-05-23,Bali-Nusa Tenggara,28.0,Tidak,2022,5,Non-El Nino
2022-05-23,Maluku,1.0,Tidak,2022,5,Non-El Nino
2022-05-23,Papua,1.0,Tidak,2022,5,Non-El Nino
2022-05-24,Sumatera,26.0,Tidak,2022,5,Non-El Nino
2022-05-24,Jawa,9.0,Tidak,2022,5,Non-El Nino
2022-05-24,Kalimantan,24.0,Tidak,2022,5,Non-El Nino
2022-05-24,Sulawesi,1.0,Tidak,2022,5,Non-El Nino
2022-05-24,Bali-Nusa Tenggara,23.0,Tidak,2022,5,Non-El Nino
2022-05-24,Maluku,0.0,Tidak,2022,5,Non-El Nino
2022-05-24,Papua,9.0,Tidak,2022,5,Non-El Nino
2022-05-25,Sumatera,1.0,Tidak,2022,5,Non-El Nino
2022-05-25,Jawa,0.0,Tidak,2022,5,Non-El Nino
2022-05-25,Kalimantan,19.0,Tidak,2022,5,Non-El Nino
2022-05-25,Sulawesi,0.0,Tidak,2022,5,Non-El Nino
2022-05-25,Bali-Nusa Tenggara,2.0,Tidak,2022,5,Non-El Nino
2022-05-25,Maluku,1.0,Tidak,2022,5,Non-El Nino
2022-05-25,Papua,0.0,Tidak,2022,5,Non-El Nino
2022-05-26,Sumatera,22.0,Tidak,2022,5,Non-El Nino
2022-05-26,Jawa,2.0,Tidak,2022,5,Non-El Nino
2022-05-26,Kalimantan,2.0,Tidak,2022,5,Non-El Nino
2022-05-26,Sulawesi,2.0,Tidak,2022,5,Non-El Nino
2022-05-26,Bali-Nusa Tenggara,4.0,Tidak,2022,5,Non-El Nino
2022-05-26,Maluku,3.0,Tidak,2022,5,Non-El Nino
2022-05-26,Papua,6.0,Tidak,2022,5,Non-El Nino
2022-05-27,Sumatera,37.0,Tidak,2022,5,Non-El Nino
2022-05-27,Jawa,1.0,Tidak,2022,5,Non-El Nino
2022-05-27,Kalimantan,3.0,Tidak,2022,5,Non-El Nino
2022-05-27,Sulawesi,0.0,Tidak,2022,5,Non-El Nino
2022-05-27,Bali-Nusa Tenggara,2.0,Tidak,2022,5,Non-El Nino
2022-05-27,Maluku,3.0,Tidak,2022,5,Non-El Nino
2022-05-27,Papua,28.0,Tidak,2022,5,Non-El Nino
2022-05-28,Sumatera,13.0,Tidak,2022,5,Non-El Nino
2022-05-28,Jawa,4.0,Tidak,2022,5,Non-El Nino
2022-05-28,Kalimantan,28.0,Tidak,2022,5,Non-El Nino
2022-05-28,Sulawesi,0.0,Tidak,2022,5,Non-El Nino
2022-05-28,Bali-Nusa Tenggara,3.0,Tidak,2022,5,Non-El Nino
2022-05-28,Maluku,0.0,Tidak,2022,5,Non-El Nino
2022-05-28,Papua,47.0,Tidak,2022,5,Non-El Nino
2022-05-29,Sumatera,57.0,Tidak,2022,5,Non-El Nino
2022-05-29,Jawa,4.0,Tidak,2022,5,Non-El Nino
2022-05-29,Kalimantan,20.0,Tidak,2022,5,Non-El Nino
2022-05-29,Sulawesi,5.0,Tidak,2022,5,Non-El Nino
2022-05-29,Bali-Nusa Tenggara,25.0,Tidak,2022,5,Non-El Nino
2022-05-29,Maluku,0.0,Tidak,2022,5,Non-El Nino
2022-05-29,Papua,10.0,Tidak,2022,5,Non-El Nino
2022-05-30,Sumatera,129.0,Tidak,2022,5,Non-El Nino
2022-05-30,Jawa,9.0,Tidak,2022,5,Non-El Nino
2022-05-30,Kalimantan,71.0,Tidak,2022,5,Non-El Nino
2022-05-30,Sulawesi,2.0,Tidak,2022,5,Non-El Nino
2022-05-30,Bali-Nusa Tenggara,7.0,Tidak,2022,5,Non-El Nino
2022-05-30,Maluku,2.0,Tidak,2022,5,Non-El Nino
2022-05-30,Papua,3.0,Tidak,2022,5,Non-El Nino
2022-05-31,Sumatera,121.0,Tidak,2022,5,Non-El Nino
2022-05-31,Jawa,3.0,Tidak,2022,5,Non-El Nino
2022-05-31,Kalimantan,90.0,Tidak,2022,5,Non-El Nino
2022-05-31,Sulawesi,22.0,Tidak,2022,5,Non-El Nino
2022-05-31,Bali-Nusa Tenggara,7.0,Tidak,2022,5,Non-El Nino
2022-05-31,Maluku,3.0,Tidak,2022,5,Non-El Nino
2022-05-31,Papua,0.0,Tidak,2022,5,Non-El Nino
2022-06-01,Sumatera,95.0,Tidak,2022,6,Non-El Nino
2022-06-01,Jawa,7.0,Tidak,2022,6,Non-El Nino
2022-06-01,Kalimantan,59.0,Tidak,2022,6,Non-El Nino
2022-06-01,Sulawesi,17.0,Tidak,2022,6,Non-El Nino
2022-06-01,Bali-Nusa Tenggara,8.0,Tidak,2022,6,Non-El Nino
2022-06-01,Maluku,7.0,Tidak,2022,6,Non-El Nino
2022-06-01,Papua,5.0,Tidak,2022,6,Non-El Nino
2022-06-02,Sumatera,23.0,Tidak,2022,6,Non-El Nino
2022-06-02,Jawa,12.0,Tidak,2022,6,Non-El Nino
2022-06-02,Kalimantan,43.0,Tidak,2022,6,Non-El Nino
2022-06-02,Sulawesi,21.0,Tidak,2022,6,Non-El Nino
2022-06-02,Bali-Nusa Tenggara,14.0,Tidak,2022,6,Non-El Nino
2022-06-02,Maluku,1.0,Tidak,2022,6,Non-El Nino
2022-06-02,Papua,32.0,Tidak,2022,6,Non-El Nino
2022-06-03,Sumatera,24.0,Tidak,2022,6,Non-El Nino
2022-06-03,Jawa,8.0,Tidak,2022,6,Non-El Nino
2022-06-03,Kalimantan,24.0,Tidak,2022,6,Non-El Nino
2022-06-03,Sulawesi,31.0,Tidak,2022,6,Non-El Nino
2022-06-03,Bali-Nusa Tenggara,20.0,Tidak,2022,6,Non-El Nino
2022-06-03,Maluku,2.0,Tidak,2022,6,Non-El Nino
2022-06-03,Papua,42.0,Tidak,2022,6,Non-El Nino
2022-06-04,Sumatera,48.0,Tidak,2022,6,Non-El Nino
2022-06-04,Jawa,8.0,Tidak,2022,6,Non-El Nino
2022-06-04,Kalimantan,7.0,Tidak,2022,6,Non-El Nino
2022-06-04,Sulawesi,19.0,Tidak,2022,6,Non-El Nino
2022-06-04,Bali-Nusa Tenggara,13.0,Tidak,2022,6,Non-El Nino
2022-06-04,Maluku,1.0,Tidak,2022,6,Non-El Nino
2022-06-04,Papua,3.0,Tidak,2022,6,Non-El Nino
2022-06-05,Sumatera,46.0,Tidak,2022,6,Non-El Nino
2022-06-05,Jawa,3.0,Tidak,2022,6,Non-El Nino
2022-06-05,Kalimantan,32.0,Tidak,2022,6,Non-El Nino
2022-06-05,Sulawesi,17.0,Tidak,2022,6,Non-El Nino
2022-06-05,Bali-Nusa Tenggara,6.0,Tidak,2022,6,Non-El Nino
2022-06-05,Maluku,1.0,Tidak,2022,6,Non-El Nino
2022-06-05,Papua,10.0,Tidak,2022,6,Non-El Nino
2022-06-06,Sumatera,22.0,Tidak,2022,6,Non-El Nino
2022-06-06,Jawa,1.0,Tidak,2022,6,Non-El Nino
2022-06-06,Kalimantan,15.0,Tidak,2022,6,Non-El Nino
2022-06-06,Sulawesi,9.0,Tidak,2022,6,Non-El Nino
2022-06-06,Bali-Nusa Tenggara,6.0,Tidak,2022,6,Non-El Nino
2022-06-06,Maluku,2.0,Tidak,2022,6,Non-El Nino
2022-06-06,Papua,20.0,Tidak,2022,6,Non-El Nino
2022-06-07,Sumatera,32.0,Tidak,2022,6,Non-El Nino
2022-06-07,Jawa,8.0,Tidak,2022,6,Non-El Nino
2022-06-07,Kalimantan,15.0,Tidak,2022,6,Non-El Nino
2022-06-07,Sulawesi,3.0,Tidak,2022,6,Non-El Nino
2022-06-07,Bali-Nusa Tenggara,1.0,Tidak,2022,6,Non-El Nino
2022-06-07,Maluku,1.0,Tidak,2022,6,Non-El Nino
2022-06-07,Papua,50.0,Tidak,2022,6,Non-El Nino
2022-06-08,Sumatera,26.0,Tidak,2022,6,Non-El Nino
2022-06-08,Jawa,1.0,Tidak,2022,6,Non-El Nino
2022-06-08,Kalimantan,34.0,Tidak,2022,6,Non-El Nino
2022-06-08,Sulawesi,8.0,Tidak,2022,6,Non-El Nino
2022-06-08,Bali-Nusa Tenggara,12.0,Tidak,2022,6,Non-El Nino
2022-06-08,Maluku,0.0,Tidak,2022,6,Non-El Nino
2022-06-08,Papua,12.0,Tidak,2022,6,Non-El Nino
2022-06-09,Sumatera,9.0,Tidak,2022,6,Non-El Nino
2022-06-09,Jawa,3.0,Tidak,2022,6,Non-El Nino
2022-06-09,Kalimantan,14.0,Tidak,2022,6,Non-El Nino
2022-06-09,Sulawesi,22.0,Tidak,2022,6,Non-El Nino
2022-06-09,Bali-Nusa Tenggara,1.0,Tidak,2022,6,Non-El Nino
2022-06-09,Maluku,1.0,Tidak,2022,6,Non-El Nino
2022-06-09,Papua,1.0,Tidak,2022,6,Non-El Nino
2022-06-10,Sumatera,28.0,Tidak,2022,6,Non-El Nino
2022-06-10,Jawa,4.0,Tidak,2022,6,Non-El Nino
2022-06-10,Kalimantan,6.0,Tidak,2022,6,Non-El Nino
2022-06-10,Sulawesi,16.0,Tidak,2022,6,Non-El Nino
2022-06-10,Bali-Nusa Tenggara,6.0,Tidak,2022,6,Non-El Nino
2022-06-10,Maluku,11.0,Tidak,2022,6,Non-El Nino
2022-06-10,Papua,7.0,Tidak,2022,6,Non-El Nino
2022-06-11,Sumatera,6.0,Tidak,2022,6,Non-El Nino
2022-06-11,Jawa,10.0,Tidak,2022,6,Non-El Nino
2022-06-11,Kalimantan,3.0,Tidak,2022,6,Non-El Nino
2022-06-11,Sulawesi,7.0,Tidak,2022,6,Non-El Nino
2022-06-11,Bali-Nusa Tenggara,6.0,Tidak,2022,6,Non-El Nino
2022-06-11,Maluku,4.0,Tidak,2022,6,Non-El Nino
2022-06-11,Papua,18.0,Tidak,2022,6,Non-El Nino
2022-06-12,Sumatera,1.0,Tidak,2022,6,Non-El Nino
2022-06-12,Jawa,4.0,Tidak,2022,6,Non-El Nino
2022-06-12,Kalimantan,5.0,Tidak,2022,6,Non-El Nino
2022-06-12,Sulawesi,1.0,Tidak,2022,6,Non-El Nino
2022-06-12,Bali-Nusa Tenggara,3.0,Tidak,2022,6,Non-El Nino
2022-06-12,Maluku,1.0,Tidak,2022,6,Non-El Nino
2022-06-12,Papua,16.0,Tidak,2022,6,Non-El Nino
2022-06-13,Sumatera,12.0,Tidak,2022,6,Non-El Nino
2022-06-13,Jawa,0.0,Tidak,2022,6,Non-El Nino
2022-06-13,Kalimantan,13.0,Tidak,2022,6,Non-El Nino
2022-06-13,Sulawesi,3.0,Tidak,2022,6,Non-El Nino
2022-06-13,Bali-Nusa Tenggara,20.0,Tidak,2022,6,Non-El Nino
2022-06-13,Maluku,0.0,Tidak,2022,6,Non-El Nino
2022-06-13,Papua,12.0,Tidak,2022,6,Non-El Nino
2022-06-14,Sumatera,20.0,Tidak,2022,6,Non-El Nino
2022-06-14,Jawa,3.0,Tidak,2022,6,Non-El Nino
2022-06-14,Kalimantan,17.0,Tidak,2022,6,Non-El Nino
2022-06-14,Sulawesi,18.0,Tidak,2022,6,Non-El Nino
2022-06-14,Bali-Nusa Tenggara,32.0,Tidak,2022,6,Non-El Nino
2022-06-14,Maluku,1.0,Tidak,2022,6,Non-El Nino
2022-06-14,Papua,16.0,Tidak,2022,6,Non-El Nino
2022-06-15,Sumatera,12.0,Tidak,2022,6,Non-El Nino
2022-06-15,Jawa,6.0,Tidak,2022,6,Non-El Nino
2022-06-15,Kalimantan,16.0,Tidak,2022,6,Non-El Nino
2022-06-15,Sulawesi,16.0,Tidak,2022,6,Non-El Nino
2022-06-15,Bali-Nusa Tenggara,3.0,Tidak,2022,6,Non-El Nino
2022-06-15,Maluku,0.0,Tidak,2022,6,Non-El Nino
2022-06-15,Papua,4.0,Tidak,2022,6,Non-El Nino
2022-06-16,Sumatera,6.0,Tidak,2022,6,Non-El Nino
2022-06-16,Jawa,1.0,Tidak,2022,6,Non-El Nino
2022-06-16,Kalimantan,15.0,Tidak,2022,6,Non-El Nino
2022-06-16,Sulawesi,4.0,Tidak,2022,6,Non-El Nino
2022-06-16,Bali-Nusa Tenggara,5.0,Tidak,2022,6,Non-El Nino
2022-06-16,Maluku,1.0,Tidak,2022,6,Non-El Nino
2022-06-16,Papua,16.0,Tidak,2022,6,Non-El Nino
2022-06-17,Sumatera,7.0,Tidak,2022,6,Non-El Nino
2022-06-17,Jawa,3.0,Tidak,2022,6,Non-El Nino
2022-06-17,Kalimantan,6.0,Tidak,2022,6,Non-El Nino
2022-06-17,Sulawesi,1.0,Tidak,2022,6,Non-El Nino
2022-06-17,Bali-Nusa Tenggara,9.0,Tidak,2022,6,Non-El Nino
2022-06-17,Maluku,0.0,Tidak,2022,6,Non-El Nino
2022-06-17,Papua,2.0,Tidak,2022,6,Non-El Nino
2022-06-18,Sumatera,17.0,Tidak,2022,6,Non-El Nino
2022-06-18,Jawa,12.0,Tidak,2022,6,Non-El Nino
2022-06-18,Kalimantan,12.0,Tidak,2022,6,Non-El Nino
2022-06-18,Sulawesi,7.0,Tidak,2022,6,Non-El Nino
2022-06-18,Bali-Nusa Tenggara,16.0,Tidak,2022,6,Non-El Nino
2022-06-18,Maluku,0.0,Tidak,2022,6,Non-El Nino
2022-06-18,Papua,19.0,Tidak,2022,6,Non-El Nino
2022-06-19,Sumatera,18.0,Tidak,2022,6,Non-El Nino
2022-06-19,Jawa,3.0,Tidak,2022,6,Non-El Nino
2022-06-19,Kalimantan,17.0,Tidak,2022,6,Non-El Nino
2022-06-19,Sulawesi,0.0,Tidak,2022,6,Non-El Nino
2022-06-19,Bali-Nusa Tenggara,21.0,Tidak,2022,6,Non-El Nino
2022-06-19,Maluku,1.0,Tidak,2022,6,Non-El Nino
2022-06-19,Papua,2.0,Tidak,2022,6,Non-El Nino
2022-06-20,Sumatera,14.0,Tidak,2022,6,Non-El Nino
2022-06-20,Jawa,5.0,Tidak,2022,6,Non-El Nino
2022-06-20,Kalimantan,5.0,Tidak,2022,6,Non-El Nino
2022-06-20,Sulawesi,12.0,Tidak,2022,6,Non-El Nino
2022-06-20,Bali-Nusa Tenggara,19.0,Tidak,2022,6,Non-El Nino
2022-06-20,Maluku,0.0,Tidak,2022,6,Non-El Nino
2022-06-20,Papua,0.0,Tidak,2022,6,Non-El Nino
2022-06-21,Sumatera,10.0,Tidak,2022,6,Non-El Nino
2022-06-21,Jawa,11.0,Tidak,2022,6,Non-El Nino
2022-06-21,Kalimantan,6.0,Tidak,2022,6,Non-El Nino
2022-06-21,Sulawesi,9.0,Tidak,2022,6,Non-El Nino
2022-06-21,Bali-Nusa Tenggara,34.0,Tidak,2022,6,Non-El Nino
2022-06-21,Maluku,5.0,Tidak,2022,6,Non-El Nino
2022-06-21,Papua,6.0,Tidak,2022,6,Non-El Nino
2022-06-22,Sumatera,12.0,Tidak,2022,6,Non-El Nino
2022-06-22,Jawa,10.0,Tidak,2022,6,Non-El Nino
2022-06-22,Kalimantan,7.0,Tidak,2022,6,Non-El Nino
2022-06-22,Sulawesi,2.0,Tidak,2022,6,Non-El Nino
2022-06-22,Bali-Nusa Tenggara,29.0,Tidak,2022,6,Non-El Nino
2022-06-22,Maluku,1.0,Tidak,2022,6,Non-El Nino
2022-06-22,Papua,17.0,Tidak,2022,6,Non-El Nino
2022-06-23,Sumatera,3.0,Tidak,2022,6,Non-El Nino
2022-06-23,Jawa,9.0,Tidak,2022,6,Non-El Nino
2022-06-23,Kalimantan,3.0,Tidak,2022,6,Non-El Nino
2022-06-23,Sulawesi,0.0,Tidak,2022,6,Non-El Nino
2022-06-23,Bali-Nusa Tenggara,38.0,Tidak,2022,6,Non-El Nino
2022-06-23,Maluku,5.0,Tidak,2022,6,Non-El Nino
2022-06-23,Papua,26.0,Tidak,2022,6,Non-El Nino
2022-06-24,Sumatera,11.0,Tidak,2022,6,Non-El Nino
2022-06-24,Jawa,0.0,Tidak,2022,6,Non-El Nino
2022-06-24,Kalimantan,5.0,Tidak,2022,6,Non-El Nino
2022-06-24,Sulawesi,6.0,Tidak,2022,6,Non-El Nino
2022-06-24,Bali-Nusa Tenggara,10.0,Tidak,2022,6,Non-El Nino
2022-06-24,Maluku,0.0,Tidak,2022,6,Non-El Nino
2022-06-24,Papua,12.0,Tidak,2022,6,Non-El Nino
2022-06-25,Sumatera,14.0,Tidak,2022,6,Non-El Nino
2022-06-25,Jawa,5.0,Tidak,2022,6,Non-El Nino
2022-06-25,Kalimantan,19.0,Tidak,2022,6,Non-El Nino
2022-06-25,Sulawesi,15.0,Tidak,2022,6,Non-El Nino
2022-06-25,Bali-Nusa Tenggara,11.0,Tidak,2022,6,Non-El Nino
2022-06-25,Maluku,0.0,Tidak,2022,6,Non-El Nino
2022-06-25,Papua,4.0,Tidak,2022,6,Non-El Nino
2022-06-26,Sumatera,9.0,Tidak,2022,6,Non-El Nino
2022-06-26,Jawa,1.0,Tidak,2022,6,Non-El Nino
2022-06-26,Kalimantan,6.0,Tidak,2022,6,Non-El Nino
2022-06-26,Sulawesi,15.0,Tidak,2022,6,Non-El Nino
2022-06-26,Bali-Nusa Tenggara,3.0,Tidak,2022,6,Non-El Nino
2022-06-26,Maluku,0.0,Tidak,2022,6,Non-El Nino
2022-06-26,Papua,0.0,Tidak,2022,6,Non-El Nino
2022-06-27,Sumatera,53.0,Tidak,2022,6,Non-El Nino
2022-06-27,Jawa,2.0,Tidak,2022,6,Non-El Nino
2022-06-27,Kalimantan,9.0,Tidak,2022,6,Non-El Nino
2022-06-27,Sulawesi,3.0,Tidak,2022,6,Non-El Nino
2022-06-27,Bali-Nusa Tenggara,12.0,Tidak,2022,6,Non-El Nino
2022-06-27,Maluku,0.0,Tidak,2022,6,Non-El Nino
2022-06-27,Papua,1.0,Tidak,2022,6,Non-El Nino
2022-06-28,Sumatera,1.0,Tidak,2022,6,Non-El Nino
2022-06-28,Jawa,1.0,Tidak,2022,6,Non-El Nino
2022-06-28,Kalimantan,0.0,Tidak,2022,6,Non-El Nino
2022-06-28,Sulawesi,0.0,Tidak,2022,6,Non-El Nino
2022-06-28,Bali-Nusa Tenggara,0.0,Tidak,2022,6,Non-El Nino
2022-06-28,Maluku,0.0,Tidak,2022,6,Non-El Nino
2022-06-28,Papua,0.0,Tidak,2022,6,Non-El Nino
2022-06-29,Sumatera,5.0,Tidak,2022,6,Non-El Nino
2022-06-29,Jawa,15.0,Tidak,2022,6,Non-El Nino
2022-06-29,Kalimantan,5.0,Tidak,2022,6,Non-El Nino
2022-06-29,Sulawesi,1.0,Tidak,2022,6,Non-El Nino
2022-06-29,Bali-Nusa Tenggara,13.0,Tidak,2022,6,Non-El Nino
2022-06-29,Maluku,0.0,Tidak,2022,6,Non-El Nino
2022-06-29,Papua,6.0,Tidak,2022,6,Non-El Nino
2022-06-30,Sumatera,17.0,Tidak,2022,6,Non-El Nino
2022-06-30,Jawa,8.0,Tidak,2022,6,Non-El Nino
2022-06-30,Kalimantan,0.0,Tidak,2022,6,Non-El Nino
2022-06-30,Sulawesi,10.0,Tidak,2022,6,Non-El Nino
2022-06-30,Bali-Nusa Tenggara,3.0,Tidak,2022,6,Non-El Nino
2022-06-30,Maluku,1.0,Tidak,2022,6,Non-El Nino
2022-06-30,Papua,12.0,Tidak,2022,6,Non-El Nino
2022-07-01,Sumatera,73.0,Tidak,2022,7,Non-El Nino
2022-07-01,Jawa,4.0,Tidak,2022,7,Non-El Nino
2022-07-01,Kalimantan,4.0,Tidak,2022,7,Non-El Nino
2022-07-01,Sulawesi,8.0,Tidak,2022,7,Non-El Nino
2022-07-01,Bali-Nusa Tenggara,2.0,Tidak,2022,7,Non-El Nino
2022-07-01,Maluku,0.0,Tidak,2022,7,Non-El Nino
2022-07-01,Papua,46.0,Tidak,2022,7,Non-El Nino
2022-07-02,Sumatera,120.0,Tidak,2022,7,Non-El Nino
2022-07-02,Jawa,2.0,Tidak,2022,7,Non-El Nino
2022-07-02,Kalimantan,34.0,Tidak,2022,7,Non-El Nino
2022-07-02,Sulawesi,1.0,Tidak,2022,7,Non-El Nino
2022-07-02,Bali-Nusa Tenggara,2.0,Tidak,2022,7,Non-El Nino
2022-07-02,Maluku,0.0,Tidak,2022,7,Non-El Nino
2022-07-02,Papua,17.0,Tidak,2022,7,Non-El Nino
2022-07-03,Sumatera,75.0,Tidak,2022,7,Non-El Nino
2022-07-03,Jawa,14.0,Tidak,2022,7,Non-El Nino
2022-07-03,Kalimantan,21.0,Tidak,2022,7,Non-El Nino
2022-07-03,Sulawesi,4.0,Tidak,2022,7,Non-El Nino
2022-07-03,Bali-Nusa Tenggara,2.0,Tidak,2022,7,Non-El Nino
2022-07-03,Maluku,0.0,Tidak,2022,7,Non-El Nino
2022-07-03,Papua,1.0,Tidak,2022,7,Non-El Nino
2022-07-04,Sumatera,69.0,Tidak,2022,7,Non-El Nino
2022-07-04,Jawa,15.0,Tidak,2022,7,Non-El Nino
2022-07-04,Kalimantan,3.0,Tidak,2022,7,Non-El Nino
2022-07-04,Sulawesi,1.0,Tidak,2022,7,Non-El Nino
2022-07-04,Bali-Nusa Tenggara,10.0,Tidak,2022,7,Non-El Nino
2022-07-04,Maluku,0.0,Tidak,2022,7,Non-El Nino
2022-07-04,Papua,53.0,Tidak,2022,7,Non-El Nino
2022-07-05,Sumatera,15.0,Tidak,2022,7,Non-El Nino
2022-07-05,Jawa,5.0,Tidak,2022,7,Non-El Nino
2022-07-05,Kalimantan,22.0,Tidak,2022,7,Non-El Nino
2022-07-05,Sulawesi,12.0,Tidak,2022,7,Non-El Nino
2022-07-05,Bali-Nusa Tenggara,33.0,Tidak,2022,7,Non-El Nino
2022-07-05,Maluku,0.0,Tidak,2022,7,Non-El Nino
2022-07-05,Papua,16.0,Tidak,2022,7,Non-El Nino
2022-07-06,Sumatera,31.0,Tidak,2022,7,Non-El Nino
2022-07-06,Jawa,6.0,Tidak,2022,7,Non-El Nino
2022-07-06,Kalimantan,8.0,Tidak,2022,7,Non-El Nino
2022-07-06,Sulawesi,5.0,Tidak,2022,7,Non-El Nino
2022-07-06,Bali-Nusa Tenggara,32.0,Tidak,2022,7,Non-El Nino
2022-07-06,Maluku,4.0,Tidak,2022,7,Non-El Nino
2022-07-06,Papua,1.0,Tidak,2022,7,Non-El Nino
2022-07-07,Sumatera,161.0,Tidak,2022,7,Non-El Nino
2022-07-07,Jawa,6.0,Tidak,2022,7,Non-El Nino
2022-07-07,Kalimantan,24.0,Tidak,2022,7,Non-El Nino
2022-07-07,Sulawesi,1.0,Tidak,2022,7,Non-El Nino
2022-07-07,Bali-Nusa Tenggara,17.0,Tidak,2022,7,Non-El Nino
2022-07-07,Maluku,0.0,Tidak,2022,7,Non-El Nino
2022-07-07,Papua,1.0,Tidak,2022,7,Non-El Nino
2022-07-08,Sumatera,72.0,Tidak,2022,7,Non-El Nino
2022-07-08,Jawa,26.0,Tidak,2022,7,Non-El Nino
2022-07-08,Kalimantan,36.0,Tidak,2022,7,Non-El Nino
2022-07-08,Sulawesi,1.0,Tidak,2022,7,Non-El Nino
2022-07-08,Bali-Nusa Tenggara,12.0,Tidak,2022,7,Non-El Nino
2022-07-08,Maluku,0.0,Tidak,2022,7,Non-El Nino
2022-07-08,Papua,0.0,Tidak,2022,7,Non-El Nino
2022-07-09,Sumatera,137.0,Tidak,2022,7,Non-El Nino
2022-07-09,Jawa,26.0,Tidak,2022,7,Non-El Nino
2022-07-09,Kalimantan,6.0,Tidak,2022,7,Non-El Nino
2022-07-09,Sulawesi,0.0,Tidak,2022,7,Non-El Nino
2022-07-09,Bali-Nusa Tenggara,13.0,Tidak,2022,7,Non-El Nino
2022-07-09,Maluku,1.0,Tidak,2022,7,Non-El Nino
2022-07-09,Papua,1.0,Tidak,2022,7,Non-El Nino
2022-07-10,Sumatera,40.0,Tidak,2022,7,Non-El Nino
2022-07-10,Jawa,5.0,Tidak,2022,7,Non-El Nino
2022-07-10,Kalimantan,8.0,Tidak,2022,7,Non-El Nino
2022-07-10,Sulawesi,0.0,Tidak,2022,7,Non-El Nino
2022-07-10,Bali-Nusa Tenggara,16.0,Tidak,2022,7,Non-El Nino
2022-07-10,Maluku,2.0,Tidak,2022,7,Non-El Nino
2022-07-10,Papua,1.0,Tidak,2022,7,Non-El Nino
2022-07-11,Sumatera,73.0,Tidak,2022,7,Non-El Nino
2022-07-11,Jawa,1.0,Tidak,2022,7,Non-El Nino
2022-07-11,Kalimantan,3.0,Tidak,2022,7,Non-El Nino
2022-07-11,Sulawesi,3.0,Tidak,2022,7,Non-El Nino
2022-07-11,Bali-Nusa Tenggara,11.0,Tidak,2022,7,Non-El Nino
2022-07-11,Maluku,0.0,Tidak,2022,7,Non-El Nino
2022-07-11,Papua,8.0,Tidak,2022,7,Non-El Nino
2022-07-12,Sumatera,18.0,Tidak,2022,7,Non-El Nino
2022-07-12,Jawa,7.0,Tidak,2022,7,Non-El Nino
2022-07-12,Kalimantan,12.0,Tidak,2022,7,Non-El Nino
2022-07-12,Sulawesi,0.0,Tidak,2022,7,Non-El Nino
2022-07-12,Bali-Nusa Tenggara,29.0,Tidak,2022,7,Non-El Nino
2022-07-12,Maluku,1.0,Tidak,2022,7,Non-El Nino
2022-07-12,Papua,1.0,Tidak,2022,7,Non-El Nino
2022-07-13,Sumatera,6.0,Tidak,2022,7,Non-El Nino
2022-07-13,Jawa,1.0,Tidak,2022,7,Non-El Nino
2022-07-13,Kalimantan,2.0,Tidak,2022,7,Non-El Nino
2022-07-13,Sulawesi,3.0,Tidak,2022,7,Non-El Nino
2022-07-13,Bali-Nusa Tenggara,33.0,Tidak,2022,7,Non-El Nino
2022-07-13,Maluku,1.0,Tidak,2022,7,Non-El Nino
2022-07-13,Papua,1.0,Tidak,2022,7,Non-El Nino
2022-07-14,Sumatera,24.0,Tidak,2022,7,Non-El Nino
2022-07-14,Jawa,10.0,Tidak,2022,7,Non-El Nino
2022-07-14,Kalimantan,16.0,Tidak,2022,7,Non-El Nino
2022-07-14,Sulawesi,0.0,Tidak,2022,7,Non-El Nino
2022-07-14,Bali-Nusa Tenggara,16.0,Tidak,2022,7,Non-El Nino
2022-07-14,Maluku,1.0,Tidak,2022,7,Non-El Nino
2022-07-14,Papua,24.0,Tidak,2022,7,Non-El Nino
2022-07-15,Sumatera,46.0,Tidak,2022,7,Non-El Nino
2022-07-15,Jawa,3.0,Tidak,2022,7,Non-El Nino
2022-07-15,Kalimantan,48.0,Tidak,2022,7,Non-El Nino
2022-07-15,Sulawesi,0.0,Tidak,2022,7,Non-El Nino
2022-07-15,Bali-Nusa Tenggara,13.0,Tidak,2022,7,Non-El Nino
2022-07-15,Maluku,1.0,Tidak,2022,7,Non-El Nino
2022-07-15,Papua,18.0,Tidak,2022,7,Non-El Nino
2022-07-16,Sumatera,101.0,Tidak,2022,7,Non-El Nino
2022-07-16,Jawa,3.0,Tidak,2022,7,Non-El Nino
2022-07-16,Kalimantan,89.0,Tidak,2022,7,Non-El Nino
2022-07-16,Sulawesi,1.0,Tidak,2022,7,Non-El Nino
2022-07-16,Bali-Nusa Tenggara,17.0,Tidak,2022,7,Non-El Nino
2022-07-16,Maluku,1.0,Tidak,2022,7,Non-El Nino
2022-07-16,Papua,9.0,Tidak,2022,7,Non-El Nino
2022-07-17,Sumatera,228.0,Tidak,2022,7,Non-El Nino
2022-07-17,Jawa,4.0,Tidak,2022,7,Non-El Nino
2022-07-17,Kalimantan,1.0,Tidak,2022,7,Non-El Nino
2022-07-17,Sulawesi,4.0,Tidak,2022,7,Non-El Nino
2022-07-17,Bali-Nusa Tenggara,37.0,Tidak,2022,7,Non-El Nino
2022-07-17,Maluku,3.0,Tidak,2022,7,Non-El Nino
2022-07-17,Papua,9.0,Tidak,2022,7,Non-El Nino
2022-07-18,Sumatera,230.0,Tidak,2022,7,Non-El Nino
2022-07-18,Jawa,8.0,Tidak,2022,7,Non-El Nino
2022-07-18,Kalimantan,41.0,Tidak,2022,7,Non-El Nino
2022-07-18,Sulawesi,0.0,Tidak,2022,7,Non-El Nino
2022-07-18,Bali-Nusa Tenggara,32.0,Tidak,2022,7,Non-El Nino
2022-07-18,Maluku,6.0,Tidak,2022,7,Non-El Nino
2022-07-18,Papua,5.0,Tidak,2022,7,Non-El Nino
2022-07-19,Sumatera,126.0,Tidak,2022,7,Non-El Nino
2022-07-19,Jawa,24.0,Tidak,2022,7,Non-El Nino
2022-07-19,Kalimantan,204.0,Tidak,2022,7,Non-El Nino
2022-07-19,Sulawesi,1.0,Tidak,2022,7,Non-El Nino
2022-07-19,Bali-Nusa Tenggara,34.0,Tidak,2022,7,Non-El Nino
2022-07-19,Maluku,0.0,Tidak,2022,7,Non-El Nino
2022-07-19,Papua,8.0,Tidak,2022,7,Non-El Nino
2022-07-20,Sumatera,92.0,Tidak,2022,7,Non-El Nino
2022-07-20,Jawa,25.0,Tidak,2022,7,Non-El Nino
2022-07-20,Kalimantan,253.0,Tidak,2022,7,Non-El Nino
2022-07-20,Sulawesi,10.0,Tidak,2022,7,Non-El Nino
2022-07-20,Bali-Nusa Tenggara,65.0,Tidak,2022,7,Non-El Nino
2022-07-20,Maluku,6.0,Tidak,2022,7,Non-El Nino
2022-07-20,Papua,0.0,Tidak,2022,7,Non-El Nino
2022-07-21,Sumatera,72.0,Tidak,2022,7,Non-El Nino
2022-07-21,Jawa,5.0,Tidak,2022,7,Non-El Nino
2022-07-21,Kalimantan,346.0,Tidak,2022,7,Non-El Nino
2022-07-21,Sulawesi,29.0,Tidak,2022,7,Non-El Nino
2022-07-21,Bali-Nusa Tenggara,97.0,Tidak,2022,7,Non-El Nino
2022-07-21,Maluku,3.0,Tidak,2022,7,Non-El Nino
2022-07-21,Papua,1.0,Tidak,2022,7,Non-El Nino
2022-07-22,Sumatera,13.0,Tidak,2022,7,Non-El Nino
2022-07-22,Jawa,5.0,Tidak,2022,7,Non-El Nino
2022-07-22,Kalimantan,15.0,Tidak,2022,7,Non-El Nino
2022-07-22,Sulawesi,16.0,Tidak,2022,7,Non-El Nino
2022-07-22,Bali-Nusa Tenggara,60.0,Tidak,2022,7,Non-El Nino
2022-07-22,Maluku,18.0,Tidak,2022,7,Non-El Nino
2022-07-22,Papua,1.0,Tidak,2022,7,Non-El Nino
2022-07-23,Sumatera,33.0,Tidak,2022,7,Non-El Nino
2022-07-23,Jawa,9.0,Tidak,2022,7,Non-El Nino
2022-07-23,Kalimantan,56.0,Tidak,2022,7,Non-El Nino
2022-07-23,Sulawesi,3.0,Tidak,2022,7,Non-El Nino
2022-07-23,Bali-Nusa Tenggara,88.0,Tidak,2022,7,Non-El Nino
2022-07-23,Maluku,32.0,Tidak,2022,7,Non-El Nino
2022-07-23,Papua,3.0,Tidak,2022,7,Non-El Nino
2022-07-24,Sumatera,5.0,Tidak,2022,7,Non-El Nino
2022-07-24,Jawa,32.0,Tidak,2022,7,Non-El Nino
2022-07-24,Kalimantan,46.0,Tidak,2022,7,Non-El Nino
2022-07-24,Sulawesi,17.0,Tidak,2022,7,Non-El Nino
2022-07-24,Bali-Nusa Tenggara,75.0,Tidak,2022,7,Non-El Nino
2022-07-24,Maluku,3.0,Tidak,2022,7,Non-El Nino
2022-07-24,Papua,2.0,Tidak,2022,7,Non-El Nino
2022-07-25,Sumatera,0.0,Tidak,2022,7,Non-El Nino
2022-07-25,Jawa,38.0,Tidak,2022,7,Non-El Nino
2022-07-25,Kalimantan,49.0,Tidak,2022,7,Non-El Nino
2022-07-25,Sulawesi,10.0,Tidak,2022,7,Non-El Nino
2022-07-25,Bali-Nusa Tenggara,71.0,Tidak,2022,7,Non-El Nino
2022-07-25,Maluku,1.0,Tidak,2022,7,Non-El Nino
2022-07-25,Papua,31.0,Tidak,2022,7,Non-El Nino
2022-07-26,Sumatera,1.0,Tidak,2022,7,Non-El Nino
2022-07-26,Jawa,12.0,Tidak,2022,7,Non-El Nino
2022-07-26,Kalimantan,51.0,Tidak,2022,7,Non-El Nino
2022-07-26,Sulawesi,3.0,Tidak,2022,7,Non-El Nino
2022-07-26,Bali-Nusa Tenggara,57.0,Tidak,2022,7,Non-El Nino
2022-07-26,Maluku,3.0,Tidak,2022,7,Non-El Nino
2022-07-26,Papua,7.0,Tidak,2022,7,Non-El Nino
2022-07-27,Sumatera,,Ya,2022,7,Non-El Nino
2022-07-27,Jawa,,Ya,2022,7,Non-El Nino
2022-07-27,Kalimantan,,Ya,2022,7,Non-El Nino
2022-07-27,Sulawesi,,Ya,2022,7,Non-El Nino
2022-07-27,Bali-Nusa Tenggara,,Ya,2022,7,Non-El Nino
2022-07-27,Maluku,,Ya,2022,7,Non-El Nino
2022-07-27,Papua,,Ya,2022,7,Non-El Nino
2022-07-28,Sumatera,,Ya,2022,7,Non-El Nino
2022-07-28,Jawa,,Ya,2022,7,Non-El Nino
2022-07-28,Kalimantan,,Ya,2022,7,Non-El Nino
2022-07-28,Sulawesi,,Ya,2022,7,Non-El Nino
2022-07-28,Bali-Nusa Tenggara,,Ya,2022,7,Non-El Nino
2022-07-28,Maluku,,Ya,2022,7,Non-El Nino
2022-07-28,Papua,,Ya,2022,7,Non-El Nino
2022-07-29,Sumatera,,Ya,2022,7,Non-El Nino
2022-07-29,Jawa,,Ya,2022,7,Non-El Nino
2022-07-29,Kalimantan,,Ya,2022,7,Non-El Nino
2022-07-29,Sulawesi,,Ya,2022,7,Non-El Nino
2022-07-29,Bali-Nusa Tenggara,,Ya,2022,7,Non-El Nino
2022-07-29,Maluku,,Ya,2022,7,Non-El Nino
2022-07-29,Papua,,Ya,2022,7,Non-El Nino
2022-07-30,Sumatera,,Ya,2022,7,Non-El Nino
2022-07-30,Jawa,,Ya,2022,7,Non-El Nino
2022-07-30,Kalimantan,,Ya,2022,7,Non-El Nino
2022-07-30,Sulawesi,,Ya,2022,7,Non-El Nino
2022-07-30,Bali-Nusa Tenggara,,Ya,2022,7,Non-El Nino
2022-07-30,Maluku,,Ya,2022,7,Non-El Nino
2022-07-30,Papua,,Ya,2022,7,Non-El Nino
2022-07-31,Sumatera,,Ya,2022,7,Non-El Nino
2022-07-31,Jawa,,Ya,2022,7,Non-El Nino
2022-07-31,Kalimantan,,Ya,2022,7,Non-El Nino
2022-07-31,Sulawesi,,Ya,2022,7,Non-El Nino
2022-07-31,Bali-Nusa Tenggara,,Ya,2022,7,Non-El Nino
2022-07-31,Maluku,,Ya,2022,7,Non-El Nino
2022-07-31,Papua,,Ya,2022,7,Non-El Nino
2022-08-01,Sumatera,,Ya,2022,8,Non-El Nino
2022-08-01,Jawa,,Ya,2022,8,Non-El Nino
2022-08-01,Kalimantan,,Ya,2022,8,Non-El Nino
2022-08-01,Sulawesi,,Ya,2022,8,Non-El Nino
2022-08-01,Bali-Nusa Tenggara,,Ya,2022,8,Non-El Nino
2022-08-01,Maluku,,Ya,2022,8,Non-El Nino
2022-08-01,Papua,,Ya,2022,8,Non-El Nino
2022-08-02,Sumatera,,Ya,2022,8,Non-El Nino
2022-08-02,Jawa,,Ya,2022,8,Non-El Nino
2022-08-02,Kalimantan,,Ya,2022,8,Non-El Nino
2022-08-02,Sulawesi,,Ya,2022,8,Non-El Nino
2022-08-02,Bali-Nusa Tenggara,,Ya,2022,8,Non-El Nino
2022-08-02,Maluku,,Ya,2022,8,Non-El Nino
2022-08-02,Papua,,Ya,2022,8,Non-El Nino
2022-08-03,Sumatera,,Ya,2022,8,Non-El Nino
2022-08-03,Jawa,,Ya,2022,8,Non-El Nino
2022-08-03,Kalimantan,,Ya,2022,8,Non-El Nino
2022-08-03,Sulawesi,,Ya,2022,8,Non-El Nino
2022-08-03,Bali-Nusa Tenggara,,Ya,2022,8,Non-El Nino
2022-08-03,Maluku,,Ya,2022,8,Non-El Nino
2022-08-03,Papua,,Ya,2022,8,Non-El Nino
2022-08-04,Sumatera,,Ya,2022,8,Non-El Nino
2022-08-04,Jawa,,Ya,2022,8,Non-El Nino
2022-08-04,Kalimantan,,Ya,2022,8,Non-El Nino
2022-08-04,Sulawesi,,Ya,2022,8,Non-El Nino
2022-08-04,Bali-Nusa Tenggara,,Ya,2022,8,Non-El Nino
2022-08-04,Maluku,,Ya,2022,8,Non-El Nino
2022-08-04,Papua,,Ya,2022,8,Non-El Nino
2022-08-05,Sumatera,,Ya,2022,8,Non-El Nino
2022-08-05,Jawa,,Ya,2022,8,Non-El Nino
2022-08-05,Kalimantan,,Ya,2022,8,Non-El Nino
2022-08-05,Sulawesi,,Ya,2022,8,Non-El Nino
2022-08-05,Bali-Nusa Tenggara,,Ya,2022,8,Non-El Nino
2022-08-05,Maluku,,Ya,2022,8,Non-El Nino
2022-08-05,Papua,,Ya,2022,8,Non-El Nino
2022-08-06,Sumatera,,Ya,2022,8,Non-El Nino
2022-08-06,Jawa,,Ya,2022,8,Non-El Nino
2022-08-06,Kalimantan,,Ya,2022,8,Non-El Nino
2022-08-06,Sulawesi,,Ya,2022,8,Non-El Nino
2022-08-06,Bali-Nusa Tenggara,,Ya,2022,8,Non-El Nino
2022-08-06,Maluku,,Ya,2022,8,Non-El Nino
2022-08-06,Papua,,Ya,2022,8,Non-El Nino
2022-08-07,Sumatera,,Ya,2022,8,Non-El Nino
2022-08-07,Jawa,,Ya,2022,8,Non-El Nino
2022-08-07,Kalimantan,,Ya,2022,8,Non-El Nino
2022-08-07,Sulawesi,,Ya,2022,8,Non-El Nino
2022-08-07,Bali-Nusa Tenggara,,Ya,2022,8,Non-El Nino
2022-08-07,Maluku,,Ya,2022,8,Non-El Nino
2022-08-07,Papua,,Ya,2022,8,Non-El Nino
2022-08-08,Sumatera,,Ya,2022,8,Non-El Nino
2022-08-08,Jawa,,Ya,2022,8,Non-El Nino
2022-08-08,Kalimantan,,Ya,2022,8,Non-El Nino
2022-08-08,Sulawesi,,Ya,2022,8,Non-El Nino
2022-08-08,Bali-Nusa Tenggara,,Ya,2022,8,Non-El Nino
2022-08-08,Maluku,,Ya,2022,8,Non-El Nino
2022-08-08,Papua,,Ya,2022,8,Non-El Nino
2022-08-09,Sumatera,,Ya,2022,8,Non-El Nino
2022-08-09,Jawa,,Ya,2022,8,Non-El Nino
2022-08-09,Kalimantan,,Ya,2022,8,Non-El Nino
2022-08-09,Sulawesi,,Ya,2022,8,Non-El Nino
2022-08-09,Bali-Nusa Tenggara,,Ya,2022,8,Non-El Nino
2022-08-09,Maluku,,Ya,2022,8,Non-El Nino
2022-08-09,Papua,,Ya,2022,8,Non-El Nino
2022-08-10,Sumatera,,Ya,2022,8,Non-El Nino
2022-08-10,Jawa,,Ya,2022,8,Non-El Nino
2022-08-10,Kalimantan,,Ya,2022,8,Non-El Nino
2022-08-10,Sulawesi,,Ya,2022,8,Non-El Nino
2022-08-10,Bali-Nusa Tenggara,,Ya,2022,8,Non-El Nino
2022-08-10,Maluku,,Ya,2022,8,Non-El Nino
2022-08-10,Papua,,Ya,2022,8,Non-El Nino
2022-08-11,Sumatera,188.0,Tidak,2022,8,Non-El Nino
2022-08-11,Jawa,30.0,Tidak,2022,8,Non-El Nino
2022-08-11,Kalimantan,961.0,Tidak,2022,8,Non-El Nino
2022-08-11,Sulawesi,3.0,Tidak,2022,8,Non-El Nino
2022-08-11,Bali-Nusa Tenggara,5.0,Tidak,2022,8,Non-El Nino
2022-08-11,Maluku,6.0,Tidak,2022,8,Non-El Nino
2022-08-11,Papua,30.0,Tidak,2022,8,Non-El Nino
2022-08-12,Sumatera,232.0,Tidak,2022,8,Non-El Nino
2022-08-12,Jawa,28.0,Tidak,2022,8,Non-El Nino
2022-08-12,Kalimantan,292.0,Tidak,2022,8,Non-El Nino
2022-08-12,Sulawesi,23.0,Tidak,2022,8,Non-El Nino
2022-08-12,Bali-Nusa Tenggara,21.0,Tidak,2022,8,Non-El Nino
2022-08-12,Maluku,2.0,Tidak,2022,8,Non-El Nino
2022-08-12,Papua,13.0,Tidak,2022,8,Non-El Nino
2022-08-13,Sumatera,45.0,Tidak,2022,8,Non-El Nino
2022-08-13,Jawa,4.0,Tidak,2022,8,Non-El Nino
2022-08-13,Kalimantan,127.0,Tidak,2022,8,Non-El Nino
2022-08-13,Sulawesi,18.0,Tidak,2022,8,Non-El Nino
2022-08-13,Bali-Nusa Tenggara,42.0,Tidak,2022,8,Non-El Nino
2022-08-13,Maluku,15.0,Tidak,2022,8,Non-El Nino
2022-08-13,Papua,2.0,Tidak,2022,8,Non-El Nino
2022-08-14,Sumatera,44.0,Tidak,2022,8,Non-El Nino
2022-08-14,Jawa,14.0,Tidak,2022,8,Non-El Nino
2022-08-14,Kalimantan,17.0,Tidak,2022,8,Non-El Nino
2022-08-14,Sulawesi,3.0,Tidak,2022,8,Non-El Nino
2022-08-14,Bali-Nusa Tenggara,44.0,Tidak,2022,8,Non-El Nino
2022-08-14,Maluku,7.0,Tidak,2022,8,Non-El Nino
2022-08-14,Papua,1.0,Tidak,2022,8,Non-El Nino
2022-08-15,Sumatera,43.0,Tidak,2022,8,Non-El Nino
2022-08-15,Jawa,13.0,Tidak,2022,8,Non-El Nino
2022-08-15,Kalimantan,295.0,Tidak,2022,8,Non-El Nino
2022-08-15,Sulawesi,1.0,Tidak,2022,8,Non-El Nino
2022-08-15,Bali-Nusa Tenggara,85.0,Tidak,2022,8,Non-El Nino
2022-08-15,Maluku,19.0,Tidak,2022,8,Non-El Nino
2022-08-15,Papua,6.0,Tidak,2022,8,Non-El Nino
2022-08-16,Sumatera,22.0,Tidak,2022,8,Non-El Nino
2022-08-16,Jawa,27.0,Tidak,2022,8,Non-El Nino
2022-08-16,Kalimantan,209.0,Tidak,2022,8,Non-El Nino
2022-08-16,Sulawesi,18.0,Tidak,2022,8,Non-El Nino
2022-08-16,Bali-Nusa Tenggara,86.0,Tidak,2022,8,Non-El Nino
2022-08-16,Maluku,13.0,Tidak,2022,8,Non-El Nino
2022-08-16,Papua,22.0,Tidak,2022,8,Non-El Nino
2022-08-17,Sumatera,80.0,Tidak,2022,8,Non-El Nino
2022-08-17,Jawa,14.0,Tidak,2022,8,Non-El Nino
2022-08-17,Kalimantan,105.0,Tidak,2022,8,Non-El Nino
2022-08-17,Sulawesi,8.0,Tidak,2022,8,Non-El Nino
2022-08-17,Bali-Nusa Tenggara,51.0,Tidak,2022,8,Non-El Nino
2022-08-17,Maluku,2.0,Tidak,2022,8,Non-El Nino
2022-08-17,Papua,34.0,Tidak,2022,8,Non-El Nino
2022-08-18,Sumatera,154.0,Tidak,2022,8,Non-El Nino
2022-08-18,Jawa,32.0,Tidak,2022,8,Non-El Nino
2022-08-18,Kalimantan,637.0,Tidak,2022,8,Non-El Nino
2022-08-18,Sulawesi,4.0,Tidak,2022,8,Non-El Nino
2022-08-18,Bali-Nusa Tenggara,105.0,Tidak,2022,8,Non-El Nino
2022-08-18,Maluku,20.0,Tidak,2022,8,Non-El Nino
2022-08-18,Papua,22.0,Tidak,2022,8,Non-El Nino
2022-08-19,Sumatera,74.0,Tidak,2022,8,Non-El Nino
2022-08-19,Jawa,21.0,Tidak,2022,8,Non-El Nino
2022-08-19,Kalimantan,765.0,Tidak,2022,8,Non-El Nino
2022-08-19,Sulawesi,12.0,Tidak,2022,8,Non-El Nino
2022-08-19,Bali-Nusa Tenggara,261.0,Tidak,2022,8,Non-El Nino
2022-08-19,Maluku,29.0,Tidak,2022,8,Non-El Nino
2022-08-19,Papua,8.0,Tidak,2022,8,Non-El Nino
2022-08-20,Sumatera,14.0,Tidak,2022,8,Non-El Nino
2022-08-20,Jawa,60.0,Tidak,2022,8,Non-El Nino
2022-08-20,Kalimantan,427.0,Tidak,2022,8,Non-El Nino
2022-08-20,Sulawesi,33.0,Tidak,2022,8,Non-El Nino
2022-08-20,Bali-Nusa Tenggara,259.0,Tidak,2022,8,Non-El Nino
2022-08-20,Maluku,22.0,Tidak,2022,8,Non-El Nino
2022-08-20,Papua,25.0,Tidak,2022,8,Non-El Nino
2022-08-21,Sumatera,2.0,Tidak,2022,8,Non-El Nino
2022-08-21,Jawa,49.0,Tidak,2022,8,Non-El Nino
2022-08-21,Kalimantan,152.0,Tidak,2022,8,Non-El Nino
2022-08-21,Sulawesi,27.0,Tidak,2022,8,Non-El Nino
2022-08-21,Bali-Nusa Tenggara,168.0,Tidak,2022,8,Non-El Nino
2022-08-21,Maluku,13.0,Tidak,2022,8,Non-El Nino
2022-08-21,Papua,103.0,Tidak,2022,8,Non-El Nino
2022-08-22,Sumatera,16.0,Tidak,2022,8,Non-El Nino
2022-08-22,Jawa,21.0,Tidak,2022,8,Non-El Nino
2022-08-22,Kalimantan,105.0,Tidak,2022,8,Non-El Nino
2022-08-22,Sulawesi,21.0,Tidak,2022,8,Non-El Nino
2022-08-22,Bali-Nusa Tenggara,193.0,Tidak,2022,8,Non-El Nino
2022-08-22,Maluku,2.0,Tidak,2022,8,Non-El Nino
2022-08-22,Papua,21.0,Tidak,2022,8,Non-El Nino
2022-08-23,Sumatera,18.0,Tidak,2022,8,Non-El Nino
2022-08-23,Jawa,29.0,Tidak,2022,8,Non-El Nino
2022-08-23,Kalimantan,96.0,Tidak,2022,8,Non-El Nino
2022-08-23,Sulawesi,10.0,Tidak,2022,8,Non-El Nino
2022-08-23,Bali-Nusa Tenggara,316.0,Tidak,2022,8,Non-El Nino
2022-08-23,Maluku,19.0,Tidak,2022,8,Non-El Nino
2022-08-23,Papua,11.0,Tidak,2022,8,Non-El Nino
2022-08-24,Sumatera,42.0,Tidak,2022,8,Non-El Nino
2022-08-24,Jawa,47.0,Tidak,2022,8,Non-El Nino
2022-08-24,Kalimantan,80.0,Tidak,2022,8,Non-El Nino
2022-08-24,Sulawesi,5.0,Tidak,2022,8,Non-El Nino
2022-08-24,Bali-Nusa Tenggara,208.0,Tidak,2022,8,Non-El Nino
2022-08-24,Maluku,8.0,Tidak,2022,8,Non-El Nino
2022-08-24,Papua,8.0,Tidak,2022,8,Non-El Nino
2022-08-25,Sumatera,20.0,Tidak,2022,8,Non-El Nino
2022-08-25,Jawa,46.0,Tidak,2022,8,Non-El Nino
2022-08-25,Kalimantan,4.0,Tidak,2022,8,Non-El Nino
2022-08-25,Sulawesi,4.0,Tidak,2022,8,Non-El Nino
2022-08-25,Bali-Nusa Tenggara,74.0,Tidak,2022,8,Non-El Nino
2022-08-25,Maluku,3.0,Tidak,2022,8,Non-El Nino
2022-08-25,Papua,47.0,Tidak,2022,8,Non-El Nino
2022-08-26,Sumatera,9.0,Tidak,2022,8,Non-El Nino
2022-08-26,Jawa,15.0,Tidak,2022,8,Non-El Nino
2022-08-26,Kalimantan,25.0,Tidak,2022,8,Non-El Nino
2022-08-26,Sulawesi,10.0,Tidak,2022,8,Non-El Nino
2022-08-26,Bali-Nusa Tenggara,124.0,Tidak,2022,8,Non-El Nino
2022-08-26,Maluku,3.0,Tidak,2022,8,Non-El Nino
2022-08-26,Papua,35.0,Tidak,2022,8,Non-El Nino
2022-08-27,Sumatera,2.0,Tidak,2022,8,Non-El Nino
2022-08-27,Jawa,32.0,Tidak,2022,8,Non-El Nino
2022-08-27,Kalimantan,48.0,Tidak,2022,8,Non-El Nino
2022-08-27,Sulawesi,1.0,Tidak,2022,8,Non-El Nino
2022-08-27,Bali-Nusa Tenggara,120.0,Tidak,2022,8,Non-El Nino
2022-08-27,Maluku,4.0,Tidak,2022,8,Non-El Nino
2022-08-27,Papua,12.0,Tidak,2022,8,Non-El Nino
2022-08-28,Sumatera,14.0,Tidak,2022,8,Non-El Nino
2022-08-28,Jawa,22.0,Tidak,2022,8,Non-El Nino
2022-08-28,Kalimantan,22.0,Tidak,2022,8,Non-El Nino
2022-08-28,Sulawesi,17.0,Tidak,2022,8,Non-El Nino
2022-08-28,Bali-Nusa Tenggara,115.0,Tidak,2022,8,Non-El Nino
2022-08-28,Maluku,3.0,Tidak,2022,8,Non-El Nino
2022-08-28,Papua,15.0,Tidak,2022,8,Non-El Nino
2022-08-29,Sumatera,33.0,Tidak,2022,8,Non-El Nino
2022-08-29,Jawa,28.0,Tidak,2022,8,Non-El Nino
2022-08-29,Kalimantan,11.0,Tidak,2022,8,Non-El Nino
2022-08-29,Sulawesi,7.0,Tidak,2022,8,Non-El Nino
2022-08-29,Bali-Nusa Tenggara,54.0,Tidak,2022,8,Non-El Nino
2022-08-29,Maluku,11.0,Tidak,2022,8,Non-El Nino
2022-08-29,Papua,2.0,Tidak,2022,8,Non-El Nino
2022-08-30,Sumatera,4.0,Tidak,2022,8,Non-El Nino
2022-08-30,Jawa,47.0,Tidak,2022,8,Non-El Nino
2022-08-30,Kalimantan,3.0,Tidak,2022,8,Non-El Nino
2022-08-30,Sulawesi,0.0,Tidak,2022,8,Non-El Nino
2022-08-30,Bali-Nusa Tenggara,46.0,Tidak,2022,8,Non-El Nino
2022-08-30,Maluku,2.0,Tidak,2022,8,Non-El Nino
2022-08-30,Papua,3.0,Tidak,2022,8,Non-El Nino
2022-08-31,Sumatera,9.0,Tidak,2022,8,Non-El Nino
2022-08-31,Jawa,19.0,Tidak,2022,8,Non-El Nino
2022-08-31,Kalimantan,26.0,Tidak,2022,8,Non-El Nino
2022-08-31,Sulawesi,9.0,Tidak,2022,8,Non-El Nino
2022-08-31,Bali-Nusa Tenggara,39.0,Tidak,2022,8,Non-El Nino
2022-08-31,Maluku,6.0,Tidak,2022,8,Non-El Nino
2022-08-31,Papua,13.0,Tidak,2022,8,Non-El Nino
2022-09-01,Sumatera,10.0,Tidak,2022,9,Non-El Nino
2022-09-01,Jawa,56.0,Tidak,2022,9,Non-El Nino
2022-09-01,Kalimantan,175.0,Tidak,2022,9,Non-El Nino
2022-09-01,Sulawesi,14.0,Tidak,2022,9,Non-El Nino
2022-09-01,Bali-Nusa Tenggara,113.0,Tidak,2022,9,Non-El Nino
2022-09-01,Maluku,9.0,Tidak,2022,9,Non-El Nino
2022-09-01,Papua,31.0,Tidak,2022,9,Non-El Nino
2022-09-02,Sumatera,2.0,Tidak,2022,9,Non-El Nino
2022-09-02,Jawa,47.0,Tidak,2022,9,Non-El Nino
2022-09-02,Kalimantan,36.0,Tidak,2022,9,Non-El Nino
2022-09-02,Sulawesi,21.0,Tidak,2022,9,Non-El Nino
2022-09-02,Bali-Nusa Tenggara,139.0,Tidak,2022,9,Non-El Nino
2022-09-02,Maluku,12.0,Tidak,2022,9,Non-El Nino
2022-09-02,Papua,2.0,Tidak,2022,9,Non-El Nino
2022-09-03,Sumatera,5.0,Tidak,2022,9,Non-El Nino
2022-09-03,Jawa,25.0,Tidak,2022,9,Non-El Nino
2022-09-03,Kalimantan,23.0,Tidak,2022,9,Non-El Nino
2022-09-03,Sulawesi,9.0,Tidak,2022,9,Non-El Nino
2022-09-03,Bali-Nusa Tenggara,60.0,Tidak,2022,9,Non-El Nino
2022-09-03,Maluku,16.0,Tidak,2022,9,Non-El Nino
2022-09-03,Papua,10.0,Tidak,2022,9,Non-El Nino
2022-09-04,Sumatera,43.0,Tidak,2022,9,Non-El Nino
2022-09-04,Jawa,5.0,Tidak,2022,9,Non-El Nino
2022-09-04,Kalimantan,0.0,Tidak,2022,9,Non-El Nino
2022-09-04,Sulawesi,0.0,Tidak,2022,9,Non-El Nino
2022-09-04,Bali-Nusa Tenggara,20.0,Tidak,2022,9,Non-El Nino
2022-09-04,Maluku,6.0,Tidak,2022,9,Non-El Nino
2022-09-04,Papua,7.0,Tidak,2022,9,Non-El Nino
2022-09-05,Sumatera,7.0,Tidak,2022,9,Non-El Nino
2022-09-05,Jawa,20.0,Tidak,2022,9,Non-El Nino
2022-09-05,Kalimantan,0.0,Tidak,2022,9,Non-El Nino
2022-09-05,Sulawesi,2.0,Tidak,2022,9,Non-El Nino
2022-09-05,Bali-Nusa Tenggara,34.0,Tidak,2022,9,Non-El Nino
2022-09-05,Maluku,5.0,Tidak,2022,9,Non-El Nino
2022-09-05,Papua,22.0,Tidak,2022,9,Non-El Nino
2022-09-06,Sumatera,19.0,Tidak,2022,9,Non-El Nino
2022-09-06,Jawa,36.0,Tidak,2022,9,Non-El Nino
2022-09-06,Kalimantan,8.0,Tidak,2022,9,Non-El Nino
2022-09-06,Sulawesi,0.0,Tidak,2022,9,Non-El Nino
2022-09-06,Bali-Nusa Tenggara,53.0,Tidak,2022,9,Non-El Nino
2022-09-06,Maluku,9.0,Tidak,2022,9,Non-El Nino
2022-09-06,Papua,34.0,Tidak,2022,9,Non-El Nino
2022-09-07,Sumatera,6.0,Tidak,2022,9,Non-El Nino
2022-09-07,Jawa,14.0,Tidak,2022,9,Non-El Nino
2022-09-07,Kalimantan,120.0,Tidak,2022,9,Non-El Nino
2022-09-07,Sulawesi,1.0,Tidak,2022,9,Non-El Nino
2022-09-07,Bali-Nusa Tenggara,48.0,Tidak,2022,9,Non-El Nino
2022-09-07,Maluku,7.0,Tidak,2022,9,Non-El Nino
2022-09-07,Papua,26.0,Tidak,2022,9,Non-El Nino
2022-09-08,Sumatera,3.0,Tidak,2022,9,Non-El Nino
2022-09-08,Jawa,8.0,Tidak,2022,9,Non-El Nino
2022-09-08,Kalimantan,25.0,Tidak,2022,9,Non-El Nino
2022-09-08,Sulawesi,21.0,Tidak,2022,9,Non-El Nino
2022-09-08,Bali-Nusa Tenggara,101.0,Tidak,2022,9,Non-El Nino
2022-09-08,Maluku,5.0,Tidak,2022,9,Non-El Nino
2022-09-08,Papua,6.0,Tidak,2022,9,Non-El Nino
2022-09-09,Sumatera,59.0,Tidak,2022,9,Non-El Nino
2022-09-09,Jawa,1.0,Tidak,2022,9,Non-El Nino
2022-09-09,Kalimantan,5.0,Tidak,2022,9,Non-El Nino
2022-09-09,Sulawesi,13.0,Tidak,2022,9,Non-El Nino
2022-09-09,Bali-Nusa Tenggara,87.0,Tidak,2022,9,Non-El Nino
2022-09-09,Maluku,3.0,Tidak,2022,9,Non-El Nino
2022-09-09,Papua,5.0,Tidak,2022,9,Non-El Nino
2022-09-10,Sumatera,33.0,Tidak,2022,9,Non-El Nino
2022-09-10,Jawa,4.0,Tidak,2022,9,Non-El Nino
2022-09-10,Kalimantan,4.0,Tidak,2022,9,Non-El Nino
2022-09-10,Sulawesi,14.0,Tidak,2022,9,Non-El Nino
2022-09-10,Bali-Nusa Tenggara,110.0,Tidak,2022,9,Non-El Nino
2022-09-10,Maluku,6.0,Tidak,2022,9,Non-El Nino
2022-09-10,Papua,5.0,Tidak,2022,9,Non-El Nino
2022-09-11,Sumatera,12.0,Tidak,2022,9,Non-El Nino
2022-09-11,Jawa,19.0,Tidak,2022,9,Non-El Nino
2022-09-11,Kalimantan,83.0,Tidak,2022,9,Non-El Nino
2022-09-11,Sulawesi,17.0,Tidak,2022,9,Non-El Nino
2022-09-11,Bali-Nusa Tenggara,118.0,Tidak,2022,9,Non-El Nino
2022-09-11,Maluku,0.0,Tidak,2022,9,Non-El Nino
2022-09-11,Papua,57.0,Tidak,2022,9,Non-El Nino
2022-09-12,Sumatera,36.0,Tidak,2022,9,Non-El Nino
2022-09-12,Jawa,42.0,Tidak,2022,9,Non-El Nino
2022-09-12,Kalimantan,339.0,Tidak,2022,9,Non-El Nino
2022-09-12,Sulawesi,15.0,Tidak,2022,9,Non-El Nino
2022-09-12,Bali-Nusa Tenggara,234.0,Tidak,2022,9,Non-El Nino
2022-09-12,Maluku,11.0,Tidak,2022,9,Non-El Nino
2022-09-12,Papua,18.0,Tidak,2022,9,Non-El Nino
2022-09-13,Sumatera,32.0,Tidak,2022,9,Non-El Nino
2022-09-13,Jawa,34.0,Tidak,2022,9,Non-El Nino
2022-09-13,Kalimantan,33.0,Tidak,2022,9,Non-El Nino
2022-09-13,Sulawesi,30.0,Tidak,2022,9,Non-El Nino
2022-09-13,Bali-Nusa Tenggara,275.0,Tidak,2022,9,Non-El Nino
2022-09-13,Maluku,10.0,Tidak,2022,9,Non-El Nino
2022-09-13,Papua,0.0,Tidak,2022,9,Non-El Nino
2022-09-14,Sumatera,34.0,Tidak,2022,9,Non-El Nino
2022-09-14,Jawa,45.0,Tidak,2022,9,Non-El Nino
2022-09-14,Kalimantan,28.0,Tidak,2022,9,Non-El Nino
2022-09-14,Sulawesi,9.0,Tidak,2022,9,Non-El Nino
2022-09-14,Bali-Nusa Tenggara,118.0,Tidak,2022,9,Non-El Nino
2022-09-14,Maluku,5.0,Tidak,2022,9,Non-El Nino
2022-09-14,Papua,5.0,Tidak,2022,9,Non-El Nino
2022-09-15,Sumatera,64.0,Tidak,2022,9,Non-El Nino
2022-09-15,Jawa,37.0,Tidak,2022,9,Non-El Nino
2022-09-15,Kalimantan,89.0,Tidak,2022,9,Non-El Nino
2022-09-15,Sulawesi,15.0,Tidak,2022,9,Non-El Nino
2022-09-15,Bali-Nusa Tenggara,89.0,Tidak,2022,9,Non-El Nino
2022-09-15,Maluku,11.0,Tidak,2022,9,Non-El Nino
2022-09-15,Papua,39.0,Tidak,2022,9,Non-El Nino
2022-09-16,Sumatera,31.0,Tidak,2022,9,Non-El Nino
2022-09-16,Jawa,11.0,Tidak,2022,9,Non-El Nino
2022-09-16,Kalimantan,269.0,Tidak,2022,9,Non-El Nino
2022-09-16,Sulawesi,39.0,Tidak,2022,9,Non-El Nino
2022-09-16,Bali-Nusa Tenggara,167.0,Tidak,2022,9,Non-El Nino
2022-09-16,Maluku,13.0,Tidak,2022,9,Non-El Nino
2022-09-16,Papua,63.0,Tidak,2022,9,Non-El Nino
2022-09-17,Sumatera,24.0,Tidak,2022,9,Non-El Nino
2022-09-17,Jawa,49.0,Tidak,2022,9,Non-El Nino
2022-09-17,Kalimantan,242.0,Tidak,2022,9,Non-El Nino
2022-09-17,Sulawesi,2.0,Tidak,2022,9,Non-El Nino
2022-09-17,Bali-Nusa Tenggara,142.0,Tidak,2022,9,Non-El Nino
2022-09-17,Maluku,1.0,Tidak,2022,9,Non-El Nino
2022-09-17,Papua,2.0,Tidak,2022,9,Non-El Nino
2022-09-18,Sumatera,4.0,Tidak,2022,9,Non-El Nino
2022-09-18,Jawa,36.0,Tidak,2022,9,Non-El Nino
2022-09-18,Kalimantan,136.0,Tidak,2022,9,Non-El Nino
2022-09-18,Sulawesi,73.0,Tidak,2022,9,Non-El Nino
2022-09-18,Bali-Nusa Tenggara,241.0,Tidak,2022,9,Non-El Nino
2022-09-18,Maluku,3.0,Tidak,2022,9,Non-El Nino
2022-09-18,Papua,4.0,Tidak,2022,9,Non-El Nino
2022-09-19,Sumatera,0.0,Tidak,2022,9,Non-El Nino
2022-09-19,Jawa,36.0,Tidak,2022,9,Non-El Nino
2022-09-19,Kalimantan,100.0,Tidak,2022,9,Non-El Nino
2022-09-19,Sulawesi,21.0,Tidak,2022,9,Non-El Nino
2022-09-19,Bali-Nusa Tenggara,198.0,Tidak,2022,9,Non-El Nino
2022-09-19,Maluku,13.0,Tidak,2022,9,Non-El Nino
2022-09-19,Papua,8.0,Tidak,2022,9,Non-El Nino
2022-09-20,Sumatera,17.0,Tidak,2022,9,Non-El Nino
2022-09-20,Jawa,18.0,Tidak,2022,9,Non-El Nino
2022-09-20,Kalimantan,71.0,Tidak,2022,9,Non-El Nino
2022-09-20,Sulawesi,34.0,Tidak,2022,9,Non-El Nino
2022-09-20,Bali-Nusa Tenggara,55.0,Tidak,2022,9,Non-El Nino
2022-09-20,Maluku,6.0,Tidak,2022,9,Non-El Nino
2022-09-20,Papua,2.0,Tidak,2022,9,Non-El Nino
2022-09-21,Sumatera,21.0,Tidak,2022,9,Non-El Nino
2022-09-21,Jawa,4.0,Tidak,2022,9,Non-El Nino
2022-09-21,Kalimantan,50.0,Tidak,2022,9,Non-El Nino
2022-09-21,Sulawesi,25.0,Tidak,2022,9,Non-El Nino
2022-09-21,Bali-Nusa Tenggara,99.0,Tidak,2022,9,Non-El Nino
2022-09-21,Maluku,0.0,Tidak,2022,9,Non-El Nino
2022-09-21,Papua,5.0,Tidak,2022,9,Non-El Nino
2022-09-22,Sumatera,9.0,Tidak,2022,9,Non-El Nino
2022-09-22,Jawa,23.0,Tidak,2022,9,Non-El Nino
2022-09-22,Kalimantan,299.0,Tidak,2022,9,Non-El Nino
2022-09-22,Sulawesi,2.0,Tidak,2022,9,Non-El Nino
2022-09-22,Bali-Nusa Tenggara,157.0,Tidak,2022,9,Non-El Nino
2022-09-22,Maluku,2.0,Tidak,2022,9,Non-El Nino
2022-09-22,Papua,11.0,Tidak,2022,9,Non-El Nino
2022-09-23,Sumatera,1.0,Tidak,2022,9,Non-El Nino
2022-09-23,Jawa,23.0,Tidak,2022,9,Non-El Nino
2022-09-23,Kalimantan,111.0,Tidak,2022,9,Non-El Nino
2022-09-23,Sulawesi,52.0,Tidak,2022,9,Non-El Nino
2022-09-23,Bali-Nusa Tenggara,190.0,Tidak,2022,9,Non-El Nino
2022-09-23,Maluku,9.0,Tidak,2022,9,Non-El Nino
2022-09-23,Papua,6.0,Tidak,2022,9,Non-El Nino
2022-09-24,Sumatera,13.0,Tidak,2022,9,Non-El Nino
2022-09-24,Jawa,32.0,Tidak,2022,9,Non-El Nino
2022-09-24,Kalimantan,4.0,Tidak,2022,9,Non-El Nino
2022-09-24,Sulawesi,40.0,Tidak,2022,9,Non-El Nino
2022-09-24,Bali-Nusa Tenggara,168.0,Tidak,2022,9,Non-El Nino
2022-09-24,Maluku,25.0,Tidak,2022,9,Non-El Nino
2022-09-24,Papua,15.0,Tidak,2022,9,Non-El Nino
2022-09-25,Sumatera,24.0,Tidak,2022,9,Non-El Nino
2022-09-25,Jawa,39.0,Tidak,2022,9,Non-El Nino
2022-09-25,Kalimantan,50.0,Tidak,2022,9,Non-El Nino
2022-09-25,Sulawesi,58.0,Tidak,2022,9,Non-El Nino
2022-09-25,Bali-Nusa Tenggara,124.0,Tidak,2022,9,Non-El Nino
2022-09-25,Maluku,9.0,Tidak,2022,9,Non-El Nino
2022-09-25,Papua,5.0,Tidak,2022,9,Non-El Nino
2022-09-26,Sumatera,60.0,Tidak,2022,9,Non-El Nino
2022-09-26,Jawa,66.0,Tidak,2022,9,Non-El Nino
2022-09-26,Kalimantan,19.0,Tidak,2022,9,Non-El Nino
2022-09-26,Sulawesi,79.0,Tidak,2022,9,Non-El Nino
2022-09-26,Bali-Nusa Tenggara,202.0,Tidak,2022,9,Non-El Nino
2022-09-26,Maluku,8.0,Tidak,2022,9,Non-El Nino
2022-09-26,Papua,13.0,Tidak,2022,9,Non-El Nino
2022-09-27,Sumatera,39.0,Tidak,2022,9,Non-El Nino
2022-09-27,Jawa,68.0,Tidak,2022,9,Non-El Nino
2022-09-27,Kalimantan,199.0,Tidak,2022,9,Non-El Nino
2022-09-27,Sulawesi,74.0,Tidak,2022,9,Non-El Nino
2022-09-27,Bali-Nusa Tenggara,130.0,Tidak,2022,9,Non-El Nino
2022-09-27,Maluku,1.0,Tidak,2022,9,Non-El Nino
2022-09-27,Papua,29.0,Tidak,2022,9,Non-El Nino
2022-09-28,Sumatera,45.0,Tidak,2022,9,Non-El Nino
2022-09-28,Jawa,52.0,Tidak,2022,9,Non-El Nino
2022-09-28,Kalimantan,400.0,Tidak,2022,9,Non-El Nino
2022-09-28,Sulawesi,72.0,Tidak,2022,9,Non-El Nino
2022-09-28,Bali-Nusa Tenggara,142.0,Tidak,2022,9,Non-El Nino
2022-09-28,Maluku,1.0,Tidak,2022,9,Non-El Nino
2022-09-28,Papua,3.0,Tidak,2022,9,Non-El Nino
2022-09-29,Sumatera,35.0,Tidak,2022,9,Non-El Nino
2022-09-29,Jawa,23.0,Tidak,2022,9,Non-El Nino
2022-09-29,Kalimantan,1.0,Tidak,2022,9,Non-El Nino
2022-09-29,Sulawesi,54.0,Tidak,2022,9,Non-El Nino
2022-09-29,Bali-Nusa Tenggara,97.0,Tidak,2022,9,Non-El Nino
2022-09-29,Maluku,5.0,Tidak,2022,9,Non-El Nino
2022-09-29,Papua,0.0,Tidak,2022,9,Non-El Nino
2022-09-30,Sumatera,79.0,Tidak,2022,9,Non-El Nino
2022-09-30,Jawa,7.0,Tidak,2022,9,Non-El Nino
2022-09-30,Kalimantan,38.0,Tidak,2022,9,Non-El Nino
2022-09-30,Sulawesi,13.0,Tidak,2022,9,Non-El Nino
2022-09-30,Bali-Nusa Tenggara,31.0,Tidak,2022,9,Non-El Nino
2022-09-30,Maluku,6.0,Tidak,2022,9,Non-El Nino
2022-09-30,Papua,5.0,Tidak,2022,9,Non-El Nino
2022-10-01,Sumatera,23.0,Tidak,2022,10,Non-El Nino
2022-10-01,Jawa,8.0,Tidak,2022,10,Non-El Nino
2022-10-01,Kalimantan,34.0,Tidak,2022,10,Non-El Nino
2022-10-01,Sulawesi,35.0,Tidak,2022,10,Non-El Nino
2022-10-01,Bali-Nusa Tenggara,14.0,Tidak,2022,10,Non-El Nino
2022-10-01,Maluku,6.0,Tidak,2022,10,Non-El Nino
2022-10-01,Papua,23.0,Tidak,2022,10,Non-El Nino
2022-10-02,Sumatera,1.0,Tidak,2022,10,Non-El Nino
2022-10-02,Jawa,28.0,Tidak,2022,10,Non-El Nino
2022-10-02,Kalimantan,121.0,Tidak,2022,10,Non-El Nino
2022-10-02,Sulawesi,5.0,Tidak,2022,10,Non-El Nino
2022-10-02,Bali-Nusa Tenggara,31.0,Tidak,2022,10,Non-El Nino
2022-10-02,Maluku,1.0,Tidak,2022,10,Non-El Nino
2022-10-02,Papua,0.0,Tidak,2022,10,Non-El Nino
2022-10-03,Sumatera,12.0,Tidak,2022,10,Non-El Nino
2022-10-03,Jawa,9.0,Tidak,2022,10,Non-El Nino
2022-10-03,Kalimantan,2.0,Tidak,2022,10,Non-El Nino
2022-10-03,Sulawesi,6.0,Tidak,2022,10,Non-El Nino
2022-10-03,Bali-Nusa Tenggara,50.0,Tidak,2022,10,Non-El Nino
2022-10-03,Maluku,2.0,Tidak,2022,10,Non-El Nino
2022-10-03,Papua,42.0,Tidak,2022,10,Non-El Nino
2022-10-04,Sumatera,6.0,Tidak,2022,10,Non-El Nino
2022-10-04,Jawa,6.0,Tidak,2022,10,Non-El Nino
2022-10-04,Kalimantan,16.0,Tidak,2022,10,Non-El Nino
2022-10-04,Sulawesi,38.0,Tidak,2022,10,Non-El Nino
2022-10-04,Bali-Nusa Tenggara,42.0,Tidak,2022,10,Non-El Nino
2022-10-04,Maluku,3.0,Tidak,2022,10,Non-El Nino
2022-10-04,Papua,12.0,Tidak,2022,10,Non-El Nino
2022-10-05,Sumatera,4.0,Tidak,2022,10,Non-El Nino
2022-10-05,Jawa,1.0,Tidak,2022,10,Non-El Nino
2022-10-05,Kalimantan,3.0,Tidak,2022,10,Non-El Nino
2022-10-05,Sulawesi,10.0,Tidak,2022,10,Non-El Nino
2022-10-05,Bali-Nusa Tenggara,42.0,Tidak,2022,10,Non-El Nino
2022-10-05,Maluku,3.0,Tidak,2022,10,Non-El Nino
2022-10-05,Papua,8.0,Tidak,2022,10,Non-El Nino
2022-10-06,Sumatera,3.0,Tidak,2022,10,Non-El Nino
2022-10-06,Jawa,0.0,Tidak,2022,10,Non-El Nino
2022-10-06,Kalimantan,10.0,Tidak,2022,10,Non-El Nino
2022-10-06,Sulawesi,5.0,Tidak,2022,10,Non-El Nino
2022-10-06,Bali-Nusa Tenggara,13.0,Tidak,2022,10,Non-El Nino
2022-10-06,Maluku,2.0,Tidak,2022,10,Non-El Nino
2022-10-06,Papua,19.0,Tidak,2022,10,Non-El Nino
2022-10-07,Sumatera,0.0,Tidak,2022,10,Non-El Nino
2022-10-07,Jawa,4.0,Tidak,2022,10,Non-El Nino
2022-10-07,Kalimantan,24.0,Tidak,2022,10,Non-El Nino
2022-10-07,Sulawesi,10.0,Tidak,2022,10,Non-El Nino
2022-10-07,Bali-Nusa Tenggara,46.0,Tidak,2022,10,Non-El Nino
2022-10-07,Maluku,10.0,Tidak,2022,10,Non-El Nino
2022-10-07,Papua,7.0,Tidak,2022,10,Non-El Nino
2022-10-08,Sumatera,0.0,Tidak,2022,10,Non-El Nino
2022-10-08,Jawa,2.0,Tidak,2022,10,Non-El Nino
2022-10-08,Kalimantan,12.0,Tidak,2022,10,Non-El Nino
2022-10-08,Sulawesi,15.0,Tidak,2022,10,Non-El Nino
2022-10-08,Bali-Nusa Tenggara,103.0,Tidak,2022,10,Non-El Nino
2022-10-08,Maluku,7.0,Tidak,2022,10,Non-El Nino
2022-10-08,Papua,25.0,Tidak,2022,10,Non-El Nino
2022-10-09,Sumatera,2.0,Tidak,2022,10,Non-El Nino
2022-10-09,Jawa,5.0,Tidak,2022,10,Non-El Nino
2022-10-09,Kalimantan,5.0,Tidak,2022,10,Non-El Nino
2022-10-09,Sulawesi,10.0,Tidak,2022,10,Non-El Nino
2022-10-09,Bali-Nusa Tenggara,142.0,Tidak,2022,10,Non-El Nino
2022-10-09,Maluku,1.0,Tidak,2022,10,Non-El Nino
2022-10-09,Papua,5.0,Tidak,2022,10,Non-El Nino
2022-10-10,Sumatera,8.0,Tidak,2022,10,Non-El Nino
2022-10-10,Jawa,8.0,Tidak,2022,10,Non-El Nino
2022-10-10,Kalimantan,2.0,Tidak,2022,10,Non-El Nino
2022-10-10,Sulawesi,3.0,Tidak,2022,10,Non-El Nino
2022-10-10,Bali-Nusa Tenggara,190.0,Tidak,2022,10,Non-El Nino
2022-10-10,Maluku,13.0,Tidak,2022,10,Non-El Nino
2022-10-10,Papua,1.0,Tidak,2022,10,Non-El Nino
2022-10-11,Sumatera,8.0,Tidak,2022,10,Non-El Nino
2022-10-11,Jawa,3.0,Tidak,2022,10,Non-El Nino
2022-10-11,Kalimantan,1.0,Tidak,2022,10,Non-El Nino
2022-10-11,Sulawesi,1.0,Tidak,2022,10,Non-El Nino
2022-10-11,Bali-Nusa Tenggara,81.0,Tidak,2022,10,Non-El Nino
2022-10-11,Maluku,22.0,Tidak,2022,10,Non-El Nino
2022-10-11,Papua,0.0,Tidak,2022,10,Non-El Nino
2022-10-12,Sumatera,8.0,Tidak,2022,10,Non-El Nino
2022-10-12,Jawa,14.0,Tidak,2022,10,Non-El Nino
2022-10-12,Kalimantan,13.0,Tidak,2022,10,Non-El Nino
2022-10-12,Sulawesi,4.0,Tidak,2022,10,Non-El Nino
2022-10-12,Bali-Nusa Tenggara,35.0,Tidak,2022,10,Non-El Nino
2022-10-12,Maluku,14.0,Tidak,2022,10,Non-El Nino
2022-10-12,Papua,7.0,Tidak,2022,10,Non-El Nino
2022-10-13,Sumatera,4.0,Tidak,2022,10,Non-El Nino
2022-10-13,Jawa,6.0,Tidak,2022,10,Non-El Nino
2022-10-13,Kalimantan,5.0,Tidak,2022,10,Non-El Nino
2022-10-13,Sulawesi,3.0,Tidak,2022,10,Non-El Nino
2022-10-13,Bali-Nusa Tenggara,101.0,Tidak,2022,10,Non-El Nino
2022-10-13,Maluku,13.0,Tidak,2022,10,Non-El Nino
2022-10-13,Papua,7.0,Tidak,2022,10,Non-El Nino
2022-10-14,Sumatera,9.0,Tidak,2022,10,Non-El Nino
2022-10-14,Jawa,5.0,Tidak,2022,10,Non-El Nino
2022-10-14,Kalimantan,42.0,Tidak,2022,10,Non-El Nino
2022-10-14,Sulawesi,25.0,Tidak,2022,10,Non-El Nino
2022-10-14,Bali-Nusa Tenggara,174.0,Tidak,2022,10,Non-El Nino
2022-10-14,Maluku,7.0,Tidak,2022,10,Non-El Nino
2022-10-14,Papua,10.0,Tidak,2022,10,Non-El Nino
2022-10-15,Sumatera,12.0,Tidak,2022,10,Non-El Nino
2022-10-15,Jawa,1.0,Tidak,2022,10,Non-El Nino
2022-10-15,Kalimantan,12.0,Tidak,2022,10,Non-El Nino
2022-10-15,Sulawesi,44.0,Tidak,2022,10,Non-El Nino
2022-10-15,Bali-Nusa Tenggara,242.0,Tidak,2022,10,Non-El Nino
2022-10-15,Maluku,3.0,Tidak,2022,10,Non-El Nino
2022-10-15,Papua,3.0,Tidak,2022,10,Non-El Nino
2022-10-16,Sumatera,14.0,Tidak,2022,10,Non-El Nino
2022-10-16,Jawa,1.0,Tidak,2022,10,Non-El Nino
2022-10-16,Kalimantan,28.0,Tidak,2022,10,Non-El Nino
2022-10-16,Sulawesi,13.0,Tidak,2022,10,Non-El Nino
2022-10-16,Bali-Nusa Tenggara,80.0,Tidak,2022,10,Non-El Nino
2022-10-16,Maluku,8.0,Tidak,2022,10,Non-El Nino
2022-10-16,Papua,9.0,Tidak,2022,10,Non-El Nino
2022-10-17,Sumatera,4.0,Tidak,2022,10,Non-El Nino
2022-10-17,Jawa,6.0,Tidak,2022,10,Non-El Nino
2022-10-17,Kalimantan,19.0,Tidak,2022,10,Non-El Nino
2022-10-17,Sulawesi,12.0,Tidak,2022,10,Non-El Nino
2022-10-17,Bali-Nusa Tenggara,25.0,Tidak,2022,10,Non-El Nino
2022-10-17,Maluku,2.0,Tidak,2022,10,Non-El Nino
2022-10-17,Papua,22.0,Tidak,2022,10,Non-El Nino
2022-10-18,Sumatera,10.0,Tidak,2022,10,Non-El Nino
2022-10-18,Jawa,0.0,Tidak,2022,10,Non-El Nino
2022-10-18,Kalimantan,3.0,Tidak,2022,10,Non-El Nino
2022-10-18,Sulawesi,2.0,Tidak,2022,10,Non-El Nino
2022-10-18,Bali-Nusa Tenggara,12.0,Tidak,2022,10,Non-El Nino
2022-10-18,Maluku,21.0,Tidak,2022,10,Non-El Nino
2022-10-18,Papua,6.0,Tidak,2022,10,Non-El Nino
2022-10-19,Sumatera,6.0,Tidak,2022,10,Non-El Nino
2022-10-19,Jawa,1.0,Tidak,2022,10,Non-El Nino
2022-10-19,Kalimantan,1.0,Tidak,2022,10,Non-El Nino
2022-10-19,Sulawesi,3.0,Tidak,2022,10,Non-El Nino
2022-10-19,Bali-Nusa Tenggara,9.0,Tidak,2022,10,Non-El Nino
2022-10-19,Maluku,4.0,Tidak,2022,10,Non-El Nino
2022-10-19,Papua,5.0,Tidak,2022,10,Non-El Nino
2022-10-20,Sumatera,8.0,Tidak,2022,10,Non-El Nino
2022-10-20,Jawa,3.0,Tidak,2022,10,Non-El Nino
2022-10-20,Kalimantan,14.0,Tidak,2022,10,Non-El Nino
2022-10-20,Sulawesi,48.0,Tidak,2022,10,Non-El Nino
2022-10-20,Bali-Nusa Tenggara,27.0,Tidak,2022,10,Non-El Nino
2022-10-20,Maluku,6.0,Tidak,2022,10,Non-El Nino
2022-10-20,Papua,5.0,Tidak,2022,10,Non-El Nino
2022-10-21,Sumatera,4.0,Tidak,2022,10,Non-El Nino
2022-10-21,Jawa,1.0,Tidak,2022,10,Non-El Nino
2022-10-21,Kalimantan,10.0,Tidak,2022,10,Non-El Nino
2022-10-21,Sulawesi,27.0,Tidak,2022,10,Non-El Nino
2022-10-21,Bali-Nusa Tenggara,106.0,Tidak,2022,10,Non-El Nino
2022-10-21,Maluku,36.0,Tidak,2022,10,Non-El Nino
2022-10-21,Papua,0.0,Tidak,2022,10,Non-El Nino
2022-10-22,Sumatera,11.0,Tidak,2022,10,Non-El Nino
2022-10-22,Jawa,0.0,Tidak,2022,10,Non-El Nino
2022-10-22,Kalimantan,7.0,Tidak,2022,10,Non-El Nino
2022-10-22,Sulawesi,62.0,Tidak,2022,10,Non-El Nino
2022-10-22,Bali-Nusa Tenggara,90.0,Tidak,2022,10,Non-El Nino
2022-10-22,Maluku,27.0,Tidak,2022,10,Non-El Nino
2022-10-22,Papua,3.0,Tidak,2022,10,Non-El Nino
2022-10-23,Sumatera,4.0,Tidak,2022,10,Non-El Nino
2022-10-23,Jawa,7.0,Tidak,2022,10,Non-El Nino
2022-10-23,Kalimantan,99.0,Tidak,2022,10,Non-El Nino
2022-10-23,Sulawesi,29.0,Tidak,2022,10,Non-El Nino
2022-10-23,Bali-Nusa Tenggara,48.0,Tidak,2022,10,Non-El Nino
2022-10-23,Maluku,19.0,Tidak,2022,10,Non-El Nino
2022-10-23,Papua,12.0,Tidak,2022,10,Non-El Nino
2022-10-24,Sumatera,0.0,Tidak,2022,10,Non-El Nino
2022-10-24,Jawa,0.0,Tidak,2022,10,Non-El Nino
2022-10-24,Kalimantan,16.0,Tidak,2022,10,Non-El Nino
2022-10-24,Sulawesi,21.0,Tidak,2022,10,Non-El Nino
2022-10-24,Bali-Nusa Tenggara,62.0,Tidak,2022,10,Non-El Nino
2022-10-24,Maluku,13.0,Tidak,2022,10,Non-El Nino
2022-10-24,Papua,15.0,Tidak,2022,10,Non-El Nino
2022-10-25,Sumatera,0.0,Tidak,2022,10,Non-El Nino
2022-10-25,Jawa,10.0,Tidak,2022,10,Non-El Nino
2022-10-25,Kalimantan,16.0,Tidak,2022,10,Non-El Nino
2022-10-25,Sulawesi,49.0,Tidak,2022,10,Non-El Nino
2022-10-25,Bali-Nusa Tenggara,73.0,Tidak,2022,10,Non-El Nino
2022-10-25,Maluku,15.0,Tidak,2022,10,Non-El Nino
2022-10-25,Papua,2.0,Tidak,2022,10,Non-El Nino
2022-10-26,Sumatera,1.0,Tidak,2022,10,Non-El Nino
2022-10-26,Jawa,0.0,Tidak,2022,10,Non-El Nino
2022-10-26,Kalimantan,0.0,Tidak,2022,10,Non-El Nino
2022-10-26,Sulawesi,26.0,Tidak,2022,10,Non-El Nino
2022-10-26,Bali-Nusa Tenggara,57.0,Tidak,2022,10,Non-El Nino
2022-10-26,Maluku,21.0,Tidak,2022,10,Non-El Nino
2022-10-26,Papua,9.0,Tidak,2022,10,Non-El Nino
2022-10-27,Sumatera,5.0,Tidak,2022,10,Non-El Nino
2022-10-27,Jawa,3.0,Tidak,2022,10,Non-El Nino
2022-10-27,Kalimantan,0.0,Tidak,2022,10,Non-El Nino
2022-10-27,Sulawesi,7.0,Tidak,2022,10,Non-El Nino
2022-10-27,Bali-Nusa Tenggara,9.0,Tidak,2022,10,Non-El Nino
2022-10-27,Maluku,16.0,Tidak,2022,10,Non-El Nino
2022-10-27,Papua,5.0,Tidak,2022,10,Non-El Nino
2022-10-28,Sumatera,2.0,Tidak,2022,10,Non-El Nino
2022-10-28,Jawa,7.0,Tidak,2022,10,Non-El Nino
2022-10-28,Kalimantan,2.0,Tidak,2022,10,Non-El Nino
2022-10-28,Sulawesi,0.0,Tidak,2022,10,Non-El Nino
2022-10-28,Bali-Nusa Tenggara,7.0,Tidak,2022,10,Non-El Nino
2022-10-28,Maluku,22.0,Tidak,2022,10,Non-El Nino
2022-10-28,Papua,14.0,Tidak,2022,10,Non-El Nino
2022-10-29,Sumatera,3.0,Tidak,2022,10,Non-El Nino
2022-10-29,Jawa,5.0,Tidak,2022,10,Non-El Nino
2022-10-29,Kalimantan,16.0,Tidak,2022,10,Non-El Nino
2022-10-29,Sulawesi,2.0,Tidak,2022,10,Non-El Nino
2022-10-29,Bali-Nusa Tenggara,15.0,Tidak,2022,10,Non-El Nino
2022-10-29,Maluku,17.0,Tidak,2022,10,Non-El Nino
2022-10-29,Papua,36.0,Tidak,2022,10,Non-El Nino
2022-10-30,Sumatera,2.0,Tidak,2022,10,Non-El Nino
2022-10-30,Jawa,7.0,Tidak,2022,10,Non-El Nino
2022-10-30,Kalimantan,95.0,Tidak,2022,10,Non-El Nino
2022-10-30,Sulawesi,17.0,Tidak,2022,10,Non-El Nino
2022-10-30,Bali-Nusa Tenggara,52.0,Tidak,2022,10,Non-El Nino
2022-10-30,Maluku,0.0,Tidak,2022,10,Non-El Nino
2022-10-30,Papua,62.0,Tidak,2022,10,Non-El Nino
2022-10-31,Sumatera,1.0,Tidak,2022,10,Non-El Nino
2022-10-31,Jawa,3.0,Tidak,2022,10,Non-El Nino
2022-10-31,Kalimantan,63.0,Tidak,2022,10,Non-El Nino
2022-10-31,Sulawesi,29.0,Tidak,2022,10,Non-El Nino
2022-10-31,Bali-Nusa Tenggara,12.0,Tidak,2022,10,Non-El Nino
2022-10-31,Maluku,0.0,Tidak,2022,10,Non-El Nino
2022-10-31,Papua,26.0,Tidak,2022,10,Non-El Nino
2022-11-01,Sumatera,17.0,Tidak,2022,11,Non-El Nino
2022-11-01,Jawa,4.0,Tidak,2022,11,Non-El Nino
2022-11-01,Kalimantan,3.0,Tidak,2022,11,Non-El Nino
2022-11-01,Sulawesi,15.0,Tidak,2022,11,Non-El Nino
2022-11-01,Bali-Nusa Tenggara,32.0,Tidak,2022,11,Non-El Nino
2022-11-01,Maluku,28.0,Tidak,2022,11,Non-El Nino
2022-11-01,Papua,3.0,Tidak,2022,11,Non-El Nino
2022-11-02,Sumatera,28.0,Tidak,2022,11,Non-El Nino
2022-11-02,Jawa,4.0,Tidak,2022,11,Non-El Nino
2022-11-02,Kalimantan,27.0,Tidak,2022,11,Non-El Nino
2022-11-02,Sulawesi,1.0,Tidak,2022,11,Non-El Nino
2022-11-02,Bali-Nusa Tenggara,17.0,Tidak,2022,11,Non-El Nino
2022-11-02,Maluku,10.0,Tidak,2022,11,Non-El Nino
2022-11-02,Papua,19.0,Tidak,2022,11,Non-El Nino
2022-11-03,Sumatera,7.0,Tidak,2022,11,Non-El Nino
2022-11-03,Jawa,16.0,Tidak,2022,11,Non-El Nino
2022-11-03,Kalimantan,29.0,Tidak,2022,11,Non-El Nino
2022-11-03,Sulawesi,7.0,Tidak,2022,11,Non-El Nino
2022-11-03,Bali-Nusa Tenggara,18.0,Tidak,2022,11,Non-El Nino
2022-11-03,Maluku,0.0,Tidak,2022,11,Non-El Nino
2022-11-03,Papua,1.0,Tidak,2022,11,Non-El Nino
2022-11-04,Sumatera,1.0,Tidak,2022,11,Non-El Nino
2022-11-04,Jawa,2.0,Tidak,2022,11,Non-El Nino
2022-11-04,Kalimantan,1.0,Tidak,2022,11,Non-El Nino
2022-11-04,Sulawesi,13.0,Tidak,2022,11,Non-El Nino
2022-11-04,Bali-Nusa Tenggara,28.0,Tidak,2022,11,Non-El Nino
2022-11-04,Maluku,5.0,Tidak,2022,11,Non-El Nino
2022-11-04,Papua,5.0,Tidak,2022,11,Non-El Nino
2022-11-05,Sumatera,1.0,Tidak,2022,11,Non-El Nino
2022-11-05,Jawa,3.0,Tidak,2022,11,Non-El Nino
2022-11-05,Kalimantan,16.0,Tidak,2022,11,Non-El Nino
2022-11-05,Sulawesi,23.0,Tidak,2022,11,Non-El Nino
2022-11-05,Bali-Nusa Tenggara,47.0,Tidak,2022,11,Non-El Nino
2022-11-05,Maluku,1.0,Tidak,2022,11,Non-El Nino
2022-11-05,Papua,15.0,Tidak,2022,11,Non-El Nino
2022-11-06,Sumatera,2.0,Tidak,2022,11,Non-El Nino
2022-11-06,Jawa,0.0,Tidak,2022,11,Non-El Nino
2022-11-06,Kalimantan,10.0,Tidak,2022,11,Non-El Nino
2022-11-06,Sulawesi,7.0,Tidak,2022,11,Non-El Nino
2022-11-06,Bali-Nusa Tenggara,31.0,Tidak,2022,11,Non-El Nino
2022-11-06,Maluku,5.0,Tidak,2022,11,Non-El Nino
2022-11-06,Papua,0.0,Tidak,2022,11,Non-El Nino
2022-11-07,Sumatera,3.0,Tidak,2022,11,Non-El Nino
2022-11-07,Jawa,8.0,Tidak,2022,11,Non-El Nino
2022-11-07,Kalimantan,8.0,Tidak,2022,11,Non-El Nino
2022-11-07,Sulawesi,1.0,Tidak,2022,11,Non-El Nino
2022-11-07,Bali-Nusa Tenggara,9.0,Tidak,2022,11,Non-El Nino
2022-11-07,Maluku,3.0,Tidak,2022,11,Non-El Nino
2022-11-07,Papua,9.0,Tidak,2022,11,Non-El Nino
2022-11-08,Sumatera,3.0,Tidak,2022,11,Non-El Nino
2022-11-08,Jawa,4.0,Tidak,2022,11,Non-El Nino
2022-11-08,Kalimantan,8.0,Tidak,2022,11,Non-El Nino
2022-11-08,Sulawesi,5.0,Tidak,2022,11,Non-El Nino
2022-11-08,Bali-Nusa Tenggara,3.0,Tidak,2022,11,Non-El Nino
2022-11-08,Maluku,4.0,Tidak,2022,11,Non-El Nino
2022-11-08,Papua,2.0,Tidak,2022,11,Non-El Nino
2022-11-09,Sumatera,3.0,Tidak,2022,11,Non-El Nino
2022-11-09,Jawa,2.0,Tidak,2022,11,Non-El Nino
2022-11-09,Kalimantan,13.0,Tidak,2022,11,Non-El Nino
2022-11-09,Sulawesi,11.0,Tidak,2022,11,Non-El Nino
2022-11-09,Bali-Nusa Tenggara,4.0,Tidak,2022,11,Non-El Nino
2022-11-09,Maluku,12.0,Tidak,2022,11,Non-El Nino
2022-11-09,Papua,2.0,Tidak,2022,11,Non-El Nino
2022-11-10,Sumatera,2.0,Tidak,2022,11,Non-El Nino
2022-11-10,Jawa,11.0,Tidak,2022,11,Non-El Nino
2022-11-10,Kalimantan,16.0,Tidak,2022,11,Non-El Nino
2022-11-10,Sulawesi,20.0,Tidak,2022,11,Non-El Nino
2022-11-10,Bali-Nusa Tenggara,8.0,Tidak,2022,11,Non-El Nino
2022-11-10,Maluku,1.0,Tidak,2022,11,Non-El Nino
2022-11-10,Papua,2.0,Tidak,2022,11,Non-El Nino
2022-11-11,Sumatera,1.0,Tidak,2022,11,Non-El Nino
2022-11-11,Jawa,1.0,Tidak,2022,11,Non-El Nino
2022-11-11,Kalimantan,9.0,Tidak,2022,11,Non-El Nino
2022-11-11,Sulawesi,69.0,Tidak,2022,11,Non-El Nino
2022-11-11,Bali-Nusa Tenggara,15.0,Tidak,2022,11,Non-El Nino
2022-11-11,Maluku,1.0,Tidak,2022,11,Non-El Nino
2022-11-11,Papua,1.0,Tidak,2022,11,Non-El Nino
2022-11-12,Sumatera,5.0,Tidak,2022,11,Non-El Nino
2022-11-12,Jawa,0.0,Tidak,2022,11,Non-El Nino
2022-11-12,Kalimantan,11.0,Tidak,2022,11,Non-El Nino
2022-11-12,Sulawesi,33.0,Tidak,2022,11,Non-El Nino
2022-11-12,Bali-Nusa Tenggara,4.0,Tidak,2022,11,Non-El Nino
2022-11-12,Maluku,1.0,Tidak,2022,11,Non-El Nino
2022-11-12,Papua,6.0,Tidak,2022,11,Non-El Nino
2022-11-13,Sumatera,1.0,Tidak,2022,11,Non-El Nino
2022-11-13,Jawa,0.0,Tidak,2022,11,Non-El Nino
2022-11-13,Kalimantan,19.0,Tidak,2022,11,Non-El Nino
2022-11-13,Sulawesi,6.0,Tidak,2022,11,Non-El Nino
2022-11-13,Bali-Nusa Tenggara,4.0,Tidak,2022,11,Non-El Nino
2022-11-13,Maluku,3.0,Tidak,2022,11,Non-El Nino
2022-11-13,Papua,8.0,Tidak,2022,11,Non-El Nino
2022-11-14,Sumatera,0.0,Tidak,2022,11,Non-El Nino
2022-11-14,Jawa,0.0,Tidak,2022,11,Non-El Nino
2022-11-14,Kalimantan,15.0,Tidak,2022,11,Non-El Nino
2022-11-14,Sulawesi,7.0,Tidak,2022,11,Non-El Nino
2022-11-14,Bali-Nusa Tenggara,6.0,Tidak,2022,11,Non-El Nino
2022-11-14,Maluku,1.0,Tidak,2022,11,Non-El Nino
2022-11-14,Papua,7.0,Tidak,2022,11,Non-El Nino
2022-11-15,Sumatera,0.0,Tidak,2022,11,Non-El Nino
2022-11-15,Jawa,0.0,Tidak,2022,11,Non-El Nino
2022-11-15,Kalimantan,3.0,Tidak,2022,11,Non-El Nino
2022-11-15,Sulawesi,8.0,Tidak,2022,11,Non-El Nino
2022-11-15,Bali-Nusa Tenggara,10.0,Tidak,2022,11,Non-El Nino
2022-11-15,Maluku,5.0,Tidak,2022,11,Non-El Nino
2022-11-15,Papua,4.0,Tidak,2022,11,Non-El Nino
2022-11-16,Sumatera,0.0,Tidak,2022,11,Non-El Nino
2022-11-16,Jawa,0.0,Tidak,2022,11,Non-El Nino
2022-11-16,Kalimantan,2.0,Tidak,2022,11,Non-El Nino
2022-11-16,Sulawesi,1.0,Tidak,2022,11,Non-El Nino
2022-11-16,Bali-Nusa Tenggara,11.0,Tidak,2022,11,Non-El Nino
2022-11-16,Maluku,1.0,Tidak,2022,11,Non-El Nino
2022-11-16,Papua,1.0,Tidak,2022,11,Non-El Nino
2022-11-17,Sumatera,3.0,Tidak,2022,11,Non-El Nino
2022-11-17,Jawa,2.0,Tidak,2022,11,Non-El Nino
2022-11-17,Kalimantan,2.0,Tidak,2022,11,Non-El Nino
2022-11-17,Sulawesi,3.0,Tidak,2022,11,Non-El Nino
2022-11-17,Bali-Nusa Tenggara,11.0,Tidak,2022,11,Non-El Nino
2022-11-17,Maluku,0.0,Tidak,2022,11,Non-El Nino
2022-11-17,Papua,2.0,Tidak,2022,11,Non-El Nino
2022-11-18,Sumatera,10.0,Tidak,2022,11,Non-El Nino
2022-11-18,Jawa,1.0,Tidak,2022,11,Non-El Nino
2022-11-18,Kalimantan,0.0,Tidak,2022,11,Non-El Nino
2022-11-18,Sulawesi,0.0,Tidak,2022,11,Non-El Nino
2022-11-18,Bali-Nusa Tenggara,1.0,Tidak,2022,11,Non-El Nino
2022-11-18,Maluku,2.0,Tidak,2022,11,Non-El Nino
2022-11-18,Papua,0.0,Tidak,2022,11,Non-El Nino
2022-11-19,Sumatera,0.0,Tidak,2022,11,Non-El Nino
2022-11-19,Jawa,3.0,Tidak,2022,11,Non-El Nino
2022-11-19,Kalimantan,1.0,Tidak,2022,11,Non-El Nino
2022-11-19,Sulawesi,0.0,Tidak,2022,11,Non-El Nino
2022-11-19,Bali-Nusa Tenggara,0.0,Tidak,2022,11,Non-El Nino
2022-11-19,Maluku,0.0,Tidak,2022,11,Non-El Nino
2022-11-19,Papua,14.0,Tidak,2022,11,Non-El Nino
2022-11-20,Sumatera,15.0,Tidak,2022,11,Non-El Nino
2022-11-20,Jawa,2.0,Tidak,2022,11,Non-El Nino
2022-11-20,Kalimantan,7.0,Tidak,2022,11,Non-El Nino
2022-11-20,Sulawesi,0.0,Tidak,2022,11,Non-El Nino
2022-11-20,Bali-Nusa Tenggara,4.0,Tidak,2022,11,Non-El Nino
2022-11-20,Maluku,0.0,Tidak,2022,11,Non-El Nino
2022-11-20,Papua,0.0,Tidak,2022,11,Non-El Nino
2022-11-21,Sumatera,22.0,Tidak,2022,11,Non-El Nino
2022-11-21,Jawa,3.0,Tidak,2022,11,Non-El Nino
2022-11-21,Kalimantan,1.0,Tidak,2022,11,Non-El Nino
2022-11-21,Sulawesi,10.0,Tidak,2022,11,Non-El Nino
2022-11-21,Bali-Nusa Tenggara,9.0,Tidak,2022,11,Non-El Nino
2022-11-21,Maluku,0.0,Tidak,2022,11,Non-El Nino
2022-11-21,Papua,1.0,Tidak,2022,11,Non-El Nino
2022-11-22,Sumatera,112.0,Tidak,2022,11,Non-El Nino
2022-11-22,Jawa,0.0,Tidak,2022,11,Non-El Nino
2022-11-22,Kalimantan,2.0,Tidak,2022,11,Non-El Nino
2022-11-22,Sulawesi,1.0,Tidak,2022,11,Non-El Nino
2022-11-22,Bali-Nusa Tenggara,0.0,Tidak,2022,11,Non-El Nino
2022-11-22,Maluku,0.0,Tidak,2022,11,Non-El Nino
2022-11-22,Papua,2.0,Tidak,2022,11,Non-El Nino
2022-11-23,Sumatera,13.0,Tidak,2022,11,Non-El Nino
2022-11-23,Jawa,0.0,Tidak,2022,11,Non-El Nino
2022-11-23,Kalimantan,5.0,Tidak,2022,11,Non-El Nino
2022-11-23,Sulawesi,6.0,Tidak,2022,11,Non-El Nino
2022-11-23,Bali-Nusa Tenggara,0.0,Tidak,2022,11,Non-El Nino
2022-11-23,Maluku,0.0,Tidak,2022,11,Non-El Nino
2022-11-23,Papua,1.0,Tidak,2022,11,Non-El Nino
2022-11-24,Sumatera,13.0,Tidak,2022,11,Non-El Nino
2022-11-24,Jawa,0.0,Tidak,2022,11,Non-El Nino
2022-11-24,Kalimantan,3.0,Tidak,2022,11,Non-El Nino
2022-11-24,Sulawesi,1.0,Tidak,2022,11,Non-El Nino
2022-11-24,Bali-Nusa Tenggara,0.0,Tidak,2022,11,Non-El Nino
2022-11-24,Maluku,0.0,Tidak,2022,11,Non-El Nino
2022-11-24,Papua,3.0,Tidak,2022,11,Non-El Nino
2022-11-25,Sumatera,0.0,Tidak,2022,11,Non-El Nino
2022-11-25,Jawa,1.0,Tidak,2022,11,Non-El Nino
2022-11-25,Kalimantan,14.0,Tidak,2022,11,Non-El Nino
2022-11-25,Sulawesi,1.0,Tidak,2022,11,Non-El Nino
2022-11-25,Bali-Nusa Tenggara,1.0,Tidak,2022,11,Non-El Nino
2022-11-25,Maluku,0.0,Tidak,2022,11,Non-El Nino
2022-11-25,Papua,12.0,Tidak,2022,11,Non-El Nino
2022-11-26,Sumatera,30.0,Tidak,2022,11,Non-El Nino
2022-11-26,Jawa,2.0,Tidak,2022,11,Non-El Nino
2022-11-26,Kalimantan,11.0,Tidak,2022,11,Non-El Nino
2022-11-26,Sulawesi,17.0,Tidak,2022,11,Non-El Nino
2022-11-26,Bali-Nusa Tenggara,3.0,Tidak,2022,11,Non-El Nino
2022-11-26,Maluku,0.0,Tidak,2022,11,Non-El Nino
2022-11-26,Papua,8.0,Tidak,2022,11,Non-El Nino
2022-11-27,Sumatera,23.0,Tidak,2022,11,Non-El Nino
2022-11-27,Jawa,0.0,Tidak,2022,11,Non-El Nino
2022-11-27,Kalimantan,7.0,Tidak,2022,11,Non-El Nino
2022-11-27,Sulawesi,31.0,Tidak,2022,11,Non-El Nino
2022-11-27,Bali-Nusa Tenggara,2.0,Tidak,2022,11,Non-El Nino
2022-11-27,Maluku,0.0,Tidak,2022,11,Non-El Nino
2022-11-27,Papua,5.0,Tidak,2022,11,Non-El Nino
2022-11-28,Sumatera,21.0,Tidak,2022,11,Non-El Nino
2022-11-28,Jawa,1.0,Tidak,2022,11,Non-El Nino
2022-11-28,Kalimantan,26.0,Tidak,2022,11,Non-El Nino
2022-11-28,Sulawesi,22.0,Tidak,2022,11,Non-El Nino
2022-11-28,Bali-Nusa Tenggara,0.0,Tidak,2022,11,Non-El Nino
2022-11-28,Maluku,1.0,Tidak,2022,11,Non-El Nino
2022-11-28,Papua,1.0,Tidak,2022,11,Non-El Nino
2022-11-29,Sumatera,7.0,Tidak,2022,11,Non-El Nino
2022-11-29,Jawa,2.0,Tidak,2022,11,Non-El Nino
2022-11-29,Kalimantan,44.0,Tidak,2022,11,Non-El Nino
2022-11-29,Sulawesi,2.0,Tidak,2022,11,Non-El Nino
2022-11-29,Bali-Nusa Tenggara,0.0,Tidak,2022,11,Non-El Nino
2022-11-29,Maluku,0.0,Tidak,2022,11,Non-El Nino
2022-11-29,Papua,0.0,Tidak,2022,11,Non-El Nino
2022-11-30,Sumatera,14.0,Tidak,2022,11,Non-El Nino
2022-11-30,Jawa,6.0,Tidak,2022,11,Non-El Nino
2022-11-30,Kalimantan,12.0,Tidak,2022,11,Non-El Nino
2022-11-30,Sulawesi,2.0,Tidak,2022,11,Non-El Nino
2022-11-30,Bali-Nusa Tenggara,0.0,Tidak,2022,11,Non-El Nino
2022-11-30,Maluku,0.0,Tidak,2022,11,Non-El Nino
2022-11-30,Papua,2.0,Tidak,2022,11,Non-El Nino
2022-12-01,Sumatera,4.0,Tidak,2022,12,Non-El Nino
2022-12-01,Jawa,4.0,Tidak,2022,12,Non-El Nino
2022-12-01,Kalimantan,9.0,Tidak,2022,12,Non-El Nino
2022-12-01,Sulawesi,11.0,Tidak,2022,12,Non-El Nino
2022-12-01,Bali-Nusa Tenggara,3.0,Tidak,2022,12,Non-El Nino
2022-12-01,Maluku,1.0,Tidak,2022,12,Non-El Nino
2022-12-01,Papua,0.0,Tidak,2022,12,Non-El Nino
2022-12-02,Sumatera,0.0,Tidak,2022,12,Non-El Nino
2022-12-02,Jawa,2.0,Tidak,2022,12,Non-El Nino
2022-12-02,Kalimantan,9.0,Tidak,2022,12,Non-El Nino
2022-12-02,Sulawesi,27.0,Tidak,2022,12,Non-El Nino
2022-12-02,Bali-Nusa Tenggara,3.0,Tidak,2022,12,Non-El Nino
2022-12-02,Maluku,0.0,Tidak,2022,12,Non-El Nino
2022-12-02,Papua,1.0,Tidak,2022,12,Non-El Nino
2022-12-03,Sumatera,2.0,Tidak,2022,12,Non-El Nino
2022-12-03,Jawa,3.0,Tidak,2022,12,Non-El Nino
2022-12-03,Kalimantan,9.0,Tidak,2022,12,Non-El Nino
2022-12-03,Sulawesi,14.0,Tidak,2022,12,Non-El Nino
2022-12-03,Bali-Nusa Tenggara,3.0,Tidak,2022,12,Non-El Nino
2022-12-03,Maluku,1.0,Tidak,2022,12,Non-El Nino
2022-12-03,Papua,1.0,Tidak,2022,12,Non-El Nino
2022-12-04,Sumatera,0.0,Tidak,2022,12,Non-El Nino
2022-12-04,Jawa,3.0,Tidak,2022,12,Non-El Nino
2022-12-04,Kalimantan,12.0,Tidak,2022,12,Non-El Nino
2022-12-04,Sulawesi,2.0,Tidak,2022,12,Non-El Nino
2022-12-04,Bali-Nusa Tenggara,6.0,Tidak,2022,12,Non-El Nino
2022-12-04,Maluku,2.0,Tidak,2022,12,Non-El Nino
2022-12-04,Papua,5.0,Tidak,2022,12,Non-El Nino
2022-12-05,Sumatera,2.0,Tidak,2022,12,Non-El Nino
2022-12-05,Jawa,0.0,Tidak,2022,12,Non-El Nino
2022-12-05,Kalimantan,4.0,Tidak,2022,12,Non-El Nino
2022-12-05,Sulawesi,2.0,Tidak,2022,12,Non-El Nino
2022-12-05,Bali-Nusa Tenggara,1.0,Tidak,2022,12,Non-El Nino
2022-12-05,Maluku,0.0,Tidak,2022,12,Non-El Nino
2022-12-05,Papua,3.0,Tidak,2022,12,Non-El Nino
2022-12-06,Sumatera,1.0,Tidak,2022,12,Non-El Nino
2022-12-06,Jawa,4.0,Tidak,2022,12,Non-El Nino
2022-12-06,Kalimantan,8.0,Tidak,2022,12,Non-El Nino
2022-12-06,Sulawesi,4.0,Tidak,2022,12,Non-El Nino
2022-12-06,Bali-Nusa Tenggara,10.0,Tidak,2022,12,Non-El Nino
2022-12-06,Maluku,1.0,Tidak,2022,12,Non-El Nino
2022-12-06,Papua,2.0,Tidak,2022,12,Non-El Nino
2022-12-07,Sumatera,1.0,Tidak,2022,12,Non-El Nino
2022-12-07,Jawa,3.0,Tidak,2022,12,Non-El Nino
2022-12-07,Kalimantan,2.0,Tidak,2022,12,Non-El Nino
2022-12-07,Sulawesi,41.0,Tidak,2022,12,Non-El Nino
2022-12-07,Bali-Nusa Tenggara,15.0,Tidak,2022,12,Non-El Nino
2022-12-07,Maluku,6.0,Tidak,2022,12,Non-El Nino
2022-12-07,Papua,12.0,Tidak,2022,12,Non-El Nino
2022-12-08,Sumatera,1.0,Tidak,2022,12,Non-El Nino
2022-12-08,Jawa,1.0,Tidak,2022,12,Non-El Nino
2022-12-08,Kalimantan,5.0,Tidak,2022,12,Non-El Nino
2022-12-08,Sulawesi,37.0,Tidak,2022,12,Non-El Nino
2022-12-08,Bali-Nusa Tenggara,11.0,Tidak,2022,12,Non-El Nino
2022-12-08,Maluku,6.0,Tidak,2022,12,Non-El Nino
2022-12-08,Papua,2.0,Tidak,2022,12,Non-El Nino
2022-12-09,Sumatera,0.0,Tidak,2022,12,Non-El Nino
2022-12-09,Jawa,3.0,Tidak,2022,12,Non-El Nino
2022-12-09,Kalimantan,3.0,Tidak,2022,12,Non-El Nino
2022-12-09,Sulawesi,12.0,Tidak,2022,12,Non-El Nino
2022-12-09,Bali-Nusa Tenggara,6.0,Tidak,2022,12,Non-El Nino
2022-12-09,Maluku,12.0,Tidak,2022,12,Non-El Nino
2022-12-09,Papua,3.0,Tidak,2022,12,Non-El Nino
2022-12-10,Sumatera,1.0,Tidak,2022,12,Non-El Nino
2022-12-10,Jawa,8.0,Tidak,2022,12,Non-El Nino
2022-12-10,Kalimantan,13.0,Tidak,2022,12,Non-El Nino
2022-12-10,Sulawesi,6.0,Tidak,2022,12,Non-El Nino
2022-12-10,Bali-Nusa Tenggara,4.0,Tidak,2022,12,Non-El Nino
2022-12-10,Maluku,5.0,Tidak,2022,12,Non-El Nino
2022-12-10,Papua,1.0,Tidak,2022,12,Non-El Nino
2022-12-11,Sumatera,6.0,Tidak,2022,12,Non-El Nino
2022-12-11,Jawa,4.0,Tidak,2022,12,Non-El Nino
2022-12-11,Kalimantan,16.0,Tidak,2022,12,Non-El Nino
2022-12-11,Sulawesi,3.0,Tidak,2022,12,Non-El Nino
2022-12-11,Bali-Nusa Tenggara,12.0,Tidak,2022,12,Non-El Nino
2022-12-11,Maluku,5.0,Tidak,2022,12,Non-El Nino
2022-12-11,Papua,4.0,Tidak,2022,12,Non-El Nino
2022-12-12,Sumatera,1.0,Tidak,2022,12,Non-El Nino
2022-12-12,Jawa,6.0,Tidak,2022,12,Non-El Nino
2022-12-12,Kalimantan,43.0,Tidak,2022,12,Non-El Nino
2022-12-12,Sulawesi,10.0,Tidak,2022,12,Non-El Nino
2022-12-12,Bali-Nusa Tenggara,9.0,Tidak,2022,12,Non-El Nino
2022-12-12,Maluku,0.0,Tidak,2022,12,Non-El Nino
2022-12-12,Papua,0.0,Tidak,2022,12,Non-El Nino
2022-12-13,Sumatera,5.0,Tidak,2022,12,Non-El Nino
2022-12-13,Jawa,2.0,Tidak,2022,12,Non-El Nino
2022-12-13,Kalimantan,2.0,Tidak,2022,12,Non-El Nino
2022-12-13,Sulawesi,12.0,Tidak,2022,12,Non-El Nino
2022-12-13,Bali-Nusa Tenggara,3.0,Tidak,2022,12,Non-El Nino
2022-12-13,Maluku,0.0,Tidak,2022,12,Non-El Nino
2022-12-13,Papua,0.0,Tidak,2022,12,Non-El Nino
2022-12-14,Sumatera,8.0,Tidak,2022,12,Non-El Nino
2022-12-14,Jawa,3.0,Tidak,2022,12,Non-El Nino
2022-12-14,Kalimantan,2.0,Tidak,2022,12,Non-El Nino
2022-12-14,Sulawesi,3.0,Tidak,2022,12,Non-El Nino
2022-12-14,Bali-Nusa Tenggara,0.0,Tidak,2022,12,Non-El Nino
2022-12-14,Maluku,3.0,Tidak,2022,12,Non-El Nino
2022-12-14,Papua,3.0,Tidak,2022,12,Non-El Nino
2022-12-15,Sumatera,0.0,Tidak,2022,12,Non-El Nino
2022-12-15,Jawa,2.0,Tidak,2022,12,Non-El Nino
2022-12-15,Kalimantan,4.0,Tidak,2022,12,Non-El Nino
2022-12-15,Sulawesi,0.0,Tidak,2022,12,Non-El Nino
2022-12-15,Bali-Nusa Tenggara,0.0,Tidak,2022,12,Non-El Nino
2022-12-15,Maluku,0.0,Tidak,2022,12,Non-El Nino
2022-12-15,Papua,1.0,Tidak,2022,12,Non-El Nino
2022-12-16,Sumatera,11.0,Tidak,2022,12,Non-El Nino
2022-12-16,Jawa,0.0,Tidak,2022,12,Non-El Nino
2022-12-16,Kalimantan,0.0,Tidak,2022,12,Non-El Nino
2022-12-16,Sulawesi,3.0,Tidak,2022,12,Non-El Nino
2022-12-16,Bali-Nusa Tenggara,0.0,Tidak,2022,12,Non-El Nino
2022-12-16,Maluku,0.0,Tidak,2022,12,Non-El Nino
2022-12-16,Papua,6.0,Tidak,2022,12,Non-El Nino
2022-12-17,Sumatera,8.0,Tidak,2022,12,Non-El Nino
2022-12-17,Jawa,8.0,Tidak,2022,12,Non-El Nino
2022-12-17,Kalimantan,0.0,Tidak,2022,12,Non-El Nino
2022-12-17,Sulawesi,4.0,Tidak,2022,12,Non-El Nino
2022-12-17,Bali-Nusa Tenggara,0.0,Tidak,2022,12,Non-El Nino
2022-12-17,Maluku,0.0,Tidak,2022,12,Non-El Nino
2022-12-17,Papua,3.0,Tidak,2022,12,Non-El Nino
2022-12-18,Sumatera,36.0,Tidak,2022,12,Non-El Nino
2022-12-18,Jawa,5.0,Tidak,2022,12,Non-El Nino
2022-12-18,Kalimantan,4.0,Tidak,2022,12,Non-El Nino
2022-12-18,Sulawesi,0.0,Tidak,2022,12,Non-El Nino
2022-12-18,Bali-Nusa Tenggara,0.0,Tidak,2022,12,Non-El Nino
2022-12-18,Maluku,0.0,Tidak,2022,12,Non-El Nino
2022-12-18,Papua,0.0,Tidak,2022,12,Non-El Nino
2022-12-19,Sumatera,52.0,Tidak,2022,12,Non-El Nino
2022-12-19,Jawa,0.0,Tidak,2022,12,Non-El Nino
2022-12-19,Kalimantan,23.0,Tidak,2022,12,Non-El Nino
2022-12-19,Sulawesi,3.0,Tidak,2022,12,Non-El Nino
2022-12-19,Bali-Nusa Tenggara,2.0,Tidak,2022,12,Non-El Nino
2022-12-19,Maluku,1.0,Tidak,2022,12,Non-El Nino
2022-12-19,Papua,0.0,Tidak,2022,12,Non-El Nino
2022-12-20,Sumatera,22.0,Tidak,2022,12,Non-El Nino
2022-12-20,Jawa,2.0,Tidak,2022,12,Non-El Nino
2022-12-20,Kalimantan,19.0,Tidak,2022,12,Non-El Nino
2022-12-20,Sulawesi,4.0,Tidak,2022,12,Non-El Nino
2022-12-20,Bali-Nusa Tenggara,0.0,Tidak,2022,12,Non-El Nino
2022-12-20,Maluku,0.0,Tidak,2022,12,Non-El Nino
2022-12-20,Papua,1.0,Tidak,2022,12,Non-El Nino
2022-12-21,Sumatera,24.0,Tidak,2022,12,Non-El Nino
2022-12-21,Jawa,6.0,Tidak,2022,12,Non-El Nino
2022-12-21,Kalimantan,21.0,Tidak,2022,12,Non-El Nino
2022-12-21,Sulawesi,7.0,Tidak,2022,12,Non-El Nino
2022-12-21,Bali-Nusa Tenggara,6.0,Tidak,2022,12,Non-El Nino
2022-12-21,Maluku,0.0,Tidak,2022,12,Non-El Nino
2022-12-21,Papua,0.0,Tidak,2022,12,Non-El Nino
2022-12-22,Sumatera,0.0,Tidak,2022,12,Non-El Nino
2022-12-22,Jawa,0.0,Tidak,2022,12,Non-El Nino
2022-12-22,Kalimantan,14.0,Tidak,2022,12,Non-El Nino
2022-12-22,Sulawesi,52.0,Tidak,2022,12,Non-El Nino
2022-12-22,Bali-Nusa Tenggara,0.0,Tidak,2022,12,Non-El Nino
2022-12-22,Maluku,2.0,Tidak,2022,12,Non-El Nino
2022-12-22,Papua,1.0,Tidak,2022,12,Non-El Nino
2022-12-23,Sumatera,6.0,Tidak,2022,12,Non-El Nino
2022-12-23,Jawa,0.0,Tidak,2022,12,Non-El Nino
2022-12-23,Kalimantan,0.0,Tidak,2022,12,Non-El Nino
2022-12-23,Sulawesi,7.0,Tidak,2022,12,Non-El Nino
2022-12-23,Bali-Nusa Tenggara,0.0,Tidak,2022,12,Non-El Nino
2022-12-23,Maluku,2.0,Tidak,2022,12,Non-El Nino
2022-12-23,Papua,1.0,Tidak,2022,12,Non-El Nino
2022-12-24,Sumatera,109.0,Tidak,2022,12,Non-El Nino
2022-12-24,Jawa,1.0,Tidak,2022,12,Non-El Nino
2022-12-24,Kalimantan,0.0,Tidak,2022,12,Non-El Nino
2022-12-24,Sulawesi,5.0,Tidak,2022,12,Non-El Nino
2022-12-24,Bali-Nusa Tenggara,0.0,Tidak,2022,12,Non-El Nino
2022-12-24,Maluku,1.0,Tidak,2022,12,Non-El Nino
2022-12-24,Papua,0.0,Tidak,2022,12,Non-El Nino
2022-12-25,Sumatera,33.0,Tidak,2022,12,Non-El Nino
2022-12-25,Jawa,1.0,Tidak,2022,12,Non-El Nino
2022-12-25,Kalimantan,1.0,Tidak,2022,12,Non-El Nino
2022-12-25,Sulawesi,0.0,Tidak,2022,12,Non-El Nino
2022-12-25,Bali-Nusa Tenggara,0.0,Tidak,2022,12,Non-El Nino
2022-12-25,Maluku,1.0,Tidak,2022,12,Non-El Nino
2022-12-25,Papua,0.0,Tidak,2022,12,Non-El Nino
2022-12-26,Sumatera,8.0,Tidak,2022,12,Non-El Nino
2022-12-26,Jawa,0.0,Tidak,2022,12,Non-El Nino
2022-12-26,Kalimantan,7.0,Tidak,2022,12,Non-El Nino
2022-12-26,Sulawesi,1.0,Tidak,2022,12,Non-El Nino
2022-12-26,Bali-Nusa Tenggara,0.0,Tidak,2022,12,Non-El Nino
2022-12-26,Maluku,0.0,Tidak,2022,12,Non-El Nino
2022-12-26,Papua,2.0,Tidak,2022,12,Non-El Nino
2022-12-27,Sumatera,8.0,Tidak,2022,12,Non-El Nino
2022-12-27,Jawa,0.0,Tidak,2022,12,Non-El Nino
2022-12-27,Kalimantan,9.0,Tidak,2022,12,Non-El Nino
2022-12-27,Sulawesi,0.0,Tidak,2022,12,Non-El Nino
2022-12-27,Bali-Nusa Tenggara,0.0,Tidak,2022,12,Non-El Nino
2022-12-27,Maluku,0.0,Tidak,2022,12,Non-El Nino
2022-12-27,Papua,0.0,Tidak,2022,12,Non-El Nino
2022-12-28,Sumatera,0.0,Tidak,2022,12,Non-El Nino
2022-12-28,Jawa,0.0,Tidak,2022,12,Non-El Nino
2022-12-28,Kalimantan,13.0,Tidak,2022,12,Non-El Nino
2022-12-28,Sulawesi,1.0,Tidak,2022,12,Non-El Nino
2022-12-28,Bali-Nusa Tenggara,0.0,Tidak,2022,12,Non-El Nino
2022-12-28,Maluku,0.0,Tidak,2022,12,Non-El Nino
2022-12-28,Papua,0.0,Tidak,2022,12,Non-El Nino
2022-12-29,Sumatera,4.0,Tidak,2022,12,Non-El Nino
2022-12-29,Jawa,1.0,Tidak,2022,12,Non-El Nino
2022-12-29,Kalimantan,8.0,Tidak,2022,12,Non-El Nino
2022-12-29,Sulawesi,2.0,Tidak,2022,12,Non-El Nino
2022-12-29,Bali-Nusa Tenggara,0.0,Tidak,2022,12,Non-El Nino
2022-12-29,Maluku,0.0,Tidak,2022,12,Non-El Nino
2022-12-29,Papua,0.0,Tidak,2022,12,Non-El Nino
2022-12-30,Sumatera,2.0,Tidak,2022,12,Non-El Nino
2022-12-30,Jawa,0.0,Tidak,2022,12,Non-El Nino
2022-12-30,Kalimantan,7.0,Tidak,2022,12,Non-El Nino
2022-12-30,Sulawesi,8.0,Tidak,2022,12,Non-El Nino
2022-12-30,Bali-Nusa Tenggara,0.0,Tidak,2022,12,Non-El Nino
2022-12-30,Maluku,0.0,Tidak,2022,12,Non-El Nino
2022-12-30,Papua,0.0,Tidak,2022,12,Non-El Nino
2022-12-31,Sumatera,8.0,Tidak,2022,12,Non-El Nino
2022-12-31,Jawa,0.0,Tidak,2022,12,Non-El Nino
2022-12-31,Kalimantan,75.0,Tidak,2022,12,Non-El Nino
2022-12-31,Sulawesi,3.0,Tidak,2022,12,Non-El Nino
2022-12-31,Bali-Nusa Tenggara,0.0,Tidak,2022,12,Non-El Nino
2022-12-31,Maluku,0.0,Tidak,2022,12,Non-El Nino
2022-12-31,Papua,0.0,Tidak,2022,12,Non-El Nino
2023-01-01,Sumatera,1.0,Tidak,2023,1,El Nino 2023
2023-01-01,Jawa,0.0,Tidak,2023,1,El Nino 2023
2023-01-01,Kalimantan,55.0,Tidak,2023,1,El Nino 2023
2023-01-01,Sulawesi,6.0,Tidak,2023,1,El Nino 2023
2023-01-01,Bali-Nusa Tenggara,0.0,Tidak,2023,1,El Nino 2023
2023-01-01,Maluku,0.0,Tidak,2023,1,El Nino 2023
2023-01-01,Papua,0.0,Tidak,2023,1,El Nino 2023
2023-01-02,Sumatera,6.0,Tidak,2023,1,El Nino 2023
2023-01-02,Jawa,2.0,Tidak,2023,1,El Nino 2023
2023-01-02,Kalimantan,49.0,Tidak,2023,1,El Nino 2023
2023-01-02,Sulawesi,43.0,Tidak,2023,1,El Nino 2023
2023-01-02,Bali-Nusa Tenggara,0.0,Tidak,2023,1,El Nino 2023
2023-01-02,Maluku,0.0,Tidak,2023,1,El Nino 2023
2023-01-02,Papua,2.0,Tidak,2023,1,El Nino 2023
2023-01-03,Sumatera,1.0,Tidak,2023,1,El Nino 2023
2023-01-03,Jawa,0.0,Tidak,2023,1,El Nino 2023
2023-01-03,Kalimantan,3.0,Tidak,2023,1,El Nino 2023
2023-01-03,Sulawesi,40.0,Tidak,2023,1,El Nino 2023
2023-01-03,Bali-Nusa Tenggara,0.0,Tidak,2023,1,El Nino 2023
2023-01-03,Maluku,2.0,Tidak,2023,1,El Nino 2023
2023-01-03,Papua,21.0,Tidak,2023,1,El Nino 2023
2023-01-04,Sumatera,4.0,Tidak,2023,1,El Nino 2023
2023-01-04,Jawa,0.0,Tidak,2023,1,El Nino 2023
2023-01-04,Kalimantan,7.0,Tidak,2023,1,El Nino 2023
2023-01-04,Sulawesi,13.0,Tidak,2023,1,El Nino 2023
2023-01-04,Bali-Nusa Tenggara,0.0,Tidak,2023,1,El Nino 2023
2023-01-04,Maluku,6.0,Tidak,2023,1,El Nino 2023
2023-01-04,Papua,2.0,Tidak,2023,1,El Nino 2023
2023-01-05,Sumatera,0.0,Tidak,2023,1,El Nino 2023
2023-01-05,Jawa,1.0,Tidak,2023,1,El Nino 2023
2023-01-05,Kalimantan,10.0,Tidak,2023,1,El Nino 2023
2023-01-05,Sulawesi,9.0,Tidak,2023,1,El Nino 2023
2023-01-05,Bali-Nusa Tenggara,0.0,Tidak,2023,1,El Nino 2023
2023-01-05,Maluku,1.0,Tidak,2023,1,El Nino 2023
2023-01-05,Papua,10.0,Tidak,2023,1,El Nino 2023
2023-01-06,Sumatera,7.0,Tidak,2023,1,El Nino 2023
2023-01-06,Jawa,0.0,Tidak,2023,1,El Nino 2023
2023-01-06,Kalimantan,10.0,Tidak,2023,1,El Nino 2023
2023-01-06,Sulawesi,1.0,Tidak,2023,1,El Nino 2023
2023-01-06,Bali-Nusa Tenggara,1.0,Tidak,2023,1,El Nino 2023
2023-01-06,Maluku,1.0,Tidak,2023,1,El Nino 2023
2023-01-06,Papua,4.0,Tidak,2023,1,El Nino 2023
2023-01-07,Sumatera,9.0,Tidak,2023,1,El Nino 2023
2023-01-07,Jawa,24.0,Tidak,2023,1,El Nino 2023
2023-01-07,Kalimantan,5.0,Tidak,2023,1,El Nino 2023
2023-01-07,Sulawesi,7.0,Tidak,2023,1,El Nino 2023
2023-01-07,Bali-Nusa Tenggara,2.0,Tidak,2023,1,El Nino 2023
2023-01-07,Maluku,0.0,Tidak,2023,1,El Nino 2023
2023-01-07,Papua,0.0,Tidak,2023,1,El Nino 2023
2023-01-08,Sumatera,8.0,Tidak,2023,1,El Nino 2023
2023-01-08,Jawa,2.0,Tidak,2023,1,El Nino 2023
2023-01-08,Kalimantan,0.0,Tidak,2023,1,El Nino 2023
2023-01-08,Sulawesi,8.0,Tidak,2023,1,El Nino 2023
2023-01-08,Bali-Nusa Tenggara,1.0,Tidak,2023,1,El Nino 2023
2023-01-08,Maluku,0.0,Tidak,2023,1,El Nino 2023
2023-01-08,Papua,0.0,Tidak,2023,1,El Nino 2023
2023-01-09,Sumatera,7.0,Tidak,2023,1,El Nino 2023
2023-01-09,Jawa,1.0,Tidak,2023,1,El Nino 2023
2023-01-09,Kalimantan,0.0,Tidak,2023,1,El Nino 2023
2023-01-09,Sulawesi,0.0,Tidak,2023,1,El Nino 2023
2023-01-09,Bali-Nusa Tenggara,1.0,Tidak,2023,1,El Nino 2023
2023-01-09,Maluku,0.0,Tidak,2023,1,El Nino 2023
2023-01-09,Papua,0.0,Tidak,2023,1,El Nino 2023
2023-01-10,Sumatera,66.0,Tidak,2023,1,El Nino 2023
2023-01-10,Jawa,1.0,Tidak,2023,1,El Nino 2023
2023-01-10,Kalimantan,0.0,Tidak,2023,1,El Nino 2023
2023-01-10,Sulawesi,1.0,Tidak,2023,1,El Nino 2023
2023-01-10,Bali-Nusa Tenggara,12.0,Tidak,2023,1,El Nino 2023
2023-01-10,Maluku,0.0,Tidak,2023,1,El Nino 2023
2023-01-10,Papua,1.0,Tidak,2023,1,El Nino 2023
2023-01-11,Sumatera,6.0,Tidak,2023,1,El Nino 2023
2023-01-11,Jawa,6.0,Tidak,2023,1,El Nino 2023
2023-01-11,Kalimantan,8.0,Tidak,2023,1,El Nino 2023
2023-01-11,Sulawesi,2.0,Tidak,2023,1,El Nino 2023
2023-01-11,Bali-Nusa Tenggara,1.0,Tidak,2023,1,El Nino 2023
2023-01-11,Maluku,0.0,Tidak,2023,1,El Nino 2023
2023-01-11,Papua,3.0,Tidak,2023,1,El Nino 2023
2023-01-12,Sumatera,10.0,Tidak,2023,1,El Nino 2023
2023-01-12,Jawa,9.0,Tidak,2023,1,El Nino 2023
2023-01-12,Kalimantan,18.0,Tidak,2023,1,El Nino 2023
2023-01-12,Sulawesi,1.0,Tidak,2023,1,El Nino 2023
2023-01-12,Bali-Nusa Tenggara,3.0,Tidak,2023,1,El Nino 2023
2023-01-12,Maluku,0.0,Tidak,2023,1,El Nino 2023
2023-01-12,Papua,0.0,Tidak,2023,1,El Nino 2023
2023-01-13,Sumatera,20.0,Tidak,2023,1,El Nino 2023
2023-01-13,Jawa,8.0,Tidak,2023,1,El Nino 2023
2023-01-13,Kalimantan,16.0,Tidak,2023,1,El Nino 2023
2023-01-13,Sulawesi,45.0,Tidak,2023,1,El Nino 2023
2023-01-13,Bali-Nusa Tenggara,3.0,Tidak,2023,1,El Nino 2023
2023-01-13,Maluku,6.0,Tidak,2023,1,El Nino 2023
2023-01-13,Papua,4.0,Tidak,2023,1,El Nino 2023
2023-01-14,Sumatera,19.0,Tidak,2023,1,El Nino 2023
2023-01-14,Jawa,3.0,Tidak,2023,1,El Nino 2023
2023-01-14,Kalimantan,12.0,Tidak,2023,1,El Nino 2023
2023-01-14,Sulawesi,33.0,Tidak,2023,1,El Nino 2023
2023-01-14,Bali-Nusa Tenggara,8.0,Tidak,2023,1,El Nino 2023
2023-01-14,Maluku,12.0,Tidak,2023,1,El Nino 2023
2023-01-14,Papua,2.0,Tidak,2023,1,El Nino 2023
2023-01-15,Sumatera,12.0,Tidak,2023,1,El Nino 2023
2023-01-15,Jawa,3.0,Tidak,2023,1,El Nino 2023
2023-01-15,Kalimantan,40.0,Tidak,2023,1,El Nino 2023
2023-01-15,Sulawesi,20.0,Tidak,2023,1,El Nino 2023
2023-01-15,Bali-Nusa Tenggara,1.0,Tidak,2023,1,El Nino 2023
2023-01-15,Maluku,6.0,Tidak,2023,1,El Nino 2023
2023-01-15,Papua,2.0,Tidak,2023,1,El Nino 2023
2023-01-16,Sumatera,10.0,Tidak,2023,1,El Nino 2023
2023-01-16,Jawa,0.0,Tidak,2023,1,El Nino 2023
2023-01-16,Kalimantan,65.0,Tidak,2023,1,El Nino 2023
2023-01-16,Sulawesi,11.0,Tidak,2023,1,El Nino 2023
2023-01-16,Bali-Nusa Tenggara,0.0,Tidak,2023,1,El Nino 2023
2023-01-16,Maluku,3.0,Tidak,2023,1,El Nino 2023
2023-01-16,Papua,1.0,Tidak,2023,1,El Nino 2023
2023-01-17,Sumatera,34.0,Tidak,2023,1,El Nino 2023
2023-01-17,Jawa,0.0,Tidak,2023,1,El Nino 2023
2023-01-17,Kalimantan,69.0,Tidak,2023,1,El Nino 2023
2023-01-17,Sulawesi,7.0,Tidak,2023,1,El Nino 2023
2023-01-17,Bali-Nusa Tenggara,0.0,Tidak,2023,1,El Nino 2023
2023-01-17,Maluku,1.0,Tidak,2023,1,El Nino 2023
2023-01-17,Papua,45.0,Tidak,2023,1,El Nino 2023
2023-01-18,Sumatera,2.0,Tidak,2023,1,El Nino 2023
2023-01-18,Jawa,0.0,Tidak,2023,1,El Nino 2023
2023-01-18,Kalimantan,12.0,Tidak,2023,1,El Nino 2023
2023-01-18,Sulawesi,10.0,Tidak,2023,1,El Nino 2023
2023-01-18,Bali-Nusa Tenggara,0.0,Tidak,2023,1,El Nino 2023
2023-01-18,Maluku,0.0,Tidak,2023,1,El Nino 2023
2023-01-18,Papua,5.0,Tidak,2023,1,El Nino 2023
2023-01-19,Sumatera,15.0,Tidak,2023,1,El Nino 2023
2023-01-19,Jawa,0.0,Tidak,2023,1,El Nino 2023
2023-01-19,Kalimantan,2.0,Tidak,2023,1,El Nino 2023
2023-01-19,Sulawesi,10.0,Tidak,2023,1,El Nino 2023
2023-01-19,Bali-Nusa Tenggara,0.0,Tidak,2023,1,El Nino 2023
2023-01-19,Maluku,0.0,Tidak,2023,1,El Nino 2023
2023-01-19,Papua,0.0,Tidak,2023,1,El Nino 2023
2023-01-20,Sumatera,0.0,Tidak,2023,1,El Nino 2023
2023-01-20,Jawa,0.0,Tidak,2023,1,El Nino 2023
2023-01-20,Kalimantan,9.0,Tidak,2023,1,El Nino 2023
2023-01-20,Sulawesi,0.0,Tidak,2023,1,El Nino 2023
2023-01-20,Bali-Nusa Tenggara,0.0,Tidak,2023,1,El Nino 2023
2023-01-20,Maluku,0.0,Tidak,2023,1,El Nino 2023
2023-01-20,Papua,0.0,Tidak,2023,1,El Nino 2023
2023-01-21,Sumatera,3.0,Tidak,2023,1,El Nino 2023
2023-01-21,Jawa,1.0,Tidak,2023,1,El Nino 2023
2023-01-21,Kalimantan,14.0,Tidak,2023,1,El Nino 2023
2023-01-21,Sulawesi,0.0,Tidak,2023,1,El Nino 2023
2023-01-21,Bali-Nusa Tenggara,0.0,Tidak,2023,1,El Nino 2023
2023-01-21,Maluku,0.0,Tidak,2023,1,El Nino 2023
2023-01-21,Papua,0.0,Tidak,2023,1,El Nino 2023
2023-01-22,Sumatera,3.0,Tidak,2023,1,El Nino 2023
2023-01-22,Jawa,2.0,Tidak,2023,1,El Nino 2023
2023-01-22,Kalimantan,6.0,Tidak,2023,1,El Nino 2023
2023-01-22,Sulawesi,4.0,Tidak,2023,1,El Nino 2023
2023-01-22,Bali-Nusa Tenggara,1.0,Tidak,2023,1,El Nino 2023
2023-01-22,Maluku,2.0,Tidak,2023,1,El Nino 2023
2023-01-22,Papua,0.0,Tidak,2023,1,El Nino 2023
2023-01-23,Sumatera,0.0,Tidak,2023,1,El Nino 2023
2023-01-23,Jawa,0.0,Tidak,2023,1,El Nino 2023
2023-01-23,Kalimantan,7.0,Tidak,2023,1,El Nino 2023
2023-01-23,Sulawesi,2.0,Tidak,2023,1,El Nino 2023
2023-01-23,Bali-Nusa Tenggara,5.0,Tidak,2023,1,El Nino 2023
2023-01-23,Maluku,0.0,Tidak,2023,1,El Nino 2023
2023-01-23,Papua,2.0,Tidak,2023,1,El Nino 2023
2023-01-24,Sumatera,1.0,Tidak,2023,1,El Nino 2023
2023-01-24,Jawa,0.0,Tidak,2023,1,El Nino 2023
2023-01-24,Kalimantan,3.0,Tidak,2023,1,El Nino 2023
2023-01-24,Sulawesi,27.0,Tidak,2023,1,El Nino 2023
2023-01-24,Bali-Nusa Tenggara,3.0,Tidak,2023,1,El Nino 2023
2023-01-24,Maluku,3.0,Tidak,2023,1,El Nino 2023
2023-01-24,Papua,0.0,Tidak,2023,1,El Nino 2023
2023-01-25,Sumatera,0.0,Tidak,2023,1,El Nino 2023
2023-01-25,Jawa,0.0,Tidak,2023,1,El Nino 2023
2023-01-25,Kalimantan,0.0,Tidak,2023,1,El Nino 2023
2023-01-25,Sulawesi,4.0,Tidak,2023,1,El Nino 2023
2023-01-25,Bali-Nusa Tenggara,0.0,Tidak,2023,1,El Nino 2023
2023-01-25,Maluku,0.0,Tidak,2023,1,El Nino 2023
2023-01-25,Papua,0.0,Tidak,2023,1,El Nino 2023
2023-01-26,Sumatera,0.0,Tidak,2023,1,El Nino 2023
2023-01-26,Jawa,0.0,Tidak,2023,1,El Nino 2023
2023-01-26,Kalimantan,2.0,Tidak,2023,1,El Nino 2023
2023-01-26,Sulawesi,1.0,Tidak,2023,1,El Nino 2023
2023-01-26,Bali-Nusa Tenggara,0.0,Tidak,2023,1,El Nino 2023
2023-01-26,Maluku,1.0,Tidak,2023,1,El Nino 2023
2023-01-26,Papua,2.0,Tidak,2023,1,El Nino 2023
2023-01-27,Sumatera,1.0,Tidak,2023,1,El Nino 2023
2023-01-27,Jawa,0.0,Tidak,2023,1,El Nino 2023
2023-01-27,Kalimantan,0.0,Tidak,2023,1,El Nino 2023
2023-01-27,Sulawesi,1.0,Tidak,2023,1,El Nino 2023
2023-01-27,Bali-Nusa Tenggara,0.0,Tidak,2023,1,El Nino 2023
2023-01-27,Maluku,0.0,Tidak,2023,1,El Nino 2023
2023-01-27,Papua,4.0,Tidak,2023,1,El Nino 2023
2023-01-28,Sumatera,12.0,Tidak,2023,1,El Nino 2023
2023-01-28,Jawa,0.0,Tidak,2023,1,El Nino 2023
2023-01-28,Kalimantan,0.0,Tidak,2023,1,El Nino 2023
2023-01-28,Sulawesi,0.0,Tidak,2023,1,El Nino 2023
2023-01-28,Bali-Nusa Tenggara,0.0,Tidak,2023,1,El Nino 2023
2023-01-28,Maluku,0.0,Tidak,2023,1,El Nino 2023
2023-01-28,Papua,0.0,Tidak,2023,1,El Nino 2023
2023-01-29,Sumatera,4.0,Tidak,2023,1,El Nino 2023
2023-01-29,Jawa,0.0,Tidak,2023,1,El Nino 2023
2023-01-29,Kalimantan,2.0,Tidak,2023,1,El Nino 2023
2023-01-29,Sulawesi,2.0,Tidak,2023,1,El Nino 2023
2023-01-29,Bali-Nusa Tenggara,0.0,Tidak,2023,1,El Nino 2023
2023-01-29,Maluku,0.0,Tidak,2023,1,El Nino 2023
2023-01-29,Papua,3.0,Tidak,2023,1,El Nino 2023
2023-01-30,Sumatera,3.0,Tidak,2023,1,El Nino 2023
2023-01-30,Jawa,0.0,Tidak,2023,1,El Nino 2023
2023-01-30,Kalimantan,0.0,Tidak,2023,1,El Nino 2023
2023-01-30,Sulawesi,1.0,Tidak,2023,1,El Nino 2023
2023-01-30,Bali-Nusa Tenggara,0.0,Tidak,2023,1,El Nino 2023
2023-01-30,Maluku,2.0,Tidak,2023,1,El Nino 2023
2023-01-30,Papua,0.0,Tidak,2023,1,El Nino 2023
2023-01-31,Sumatera,4.0,Tidak,2023,1,El Nino 2023
2023-01-31,Jawa,0.0,Tidak,2023,1,El Nino 2023
2023-01-31,Kalimantan,2.0,Tidak,2023,1,El Nino 2023
2023-01-31,Sulawesi,0.0,Tidak,2023,1,El Nino 2023
2023-01-31,Bali-Nusa Tenggara,0.0,Tidak,2023,1,El Nino 2023
2023-01-31,Maluku,1.0,Tidak,2023,1,El Nino 2023
2023-01-31,Papua,0.0,Tidak,2023,1,El Nino 2023
2023-02-01,Sumatera,3.0,Tidak,2023,2,El Nino 2023
2023-02-01,Jawa,0.0,Tidak,2023,2,El Nino 2023
2023-02-01,Kalimantan,0.0,Tidak,2023,2,El Nino 2023
2023-02-01,Sulawesi,2.0,Tidak,2023,2,El Nino 2023
2023-02-01,Bali-Nusa Tenggara,0.0,Tidak,2023,2,El Nino 2023
2023-02-01,Maluku,1.0,Tidak,2023,2,El Nino 2023
2023-02-01,Papua,3.0,Tidak,2023,2,El Nino 2023
2023-02-02,Sumatera,9.0,Tidak,2023,2,El Nino 2023
2023-02-02,Jawa,0.0,Tidak,2023,2,El Nino 2023
2023-02-02,Kalimantan,0.0,Tidak,2023,2,El Nino 2023
2023-02-02,Sulawesi,0.0,Tidak,2023,2,El Nino 2023
2023-02-02,Bali-Nusa Tenggara,0.0,Tidak,2023,2,El Nino 2023
2023-02-02,Maluku,1.0,Tidak,2023,2,El Nino 2023
2023-02-02,Papua,5.0,Tidak,2023,2,El Nino 2023
2023-02-03,Sumatera,2.0,Tidak,2023,2,El Nino 2023
2023-02-03,Jawa,0.0,Tidak,2023,2,El Nino 2023
2023-02-03,Kalimantan,1.0,Tidak,2023,2,El Nino 2023
2023-02-03,Sulawesi,2.0,Tidak,2023,2,El Nino 2023
2023-02-03,Bali-Nusa Tenggara,0.0,Tidak,2023,2,El Nino 2023
2023-02-03,Maluku,0.0,Tidak,2023,2,El Nino 2023
2023-02-03,Papua,5.0,Tidak,2023,2,El Nino 2023
2023-02-04,Sumatera,8.0,Tidak,2023,2,El Nino 2023
2023-02-04,Jawa,0.0,Tidak,2023,2,El Nino 2023
2023-02-04,Kalimantan,1.0,Tidak,2023,2,El Nino 2023
2023-02-04,Sulawesi,1.0,Tidak,2023,2,El Nino 2023
2023-02-04,Bali-Nusa Tenggara,0.0,Tidak,2023,2,El Nino 2023
2023-02-04,Maluku,0.0,Tidak,2023,2,El Nino 2023
2023-02-04,Papua,4.0,Tidak,2023,2,El Nino 2023
2023-02-05,Sumatera,31.0,Tidak,2023,2,El Nino 2023
2023-02-05,Jawa,4.0,Tidak,2023,2,El Nino 2023
2023-02-05,Kalimantan,0.0,Tidak,2023,2,El Nino 2023
2023-02-05,Sulawesi,0.0,Tidak,2023,2,El Nino 2023
2023-02-05,Bali-Nusa Tenggara,0.0,Tidak,2023,2,El Nino 2023
2023-02-05,Maluku,0.0,Tidak,2023,2,El Nino 2023
2023-02-05,Papua,0.0,Tidak,2023,2,El Nino 2023
2023-02-06,Sumatera,50.0,Tidak,2023,2,El Nino 2023
2023-02-06,Jawa,0.0,Tidak,2023,2,El Nino 2023
2023-02-06,Kalimantan,2.0,Tidak,2023,2,El Nino 2023
2023-02-06,Sulawesi,10.0,Tidak,2023,2,El Nino 2023
2023-02-06,Bali-Nusa Tenggara,0.0,Tidak,2023,2,El Nino 2023
2023-02-06,Maluku,0.0,Tidak,2023,2,El Nino 2023
2023-02-06,Papua,0.0,Tidak,2023,2,El Nino 2023
2023-02-07,Sumatera,4.0,Tidak,2023,2,El Nino 2023
2023-02-07,Jawa,0.0,Tidak,2023,2,El Nino 2023
2023-02-07,Kalimantan,10.0,Tidak,2023,2,El Nino 2023
2023-02-07,Sulawesi,2.0,Tidak,2023,2,El Nino 2023
2023-02-07,Bali-Nusa Tenggara,0.0,Tidak,2023,2,El Nino 2023
2023-02-07,Maluku,0.0,Tidak,2023,2,El Nino 2023
2023-02-07,Papua,2.0,Tidak,2023,2,El Nino 2023
2023-02-08,Sumatera,59.0,Tidak,2023,2,El Nino 2023
2023-02-08,Jawa,0.0,Tidak,2023,2,El Nino 2023
2023-02-08,Kalimantan,26.0,Tidak,2023,2,El Nino 2023
2023-02-08,Sulawesi,3.0,Tidak,2023,2,El Nino 2023
2023-02-08,Bali-Nusa Tenggara,0.0,Tidak,2023,2,El Nino 2023
2023-02-08,Maluku,2.0,Tidak,2023,2,El Nino 2023
2023-02-08,Papua,0.0,Tidak,2023,2,El Nino 2023
2023-02-09,Sumatera,19.0,Tidak,2023,2,El Nino 2023
2023-02-09,Jawa,0.0,Tidak,2023,2,El Nino 2023
2023-02-09,Kalimantan,10.0,Tidak,2023,2,El Nino 2023
2023-02-09,Sulawesi,4.0,Tidak,2023,2,El Nino 2023
2023-02-09,Bali-Nusa Tenggara,0.0,Tidak,2023,2,El Nino 2023
2023-02-09,Maluku,0.0,Tidak,2023,2,El Nino 2023
2023-02-09,Papua,0.0,Tidak,2023,2,El Nino 2023
2023-02-10,Sumatera,89.0,Tidak,2023,2,El Nino 2023
2023-02-10,Jawa,0.0,Tidak,2023,2,El Nino 2023
2023-02-10,Kalimantan,31.0,Tidak,2023,2,El Nino 2023
2023-02-10,Sulawesi,6.0,Tidak,2023,2,El Nino 2023
2023-02-10,Bali-Nusa Tenggara,0.0,Tidak,2023,2,El Nino 2023
2023-02-10,Maluku,0.0,Tidak,2023,2,El Nino 2023
2023-02-10,Papua,0.0,Tidak,2023,2,El Nino 2023
2023-02-11,Sumatera,28.0,Tidak,2023,2,El Nino 2023
2023-02-11,Jawa,0.0,Tidak,2023,2,El Nino 2023
2023-02-11,Kalimantan,26.0,Tidak,2023,2,El Nino 2023
2023-02-11,Sulawesi,23.0,Tidak,2023,2,El Nino 2023
2023-02-11,Bali-Nusa Tenggara,0.0,Tidak,2023,2,El Nino 2023
2023-02-11,Maluku,0.0,Tidak,2023,2,El Nino 2023
2023-02-11,Papua,0.0,Tidak,2023,2,El Nino 2023
2023-02-12,Sumatera,3.0,Tidak,2023,2,El Nino 2023
2023-02-12,Jawa,0.0,Tidak,2023,2,El Nino 2023
2023-02-12,Kalimantan,5.0,Tidak,2023,2,El Nino 2023
2023-02-12,Sulawesi,24.0,Tidak,2023,2,El Nino 2023
2023-02-12,Bali-Nusa Tenggara,0.0,Tidak,2023,2,El Nino 2023
2023-02-12,Maluku,1.0,Tidak,2023,2,El Nino 2023
2023-02-12,Papua,0.0,Tidak,2023,2,El Nino 2023
2023-02-13,Sumatera,10.0,Tidak,2023,2,El Nino 2023
2023-02-13,Jawa,0.0,Tidak,2023,2,El Nino 2023
2023-02-13,Kalimantan,0.0,Tidak,2023,2,El Nino 2023
2023-02-13,Sulawesi,0.0,Tidak,2023,2,El Nino 2023
2023-02-13,Bali-Nusa Tenggara,0.0,Tidak,2023,2,El Nino 2023
2023-02-13,Maluku,2.0,Tidak,2023,2,El Nino 2023
2023-02-13,Papua,0.0,Tidak,2023,2,El Nino 2023
2023-02-14,Sumatera,15.0,Tidak,2023,2,El Nino 2023
2023-02-14,Jawa,0.0,Tidak,2023,2,El Nino 2023
2023-02-14,Kalimantan,6.0,Tidak,2023,2,El Nino 2023
2023-02-14,Sulawesi,4.0,Tidak,2023,2,El Nino 2023
2023-02-14,Bali-Nusa Tenggara,0.0,Tidak,2023,2,El Nino 2023
2023-02-14,Maluku,1.0,Tidak,2023,2,El Nino 2023
2023-02-14,Papua,6.0,Tidak,2023,2,El Nino 2023
2023-02-15,Sumatera,24.0,Tidak,2023,2,El Nino 2023
2023-02-15,Jawa,1.0,Tidak,2023,2,El Nino 2023
2023-02-15,Kalimantan,0.0,Tidak,2023,2,El Nino 2023
2023-02-15,Sulawesi,3.0,Tidak,2023,2,El Nino 2023
2023-02-15,Bali-Nusa Tenggara,1.0,Tidak,2023,2,El Nino 2023
2023-02-15,Maluku,3.0,Tidak,2023,2,El Nino 2023
2023-02-15,Papua,0.0,Tidak,2023,2,El Nino 2023
2023-02-16,Sumatera,25.0,Tidak,2023,2,El Nino 2023
2023-02-16,Jawa,1.0,Tidak,2023,2,El Nino 2023
2023-02-16,Kalimantan,3.0,Tidak,2023,2,El Nino 2023
2023-02-16,Sulawesi,19.0,Tidak,2023,2,El Nino 2023
2023-02-16,Bali-Nusa Tenggara,0.0,Tidak,2023,2,El Nino 2023
2023-02-16,Maluku,0.0,Tidak,2023,2,El Nino 2023
2023-02-16,Papua,0.0,Tidak,2023,2,El Nino 2023
2023-02-17,Sumatera,58.0,Tidak,2023,2,El Nino 2023
2023-02-17,Jawa,0.0,Tidak,2023,2,El Nino 2023
2023-02-17,Kalimantan,17.0,Tidak,2023,2,El Nino 2023
2023-02-17,Sulawesi,18.0,Tidak,2023,2,El Nino 2023
2023-02-17,Bali-Nusa Tenggara,0.0,Tidak,2023,2,El Nino 2023
2023-02-17,Maluku,2.0,Tidak,2023,2,El Nino 2023
2023-02-17,Papua,0.0,Tidak,2023,2,El Nino 2023
2023-02-18,Sumatera,76.0,Tidak,2023,2,El Nino 2023
2023-02-18,Jawa,8.0,Tidak,2023,2,El Nino 2023
2023-02-18,Kalimantan,34.0,Tidak,2023,2,El Nino 2023
2023-02-18,Sulawesi,23.0,Tidak,2023,2,El Nino 2023
2023-02-18,Bali-Nusa Tenggara,0.0,Tidak,2023,2,El Nino 2023
2023-02-18,Maluku,2.0,Tidak,2023,2,El Nino 2023
2023-02-18,Papua,0.0,Tidak,2023,2,El Nino 2023
2023-02-19,Sumatera,23.0,Tidak,2023,2,El Nino 2023
2023-02-19,Jawa,9.0,Tidak,2023,2,El Nino 2023
2023-02-19,Kalimantan,48.0,Tidak,2023,2,El Nino 2023
2023-02-19,Sulawesi,38.0,Tidak,2023,2,El Nino 2023
2023-02-19,Bali-Nusa Tenggara,3.0,Tidak,2023,2,El Nino 2023
2023-02-19,Maluku,0.0,Tidak,2023,2,El Nino 2023
2023-02-19,Papua,0.0,Tidak,2023,2,El Nino 2023
2023-02-20,Sumatera,26.0,Tidak,2023,2,El Nino 2023
2023-02-20,Jawa,0.0,Tidak,2023,2,El Nino 2023
2023-02-20,Kalimantan,15.0,Tidak,2023,2,El Nino 2023
2023-02-20,Sulawesi,7.0,Tidak,2023,2,El Nino 2023
2023-02-20,Bali-Nusa Tenggara,2.0,Tidak,2023,2,El Nino 2023
2023-02-20,Maluku,0.0,Tidak,2023,2,El Nino 2023
2023-02-20,Papua,1.0,Tidak,2023,2,El Nino 2023
2023-02-21,Sumatera,13.0,Tidak,2023,2,El Nino 2023
2023-02-21,Jawa,0.0,Tidak,2023,2,El Nino 2023
2023-02-21,Kalimantan,53.0,Tidak,2023,2,El Nino 2023
2023-02-21,Sulawesi,24.0,Tidak,2023,2,El Nino 2023
2023-02-21,Bali-Nusa Tenggara,0.0,Tidak,2023,2,El Nino 2023
2023-02-21,Maluku,1.0,Tidak,2023,2,El Nino 2023
2023-02-21,Papua,2.0,Tidak,2023,2,El Nino 2023
2023-02-22,Sumatera,5.0,Tidak,2023,2,El Nino 2023
2023-02-22,Jawa,0.0,Tidak,2023,2,El Nino 2023
2023-02-22,Kalimantan,55.0,Tidak,2023,2,El Nino 2023
2023-02-22,Sulawesi,14.0,Tidak,2023,2,El Nino 2023
2023-02-22,Bali-Nusa Tenggara,1.0,Tidak,2023,2,El Nino 2023
2023-02-22,Maluku,4.0,Tidak,2023,2,El Nino 2023
2023-02-22,Papua,1.0,Tidak,2023,2,El Nino 2023
2023-02-23,Sumatera,8.0,Tidak,2023,2,El Nino 2023
2023-02-23,Jawa,0.0,Tidak,2023,2,El Nino 2023
2023-02-23,Kalimantan,56.0,Tidak,2023,2,El Nino 2023
2023-02-23,Sulawesi,14.0,Tidak,2023,2,El Nino 2023
2023-02-23,Bali-Nusa Tenggara,0.0,Tidak,2023,2,El Nino 2023
2023-02-23,Maluku,4.0,Tidak,2023,2,El Nino 2023
2023-02-23,Papua,2.0,Tidak,2023,2,El Nino 2023
2023-02-24,Sumatera,2.0,Tidak,2023,2,El Nino 2023
2023-02-24,Jawa,0.0,Tidak,2023,2,El Nino 2023
2023-02-24,Kalimantan,0.0,Tidak,2023,2,El Nino 2023
2023-02-24,Sulawesi,23.0,Tidak,2023,2,El Nino 2023
2023-02-24,Bali-Nusa Tenggara,0.0,Tidak,2023,2,El Nino 2023
2023-02-24,Maluku,0.0,Tidak,2023,2,El Nino 2023
2023-02-24,Papua,3.0,Tidak,2023,2,El Nino 2023
2023-02-25,Sumatera,22.0,Tidak,2023,2,El Nino 2023
2023-02-25,Jawa,1.0,Tidak,2023,2,El Nino 2023
2023-02-25,Kalimantan,7.0,Tidak,2023,2,El Nino 2023
2023-02-25,Sulawesi,3.0,Tidak,2023,2,El Nino 2023
2023-02-25,Bali-Nusa Tenggara,0.0,Tidak,2023,2,El Nino 2023
2023-02-25,Maluku,2.0,Tidak,2023,2,El Nino 2023
2023-02-25,Papua,2.0,Tidak,2023,2,El Nino 2023
2023-02-26,Sumatera,35.0,Tidak,2023,2,El Nino 2023
2023-02-26,Jawa,0.0,Tidak,2023,2,El Nino 2023
2023-02-26,Kalimantan,5.0,Tidak,2023,2,El Nino 2023
2023-02-26,Sulawesi,13.0,Tidak,2023,2,El Nino 2023
2023-02-26,Bali-Nusa Tenggara,0.0,Tidak,2023,2,El Nino 2023
2023-02-26,Maluku,1.0,Tidak,2023,2,El Nino 2023
2023-02-26,Papua,1.0,Tidak,2023,2,El Nino 2023
2023-02-27,Sumatera,12.0,Tidak,2023,2,El Nino 2023
2023-02-27,Jawa,0.0,Tidak,2023,2,El Nino 2023
2023-02-27,Kalimantan,6.0,Tidak,2023,2,El Nino 2023
2023-02-27,Sulawesi,14.0,Tidak,2023,2,El Nino 2023
2023-02-27,Bali-Nusa Tenggara,0.0,Tidak,2023,2,El Nino 2023
2023-02-27,Maluku,1.0,Tidak,2023,2,El Nino 2023
2023-02-27,Papua,0.0,Tidak,2023,2,El Nino 2023
2023-02-28,Sumatera,6.0,Tidak,2023,2,El Nino 2023
2023-02-28,Jawa,0.0,Tidak,2023,2,El Nino 2023
2023-02-28,Kalimantan,0.0,Tidak,2023,2,El Nino 2023
2023-02-28,Sulawesi,18.0,Tidak,2023,2,El Nino 2023
2023-02-28,Bali-Nusa Tenggara,0.0,Tidak,2023,2,El Nino 2023
2023-02-28,Maluku,2.0,Tidak,2023,2,El Nino 2023
2023-02-28,Papua,8.0,Tidak,2023,2,El Nino 2023
2023-03-01,Sumatera,3.0,Tidak,2023,3,El Nino 2023
2023-03-01,Jawa,0.0,Tidak,2023,3,El Nino 2023
2023-03-01,Kalimantan,0.0,Tidak,2023,3,El Nino 2023
2023-03-01,Sulawesi,8.0,Tidak,2023,3,El Nino 2023
2023-03-01,Bali-Nusa Tenggara,0.0,Tidak,2023,3,El Nino 2023
2023-03-01,Maluku,0.0,Tidak,2023,3,El Nino 2023
2023-03-01,Papua,0.0,Tidak,2023,3,El Nino 2023
2023-03-02,Sumatera,28.0,Tidak,2023,3,El Nino 2023
2023-03-02,Jawa,0.0,Tidak,2023,3,El Nino 2023
2023-03-02,Kalimantan,9.0,Tidak,2023,3,El Nino 2023
2023-03-02,Sulawesi,8.0,Tidak,2023,3,El Nino 2023
2023-03-02,Bali-Nusa Tenggara,1.0,Tidak,2023,3,El Nino 2023
2023-03-02,Maluku,11.0,Tidak,2023,3,El Nino 2023
2023-03-02,Papua,1.0,Tidak,2023,3,El Nino 2023
2023-03-03,Sumatera,3.0,Tidak,2023,3,El Nino 2023
2023-03-03,Jawa,3.0,Tidak,2023,3,El Nino 2023
2023-03-03,Kalimantan,6.0,Tidak,2023,3,El Nino 2023
2023-03-03,Sulawesi,12.0,Tidak,2023,3,El Nino 2023
2023-03-03,Bali-Nusa Tenggara,1.0,Tidak,2023,3,El Nino 2023
2023-03-03,Maluku,2.0,Tidak,2023,3,El Nino 2023
2023-03-03,Papua,0.0,Tidak,2023,3,El Nino 2023
2023-03-04,Sumatera,1.0,Tidak,2023,3,El Nino 2023
2023-03-04,Jawa,1.0,Tidak,2023,3,El Nino 2023
2023-03-04,Kalimantan,0.0,Tidak,2023,3,El Nino 2023
2023-03-04,Sulawesi,7.0,Tidak,2023,3,El Nino 2023
2023-03-04,Bali-Nusa Tenggara,0.0,Tidak,2023,3,El Nino 2023
2023-03-04,Maluku,4.0,Tidak,2023,3,El Nino 2023
2023-03-04,Papua,1.0,Tidak,2023,3,El Nino 2023
2023-03-05,Sumatera,19.0,Tidak,2023,3,El Nino 2023
2023-03-05,Jawa,0.0,Tidak,2023,3,El Nino 2023
2023-03-05,Kalimantan,1.0,Tidak,2023,3,El Nino 2023
2023-03-05,Sulawesi,0.0,Tidak,2023,3,El Nino 2023
2023-03-05,Bali-Nusa Tenggara,0.0,Tidak,2023,3,El Nino 2023
2023-03-05,Maluku,0.0,Tidak,2023,3,El Nino 2023
2023-03-05,Papua,0.0,Tidak,2023,3,El Nino 2023
2023-03-06,Sumatera,20.0,Tidak,2023,3,El Nino 2023
2023-03-06,Jawa,6.0,Tidak,2023,3,El Nino 2023
2023-03-06,Kalimantan,13.0,Tidak,2023,3,El Nino 2023
2023-03-06,Sulawesi,19.0,Tidak,2023,3,El Nino 2023
2023-03-06,Bali-Nusa Tenggara,0.0,Tidak,2023,3,El Nino 2023
2023-03-06,Maluku,2.0,Tidak,2023,3,El Nino 2023
2023-03-06,Papua,0.0,Tidak,2023,3,El Nino 2023
2023-03-07,Sumatera,25.0,Tidak,2023,3,El Nino 2023
2023-03-07,Jawa,3.0,Tidak,2023,3,El Nino 2023
2023-03-07,Kalimantan,2.0,Tidak,2023,3,El Nino 2023
2023-03-07,Sulawesi,45.0,Tidak,2023,3,El Nino 2023
2023-03-07,Bali-Nusa Tenggara,0.0,Tidak,2023,3,El Nino 2023
2023-03-07,Maluku,2.0,Tidak,2023,3,El Nino 2023
2023-03-07,Papua,1.0,Tidak,2023,3,El Nino 2023
2023-03-08,Sumatera,27.0,Tidak,2023,3,El Nino 2023
2023-03-08,Jawa,2.0,Tidak,2023,3,El Nino 2023
2023-03-08,Kalimantan,18.0,Tidak,2023,3,El Nino 2023
2023-03-08,Sulawesi,25.0,Tidak,2023,3,El Nino 2023
2023-03-08,Bali-Nusa Tenggara,1.0,Tidak,2023,3,El Nino 2023
2023-03-08,Maluku,3.0,Tidak,2023,3,El Nino 2023
2023-03-08,Papua,5.0,Tidak,2023,3,El Nino 2023
2023-03-09,Sumatera,42.0,Tidak,2023,3,El Nino 2023
2023-03-09,Jawa,5.0,Tidak,2023,3,El Nino 2023
2023-03-09,Kalimantan,27.0,Tidak,2023,3,El Nino 2023
2023-03-09,Sulawesi,17.0,Tidak,2023,3,El Nino 2023
2023-03-09,Bali-Nusa Tenggara,1.0,Tidak,2023,3,El Nino 2023
2023-03-09,Maluku,13.0,Tidak,2023,3,El Nino 2023
2023-03-09,Papua,5.0,Tidak,2023,3,El Nino 2023
2023-03-10,Sumatera,13.0,Tidak,2023,3,El Nino 2023
2023-03-10,Jawa,7.0,Tidak,2023,3,El Nino 2023
2023-03-10,Kalimantan,21.0,Tidak,2023,3,El Nino 2023
2023-03-10,Sulawesi,29.0,Tidak,2023,3,El Nino 2023
2023-03-10,Bali-Nusa Tenggara,0.0,Tidak,2023,3,El Nino 2023
2023-03-10,Maluku,4.0,Tidak,2023,3,El Nino 2023
2023-03-10,Papua,10.0,Tidak,2023,3,El Nino 2023
2023-03-11,Sumatera,1.0,Tidak,2023,3,El Nino 2023
2023-03-11,Jawa,32.0,Tidak,2023,3,El Nino 2023
2023-03-11,Kalimantan,14.0,Tidak,2023,3,El Nino 2023
2023-03-11,Sulawesi,17.0,Tidak,2023,3,El Nino 2023
2023-03-11,Bali-Nusa Tenggara,0.0,Tidak,2023,3,El Nino 2023
2023-03-11,Maluku,4.0,Tidak,2023,3,El Nino 2023
2023-03-11,Papua,14.0,Tidak,2023,3,El Nino 2023
2023-03-12,Sumatera,4.0,Tidak,2023,3,El Nino 2023
2023-03-12,Jawa,13.0,Tidak,2023,3,El Nino 2023
2023-03-12,Kalimantan,23.0,Tidak,2023,3,El Nino 2023
2023-03-12,Sulawesi,27.0,Tidak,2023,3,El Nino 2023
2023-03-12,Bali-Nusa Tenggara,1.0,Tidak,2023,3,El Nino 2023
2023-03-12,Maluku,4.0,Tidak,2023,3,El Nino 2023
2023-03-12,Papua,5.0,Tidak,2023,3,El Nino 2023
2023-03-13,Sumatera,6.0,Tidak,2023,3,El Nino 2023
2023-03-13,Jawa,1.0,Tidak,2023,3,El Nino 2023
2023-03-13,Kalimantan,3.0,Tidak,2023,3,El Nino 2023
2023-03-13,Sulawesi,8.0,Tidak,2023,3,El Nino 2023
2023-03-13,Bali-Nusa Tenggara,0.0,Tidak,2023,3,El Nino 2023
2023-03-13,Maluku,1.0,Tidak,2023,3,El Nino 2023
2023-03-13,Papua,11.0,Tidak,2023,3,El Nino 2023
2023-03-14,Sumatera,10.0,Tidak,2023,3,El Nino 2023
2023-03-14,Jawa,0.0,Tidak,2023,3,El Nino 2023
2023-03-14,Kalimantan,7.0,Tidak,2023,3,El Nino 2023
2023-03-14,Sulawesi,8.0,Tidak,2023,3,El Nino 2023
2023-03-14,Bali-Nusa Tenggara,2.0,Tidak,2023,3,El Nino 2023
2023-03-14,Maluku,6.0,Tidak,2023,3,El Nino 2023
2023-03-14,Papua,2.0,Tidak,2023,3,El Nino 2023
2023-03-15,Sumatera,29.0,Tidak,2023,3,El Nino 2023
2023-03-15,Jawa,2.0,Tidak,2023,3,El Nino 2023
2023-03-15,Kalimantan,14.0,Tidak,2023,3,El Nino 2023
2023-03-15,Sulawesi,25.0,Tidak,2023,3,El Nino 2023
2023-03-15,Bali-Nusa Tenggara,3.0,Tidak,2023,3,El Nino 2023
2023-03-15,Maluku,0.0,Tidak,2023,3,El Nino 2023
2023-03-15,Papua,1.0,Tidak,2023,3,El Nino 2023
2023-03-16,Sumatera,26.0,Tidak,2023,3,El Nino 2023
2023-03-16,Jawa,7.0,Tidak,2023,3,El Nino 2023
2023-03-16,Kalimantan,10.0,Tidak,2023,3,El Nino 2023
2023-03-16,Sulawesi,12.0,Tidak,2023,3,El Nino 2023
2023-03-16,Bali-Nusa Tenggara,2.0,Tidak,2023,3,El Nino 2023
2023-03-16,Maluku,4.0,Tidak,2023,3,El Nino 2023
2023-03-16,Papua,2.0,Tidak,2023,3,El Nino 2023
2023-03-17,Sumatera,35.0,Tidak,2023,3,El Nino 2023
2023-03-17,Jawa,2.0,Tidak,2023,3,El Nino 2023
2023-03-17,Kalimantan,12.0,Tidak,2023,3,El Nino 2023
2023-03-17,Sulawesi,20.0,Tidak,2023,3,El Nino 2023
2023-03-17,Bali-Nusa Tenggara,4.0,Tidak,2023,3,El Nino 2023
2023-03-17,Maluku,5.0,Tidak,2023,3,El Nino 2023
2023-03-17,Papua,0.0,Tidak,2023,3,El Nino 2023
2023-03-18,Sumatera,68.0,Tidak,2023,3,El Nino 2023
2023-03-18,Jawa,2.0,Tidak,2023,3,El Nino 2023
2023-03-18,Kalimantan,25.0,Tidak,2023,3,El Nino 2023
2023-03-18,Sulawesi,18.0,Tidak,2023,3,El Nino 2023
2023-03-18,Bali-Nusa Tenggara,7.0,Tidak,2023,3,El Nino 2023
2023-03-18,Maluku,2.0,Tidak,2023,3,El Nino 2023
2023-03-18,Papua,1.0,Tidak,2023,3,El Nino 2023
2023-03-19,Sumatera,27.0,Tidak,2023,3,El Nino 2023
2023-03-19,Jawa,4.0,Tidak,2023,3,El Nino 2023
2023-03-19,Kalimantan,39.0,Tidak,2023,3,El Nino 2023
2023-03-19,Sulawesi,33.0,Tidak,2023,3,El Nino 2023
2023-03-19,Bali-Nusa Tenggara,0.0,Tidak,2023,3,El Nino 2023
2023-03-19,Maluku,3.0,Tidak,2023,3,El Nino 2023
2023-03-19,Papua,9.0,Tidak,2023,3,El Nino 2023
2023-03-20,Sumatera,20.0,Tidak,2023,3,El Nino 2023
2023-03-20,Jawa,0.0,Tidak,2023,3,El Nino 2023
2023-03-20,Kalimantan,4.0,Tidak,2023,3,El Nino 2023
2023-03-20,Sulawesi,11.0,Tidak,2023,3,El Nino 2023
2023-03-20,Bali-Nusa Tenggara,1.0,Tidak,2023,3,El Nino 2023
2023-03-20,Maluku,9.0,Tidak,2023,3,El Nino 2023
2023-03-20,Papua,2.0,Tidak,2023,3,El Nino 2023
2023-03-21,Sumatera,12.0,Tidak,2023,3,El Nino 2023
2023-03-21,Jawa,4.0,Tidak,2023,3,El Nino 2023
2023-03-21,Kalimantan,10.0,Tidak,2023,3,El Nino 2023
2023-03-21,Sulawesi,5.0,Tidak,2023,3,El Nino 2023
2023-03-21,Bali-Nusa Tenggara,0.0,Tidak,2023,3,El Nino 2023
2023-03-21,Maluku,8.0,Tidak,2023,3,El Nino 2023
2023-03-21,Papua,14.0,Tidak,2023,3,El Nino 2023
2023-03-22,Sumatera,19.0,Tidak,2023,3,El Nino 2023
2023-03-22,Jawa,2.0,Tidak,2023,3,El Nino 2023
2023-03-22,Kalimantan,26.0,Tidak,2023,3,El Nino 2023
2023-03-22,Sulawesi,4.0,Tidak,2023,3,El Nino 2023
2023-03-22,Bali-Nusa Tenggara,0.0,Tidak,2023,3,El Nino 2023
2023-03-22,Maluku,2.0,Tidak,2023,3,El Nino 2023
2023-03-22,Papua,0.0,Tidak,2023,3,El Nino 2023
2023-03-23,Sumatera,12.0,Tidak,2023,3,El Nino 2023
2023-03-23,Jawa,5.0,Tidak,2023,3,El Nino 2023
2023-03-23,Kalimantan,34.0,Tidak,2023,3,El Nino 2023
2023-03-23,Sulawesi,15.0,Tidak,2023,3,El Nino 2023
2023-03-23,Bali-Nusa Tenggara,3.0,Tidak,2023,3,El Nino 2023
2023-03-23,Maluku,3.0,Tidak,2023,3,El Nino 2023
2023-03-23,Papua,9.0,Tidak,2023,3,El Nino 2023
2023-03-24,Sumatera,23.0,Tidak,2023,3,El Nino 2023
2023-03-24,Jawa,0.0,Tidak,2023,3,El Nino 2023
2023-03-24,Kalimantan,15.0,Tidak,2023,3,El Nino 2023
2023-03-24,Sulawesi,14.0,Tidak,2023,3,El Nino 2023
2023-03-24,Bali-Nusa Tenggara,2.0,Tidak,2023,3,El Nino 2023
2023-03-24,Maluku,4.0,Tidak,2023,3,El Nino 2023
2023-03-24,Papua,4.0,Tidak,2023,3,El Nino 2023
2023-03-25,Sumatera,4.0,Tidak,2023,3,El Nino 2023
2023-03-25,Jawa,0.0,Tidak,2023,3,El Nino 2023
2023-03-25,Kalimantan,0.0,Tidak,2023,3,El Nino 2023
2023-03-25,Sulawesi,21.0,Tidak,2023,3,El Nino 2023
2023-03-25,Bali-Nusa Tenggara,1.0,Tidak,2023,3,El Nino 2023
2023-03-25,Maluku,4.0,Tidak,2023,3,El Nino 2023
2023-03-25,Papua,4.0,Tidak,2023,3,El Nino 2023
2023-03-26,Sumatera,11.0,Tidak,2023,3,El Nino 2023
2023-03-26,Jawa,0.0,Tidak,2023,3,El Nino 2023
2023-03-26,Kalimantan,8.0,Tidak,2023,3,El Nino 2023
2023-03-26,Sulawesi,0.0,Tidak,2023,3,El Nino 2023
2023-03-26,Bali-Nusa Tenggara,0.0,Tidak,2023,3,El Nino 2023
2023-03-26,Maluku,1.0,Tidak,2023,3,El Nino 2023
2023-03-26,Papua,4.0,Tidak,2023,3,El Nino 2023
2023-03-27,Sumatera,3.0,Tidak,2023,3,El Nino 2023
2023-03-27,Jawa,2.0,Tidak,2023,3,El Nino 2023
2023-03-27,Kalimantan,19.0,Tidak,2023,3,El Nino 2023
2023-03-27,Sulawesi,1.0,Tidak,2023,3,El Nino 2023
2023-03-27,Bali-Nusa Tenggara,0.0,Tidak,2023,3,El Nino 2023
2023-03-27,Maluku,0.0,Tidak,2023,3,El Nino 2023
2023-03-27,Papua,1.0,Tidak,2023,3,El Nino 2023
2023-03-28,Sumatera,22.0,Tidak,2023,3,El Nino 2023
2023-03-28,Jawa,2.0,Tidak,2023,3,El Nino 2023
2023-03-28,Kalimantan,5.0,Tidak,2023,3,El Nino 2023
2023-03-28,Sulawesi,9.0,Tidak,2023,3,El Nino 2023
2023-03-28,Bali-Nusa Tenggara,2.0,Tidak,2023,3,El Nino 2023
2023-03-28,Maluku,1.0,Tidak,2023,3,El Nino 2023
2023-03-28,Papua,1.0,Tidak,2023,3,El Nino 2023
2023-03-29,Sumatera,19.0,Tidak,2023,3,El Nino 2023
2023-03-29,Jawa,1.0,Tidak,2023,3,El Nino 2023
2023-03-29,Kalimantan,6.0,Tidak,2023,3,El Nino 2023
2023-03-29,Sulawesi,0.0,Tidak,2023,3,El Nino 2023
2023-03-29,Bali-Nusa Tenggara,0.0,Tidak,2023,3,El Nino 2023
2023-03-29,Maluku,0.0,Tidak,2023,3,El Nino 2023
2023-03-29,Papua,0.0,Tidak,2023,3,El Nino 2023
2023-03-30,Sumatera,22.0,Tidak,2023,3,El Nino 2023
2023-03-30,Jawa,0.0,Tidak,2023,3,El Nino 2023
2023-03-30,Kalimantan,5.0,Tidak,2023,3,El Nino 2023
2023-03-30,Sulawesi,10.0,Tidak,2023,3,El Nino 2023
2023-03-30,Bali-Nusa Tenggara,0.0,Tidak,2023,3,El Nino 2023
2023-03-30,Maluku,0.0,Tidak,2023,3,El Nino 2023
2023-03-30,Papua,2.0,Tidak,2023,3,El Nino 2023
2023-03-31,Sumatera,8.0,Tidak,2023,3,El Nino 2023
2023-03-31,Jawa,0.0,Tidak,2023,3,El Nino 2023
2023-03-31,Kalimantan,0.0,Tidak,2023,3,El Nino 2023
2023-03-31,Sulawesi,4.0,Tidak,2023,3,El Nino 2023
2023-03-31,Bali-Nusa Tenggara,0.0,Tidak,2023,3,El Nino 2023
2023-03-31,Maluku,0.0,Tidak,2023,3,El Nino 2023
2023-03-31,Papua,0.0,Tidak,2023,3,El Nino 2023
2023-04-01,Sumatera,2.0,Tidak,2023,4,El Nino 2023
2023-04-01,Jawa,1.0,Tidak,2023,4,El Nino 2023
2023-04-01,Kalimantan,5.0,Tidak,2023,4,El Nino 2023
2023-04-01,Sulawesi,1.0,Tidak,2023,4,El Nino 2023
2023-04-01,Bali-Nusa Tenggara,0.0,Tidak,2023,4,El Nino 2023
2023-04-01,Maluku,4.0,Tidak,2023,4,El Nino 2023
2023-04-01,Papua,5.0,Tidak,2023,4,El Nino 2023
2023-04-02,Sumatera,12.0,Tidak,2023,4,El Nino 2023
2023-04-02,Jawa,4.0,Tidak,2023,4,El Nino 2023
2023-04-02,Kalimantan,3.0,Tidak,2023,4,El Nino 2023
2023-04-02,Sulawesi,3.0,Tidak,2023,4,El Nino 2023
2023-04-02,Bali-Nusa Tenggara,0.0,Tidak,2023,4,El Nino 2023
2023-04-02,Maluku,0.0,Tidak,2023,4,El Nino 2023
2023-04-02,Papua,6.0,Tidak,2023,4,El Nino 2023
2023-04-03,Sumatera,1.0,Tidak,2023,4,El Nino 2023
2023-04-03,Jawa,4.0,Tidak,2023,4,El Nino 2023
2023-04-03,Kalimantan,6.0,Tidak,2023,4,El Nino 2023
2023-04-03,Sulawesi,13.0,Tidak,2023,4,El Nino 2023
2023-04-03,Bali-Nusa Tenggara,0.0,Tidak,2023,4,El Nino 2023
2023-04-03,Maluku,6.0,Tidak,2023,4,El Nino 2023
2023-04-03,Papua,0.0,Tidak,2023,4,El Nino 2023
2023-04-04,Sumatera,36.0,Tidak,2023,4,El Nino 2023
2023-04-04,Jawa,4.0,Tidak,2023,4,El Nino 2023
2023-04-04,Kalimantan,2.0,Tidak,2023,4,El Nino 2023
2023-04-04,Sulawesi,0.0,Tidak,2023,4,El Nino 2023
2023-04-04,Bali-Nusa Tenggara,3.0,Tidak,2023,4,El Nino 2023
2023-04-04,Maluku,1.0,Tidak,2023,4,El Nino 2023
2023-04-04,Papua,0.0,Tidak,2023,4,El Nino 2023
2023-04-05,Sumatera,19.0,Tidak,2023,4,El Nino 2023
2023-04-05,Jawa,2.0,Tidak,2023,4,El Nino 2023
2023-04-05,Kalimantan,21.0,Tidak,2023,4,El Nino 2023
2023-04-05,Sulawesi,1.0,Tidak,2023,4,El Nino 2023
2023-04-05,Bali-Nusa Tenggara,0.0,Tidak,2023,4,El Nino 2023
2023-04-05,Maluku,0.0,Tidak,2023,4,El Nino 2023
2023-04-05,Papua,0.0,Tidak,2023,4,El Nino 2023
2023-04-06,Sumatera,9.0,Tidak,2023,4,El Nino 2023
2023-04-06,Jawa,7.0,Tidak,2023,4,El Nino 2023
2023-04-06,Kalimantan,1.0,Tidak,2023,4,El Nino 2023
2023-04-06,Sulawesi,3.0,Tidak,2023,4,El Nino 2023
2023-04-06,Bali-Nusa Tenggara,0.0,Tidak,2023,4,El Nino 2023
2023-04-06,Maluku,0.0,Tidak,2023,4,El Nino 2023
2023-04-06,Papua,1.0,Tidak,2023,4,El Nino 2023
2023-04-07,Sumatera,4.0,Tidak,2023,4,El Nino 2023
2023-04-07,Jawa,9.0,Tidak,2023,4,El Nino 2023
2023-04-07,Kalimantan,11.0,Tidak,2023,4,El Nino 2023
2023-04-07,Sulawesi,4.0,Tidak,2023,4,El Nino 2023
2023-04-07,Bali-Nusa Tenggara,3.0,Tidak,2023,4,El Nino 2023
2023-04-07,Maluku,0.0,Tidak,2023,4,El Nino 2023
2023-04-07,Papua,0.0,Tidak,2023,4,El Nino 2023
2023-04-08,Sumatera,31.0,Tidak,2023,4,El Nino 2023
2023-04-08,Jawa,0.0,Tidak,2023,4,El Nino 2023
2023-04-08,Kalimantan,30.0,Tidak,2023,4,El Nino 2023
2023-04-08,Sulawesi,5.0,Tidak,2023,4,El Nino 2023
2023-04-08,Bali-Nusa Tenggara,0.0,Tidak,2023,4,El Nino 2023
2023-04-08,Maluku,0.0,Tidak,2023,4,El Nino 2023
2023-04-08,Papua,1.0,Tidak,2023,4,El Nino 2023
2023-04-09,Sumatera,35.0,Tidak,2023,4,El Nino 2023
2023-04-09,Jawa,1.0,Tidak,2023,4,El Nino 2023
2023-04-09,Kalimantan,9.0,Tidak,2023,4,El Nino 2023
2023-04-09,Sulawesi,51.0,Tidak,2023,4,El Nino 2023
2023-04-09,Bali-Nusa Tenggara,0.0,Tidak,2023,4,El Nino 2023
2023-04-09,Maluku,2.0,Tidak,2023,4,El Nino 2023
2023-04-09,Papua,0.0,Tidak,2023,4,El Nino 2023
2023-04-10,Sumatera,51.0,Tidak,2023,4,El Nino 2023
2023-04-10,Jawa,3.0,Tidak,2023,4,El Nino 2023
2023-04-10,Kalimantan,16.0,Tidak,2023,4,El Nino 2023
2023-04-10,Sulawesi,32.0,Tidak,2023,4,El Nino 2023
2023-04-10,Bali-Nusa Tenggara,0.0,Tidak,2023,4,El Nino 2023
2023-04-10,Maluku,11.0,Tidak,2023,4,El Nino 2023
2023-04-10,Papua,9.0,Tidak,2023,4,El Nino 2023
2023-04-11,Sumatera,99.0,Tidak,2023,4,El Nino 2023
2023-04-11,Jawa,1.0,Tidak,2023,4,El Nino 2023
2023-04-11,Kalimantan,83.0,Tidak,2023,4,El Nino 2023
2023-04-11,Sulawesi,34.0,Tidak,2023,4,El Nino 2023
2023-04-11,Bali-Nusa Tenggara,0.0,Tidak,2023,4,El Nino 2023
2023-04-11,Maluku,3.0,Tidak,2023,4,El Nino 2023
2023-04-11,Papua,4.0,Tidak,2023,4,El Nino 2023
2023-04-12,Sumatera,49.0,Tidak,2023,4,El Nino 2023
2023-04-12,Jawa,11.0,Tidak,2023,4,El Nino 2023
2023-04-12,Kalimantan,111.0,Tidak,2023,4,El Nino 2023
2023-04-12,Sulawesi,12.0,Tidak,2023,4,El Nino 2023
2023-04-12,Bali-Nusa Tenggara,0.0,Tidak,2023,4,El Nino 2023
2023-04-12,Maluku,4.0,Tidak,2023,4,El Nino 2023
2023-04-12,Papua,3.0,Tidak,2023,4,El Nino 2023
2023-04-13,Sumatera,77.0,Tidak,2023,4,El Nino 2023
2023-04-13,Jawa,0.0,Tidak,2023,4,El Nino 2023
2023-04-13,Kalimantan,65.0,Tidak,2023,4,El Nino 2023
2023-04-13,Sulawesi,26.0,Tidak,2023,4,El Nino 2023
2023-04-13,Bali-Nusa Tenggara,1.0,Tidak,2023,4,El Nino 2023
2023-04-13,Maluku,0.0,Tidak,2023,4,El Nino 2023
2023-04-13,Papua,4.0,Tidak,2023,4,El Nino 2023
2023-04-14,Sumatera,55.0,Tidak,2023,4,El Nino 2023
2023-04-14,Jawa,1.0,Tidak,2023,4,El Nino 2023
2023-04-14,Kalimantan,17.0,Tidak,2023,4,El Nino 2023
2023-04-14,Sulawesi,3.0,Tidak,2023,4,El Nino 2023
2023-04-14,Bali-Nusa Tenggara,1.0,Tidak,2023,4,El Nino 2023
2023-04-14,Maluku,2.0,Tidak,2023,4,El Nino 2023
2023-04-14,Papua,3.0,Tidak,2023,4,El Nino 2023
2023-04-15,Sumatera,59.0,Tidak,2023,4,El Nino 2023
2023-04-15,Jawa,5.0,Tidak,2023,4,El Nino 2023
2023-04-15,Kalimantan,51.0,Tidak,2023,4,El Nino 2023
2023-04-15,Sulawesi,17.0,Tidak,2023,4,El Nino 2023
2023-04-15,Bali-Nusa Tenggara,0.0,Tidak,2023,4,El Nino 2023
2023-04-15,Maluku,2.0,Tidak,2023,4,El Nino 2023
2023-04-15,Papua,3.0,Tidak,2023,4,El Nino 2023
2023-04-16,Sumatera,29.0,Tidak,2023,4,El Nino 2023
2023-04-16,Jawa,0.0,Tidak,2023,4,El Nino 2023
2023-04-16,Kalimantan,54.0,Tidak,2023,4,El Nino 2023
2023-04-16,Sulawesi,5.0,Tidak,2023,4,El Nino 2023
2023-04-16,Bali-Nusa Tenggara,0.0,Tidak,2023,4,El Nino 2023
2023-04-16,Maluku,7.0,Tidak,2023,4,El Nino 2023
2023-04-16,Papua,1.0,Tidak,2023,4,El Nino 2023
2023-04-17,Sumatera,40.0,Tidak,2023,4,El Nino 2023
2023-04-17,Jawa,12.0,Tidak,2023,4,El Nino 2023
2023-04-17,Kalimantan,60.0,Tidak,2023,4,El Nino 2023
2023-04-17,Sulawesi,17.0,Tidak,2023,4,El Nino 2023
2023-04-17,Bali-Nusa Tenggara,0.0,Tidak,2023,4,El Nino 2023
2023-04-17,Maluku,14.0,Tidak,2023,4,El Nino 2023
2023-04-17,Papua,4.0,Tidak,2023,4,El Nino 2023
2023-04-18,Sumatera,39.0,Tidak,2023,4,El Nino 2023
2023-04-18,Jawa,4.0,Tidak,2023,4,El Nino 2023
2023-04-18,Kalimantan,60.0,Tidak,2023,4,El Nino 2023
2023-04-18,Sulawesi,7.0,Tidak,2023,4,El Nino 2023
2023-04-18,Bali-Nusa Tenggara,4.0,Tidak,2023,4,El Nino 2023
2023-04-18,Maluku,2.0,Tidak,2023,4,El Nino 2023
2023-04-18,Papua,0.0,Tidak,2023,4,El Nino 2023
2023-04-19,Sumatera,68.0,Tidak,2023,4,El Nino 2023
2023-04-19,Jawa,3.0,Tidak,2023,4,El Nino 2023
2023-04-19,Kalimantan,60.0,Tidak,2023,4,El Nino 2023
2023-04-19,Sulawesi,22.0,Tidak,2023,4,El Nino 2023
2023-04-19,Bali-Nusa Tenggara,3.0,Tidak,2023,4,El Nino 2023
2023-04-19,Maluku,5.0,Tidak,2023,4,El Nino 2023
2023-04-19,Papua,1.0,Tidak,2023,4,El Nino 2023
2023-04-20,Sumatera,30.0,Tidak,2023,4,El Nino 2023
2023-04-20,Jawa,1.0,Tidak,2023,4,El Nino 2023
2023-04-20,Kalimantan,30.0,Tidak,2023,4,El Nino 2023
2023-04-20,Sulawesi,14.0,Tidak,2023,4,El Nino 2023
2023-04-20,Bali-Nusa Tenggara,1.0,Tidak,2023,4,El Nino 2023
2023-04-20,Maluku,3.0,Tidak,2023,4,El Nino 2023
2023-04-20,Papua,0.0,Tidak,2023,4,El Nino 2023
2023-04-21,Sumatera,63.0,Tidak,2023,4,El Nino 2023
2023-04-21,Jawa,3.0,Tidak,2023,4,El Nino 2023
2023-04-21,Kalimantan,28.0,Tidak,2023,4,El Nino 2023
2023-04-21,Sulawesi,8.0,Tidak,2023,4,El Nino 2023
2023-04-21,Bali-Nusa Tenggara,4.0,Tidak,2023,4,El Nino 2023
2023-04-21,Maluku,6.0,Tidak,2023,4,El Nino 2023
2023-04-21,Papua,3.0,Tidak,2023,4,El Nino 2023
2023-04-22,Sumatera,102.0,Tidak,2023,4,El Nino 2023
2023-04-22,Jawa,2.0,Tidak,2023,4,El Nino 2023
2023-04-22,Kalimantan,21.0,Tidak,2023,4,El Nino 2023
2023-04-22,Sulawesi,3.0,Tidak,2023,4,El Nino 2023
2023-04-22,Bali-Nusa Tenggara,3.0,Tidak,2023,4,El Nino 2023
2023-04-22,Maluku,6.0,Tidak,2023,4,El Nino 2023
2023-04-22,Papua,5.0,Tidak,2023,4,El Nino 2023
2023-04-23,Sumatera,36.0,Tidak,2023,4,El Nino 2023
2023-04-23,Jawa,5.0,Tidak,2023,4,El Nino 2023
2023-04-23,Kalimantan,46.0,Tidak,2023,4,El Nino 2023
2023-04-23,Sulawesi,13.0,Tidak,2023,4,El Nino 2023
2023-04-23,Bali-Nusa Tenggara,5.0,Tidak,2023,4,El Nino 2023
2023-04-23,Maluku,2.0,Tidak,2023,4,El Nino 2023
2023-04-23,Papua,8.0,Tidak,2023,4,El Nino 2023
2023-04-24,Sumatera,13.0,Tidak,2023,4,El Nino 2023
2023-04-24,Jawa,8.0,Tidak,2023,4,El Nino 2023
2023-04-24,Kalimantan,69.0,Tidak,2023,4,El Nino 2023
2023-04-24,Sulawesi,30.0,Tidak,2023,4,El Nino 2023
2023-04-24,Bali-Nusa Tenggara,4.0,Tidak,2023,4,El Nino 2023
2023-04-24,Maluku,2.0,Tidak,2023,4,El Nino 2023
2023-04-24,Papua,6.0,Tidak,2023,4,El Nino 2023
2023-04-25,Sumatera,18.0,Tidak,2023,4,El Nino 2023
2023-04-25,Jawa,1.0,Tidak,2023,4,El Nino 2023
2023-04-25,Kalimantan,24.0,Tidak,2023,4,El Nino 2023
2023-04-25,Sulawesi,25.0,Tidak,2023,4,El Nino 2023
2023-04-25,Bali-Nusa Tenggara,1.0,Tidak,2023,4,El Nino 2023
2023-04-25,Maluku,5.0,Tidak,2023,4,El Nino 2023
2023-04-25,Papua,9.0,Tidak,2023,4,El Nino 2023
2023-04-26,Sumatera,61.0,Tidak,2023,4,El Nino 2023
2023-04-26,Jawa,0.0,Tidak,2023,4,El Nino 2023
2023-04-26,Kalimantan,30.0,Tidak,2023,4,El Nino 2023
2023-04-26,Sulawesi,18.0,Tidak,2023,4,El Nino 2023
2023-04-26,Bali-Nusa Tenggara,2.0,Tidak,2023,4,El Nino 2023
2023-04-26,Maluku,10.0,Tidak,2023,4,El Nino 2023
2023-04-26,Papua,0.0,Tidak,2023,4,El Nino 2023
2023-04-27,Sumatera,15.0,Tidak,2023,4,El Nino 2023
2023-04-27,Jawa,1.0,Tidak,2023,4,El Nino 2023
2023-04-27,Kalimantan,16.0,Tidak,2023,4,El Nino 2023
2023-04-27,Sulawesi,4.0,Tidak,2023,4,El Nino 2023
2023-04-27,Bali-Nusa Tenggara,0.0,Tidak,2023,4,El Nino 2023
2023-04-27,Maluku,2.0,Tidak,2023,4,El Nino 2023
2023-04-27,Papua,3.0,Tidak,2023,4,El Nino 2023
2023-04-28,Sumatera,21.0,Tidak,2023,4,El Nino 2023
2023-04-28,Jawa,8.0,Tidak,2023,4,El Nino 2023
2023-04-28,Kalimantan,12.0,Tidak,2023,4,El Nino 2023
2023-04-28,Sulawesi,10.0,Tidak,2023,4,El Nino 2023
2023-04-28,Bali-Nusa Tenggara,2.0,Tidak,2023,4,El Nino 2023
2023-04-28,Maluku,4.0,Tidak,2023,4,El Nino 2023
2023-04-28,Papua,9.0,Tidak,2023,4,El Nino 2023
2023-04-29,Sumatera,9.0,Tidak,2023,4,El Nino 2023
2023-04-29,Jawa,1.0,Tidak,2023,4,El Nino 2023
2023-04-29,Kalimantan,19.0,Tidak,2023,4,El Nino 2023
2023-04-29,Sulawesi,0.0,Tidak,2023,4,El Nino 2023
2023-04-29,Bali-Nusa Tenggara,2.0,Tidak,2023,4,El Nino 2023
2023-04-29,Maluku,3.0,Tidak,2023,4,El Nino 2023
2023-04-29,Papua,13.0,Tidak,2023,4,El Nino 2023
2023-04-30,Sumatera,22.0,Tidak,2023,4,El Nino 2023
2023-04-30,Jawa,6.0,Tidak,2023,4,El Nino 2023
2023-04-30,Kalimantan,7.0,Tidak,2023,4,El Nino 2023
2023-04-30,Sulawesi,3.0,Tidak,2023,4,El Nino 2023
2023-04-30,Bali-Nusa Tenggara,2.0,Tidak,2023,4,El Nino 2023
2023-04-30,Maluku,3.0,Tidak,2023,4,El Nino 2023
2023-04-30,Papua,0.0,Tidak,2023,4,El Nino 2023
2023-05-01,Sumatera,24.0,Tidak,2023,5,El Nino 2023
2023-05-01,Jawa,3.0,Tidak,2023,5,El Nino 2023
2023-05-01,Kalimantan,18.0,Tidak,2023,5,El Nino 2023
2023-05-01,Sulawesi,6.0,Tidak,2023,5,El Nino 2023
2023-05-01,Bali-Nusa Tenggara,2.0,Tidak,2023,5,El Nino 2023
2023-05-01,Maluku,3.0,Tidak,2023,5,El Nino 2023
2023-05-01,Papua,0.0,Tidak,2023,5,El Nino 2023
2023-05-02,Sumatera,86.0,Tidak,2023,5,El Nino 2023
2023-05-02,Jawa,2.0,Tidak,2023,5,El Nino 2023
2023-05-02,Kalimantan,27.0,Tidak,2023,5,El Nino 2023
2023-05-02,Sulawesi,2.0,Tidak,2023,5,El Nino 2023
2023-05-02,Bali-Nusa Tenggara,1.0,Tidak,2023,5,El Nino 2023
2023-05-02,Maluku,7.0,Tidak,2023,5,El Nino 2023
2023-05-02,Papua,0.0,Tidak,2023,5,El Nino 2023
2023-05-03,Sumatera,28.0,Tidak,2023,5,El Nino 2023
2023-05-03,Jawa,0.0,Tidak,2023,5,El Nino 2023
2023-05-03,Kalimantan,51.0,Tidak,2023,5,El Nino 2023
2023-05-03,Sulawesi,2.0,Tidak,2023,5,El Nino 2023
2023-05-03,Bali-Nusa Tenggara,2.0,Tidak,2023,5,El Nino 2023
2023-05-03,Maluku,0.0,Tidak,2023,5,El Nino 2023
2023-05-03,Papua,1.0,Tidak,2023,5,El Nino 2023
2023-05-04,Sumatera,8.0,Tidak,2023,5,El Nino 2023
2023-05-04,Jawa,3.0,Tidak,2023,5,El Nino 2023
2023-05-04,Kalimantan,38.0,Tidak,2023,5,El Nino 2023
2023-05-04,Sulawesi,1.0,Tidak,2023,5,El Nino 2023
2023-05-04,Bali-Nusa Tenggara,2.0,Tidak,2023,5,El Nino 2023
2023-05-04,Maluku,3.0,Tidak,2023,5,El Nino 2023
2023-05-04,Papua,15.0,Tidak,2023,5,El Nino 2023
2023-05-05,Sumatera,15.0,Tidak,2023,5,El Nino 2023
2023-05-05,Jawa,0.0,Tidak,2023,5,El Nino 2023
2023-05-05,Kalimantan,24.0,Tidak,2023,5,El Nino 2023
2023-05-05,Sulawesi,4.0,Tidak,2023,5,El Nino 2023
2023-05-05,Bali-Nusa Tenggara,7.0,Tidak,2023,5,El Nino 2023
2023-05-05,Maluku,2.0,Tidak,2023,5,El Nino 2023
2023-05-05,Papua,1.0,Tidak,2023,5,El Nino 2023
2023-05-06,Sumatera,3.0,Tidak,2023,5,El Nino 2023
2023-05-06,Jawa,3.0,Tidak,2023,5,El Nino 2023
2023-05-06,Kalimantan,12.0,Tidak,2023,5,El Nino 2023
2023-05-06,Sulawesi,3.0,Tidak,2023,5,El Nino 2023
2023-05-06,Bali-Nusa Tenggara,9.0,Tidak,2023,5,El Nino 2023
2023-05-06,Maluku,3.0,Tidak,2023,5,El Nino 2023
2023-05-06,Papua,0.0,Tidak,2023,5,El Nino 2023
2023-05-07,Sumatera,0.0,Tidak,2023,5,El Nino 2023
2023-05-07,Jawa,3.0,Tidak,2023,5,El Nino 2023
2023-05-07,Kalimantan,8.0,Tidak,2023,5,El Nino 2023
2023-05-07,Sulawesi,7.0,Tidak,2023,5,El Nino 2023
2023-05-07,Bali-Nusa Tenggara,3.0,Tidak,2023,5,El Nino 2023
2023-05-07,Maluku,4.0,Tidak,2023,5,El Nino 2023
2023-05-07,Papua,1.0,Tidak,2023,5,El Nino 2023
2023-05-08,Sumatera,1.0,Tidak,2023,5,El Nino 2023
2023-05-08,Jawa,1.0,Tidak,2023,5,El Nino 2023
2023-05-08,Kalimantan,8.0,Tidak,2023,5,El Nino 2023
2023-05-08,Sulawesi,0.0,Tidak,2023,5,El Nino 2023
2023-05-08,Bali-Nusa Tenggara,2.0,Tidak,2023,5,El Nino 2023
2023-05-08,Maluku,3.0,Tidak,2023,5,El Nino 2023
2023-05-08,Papua,1.0,Tidak,2023,5,El Nino 2023
2023-05-09,Sumatera,12.0,Tidak,2023,5,El Nino 2023
2023-05-09,Jawa,1.0,Tidak,2023,5,El Nino 2023
2023-05-09,Kalimantan,4.0,Tidak,2023,5,El Nino 2023
2023-05-09,Sulawesi,2.0,Tidak,2023,5,El Nino 2023
2023-05-09,Bali-Nusa Tenggara,2.0,Tidak,2023,5,El Nino 2023
2023-05-09,Maluku,1.0,Tidak,2023,5,El Nino 2023
2023-05-09,Papua,5.0,Tidak,2023,5,El Nino 2023
2023-05-10,Sumatera,32.0,Tidak,2023,5,El Nino 2023
2023-05-10,Jawa,2.0,Tidak,2023,5,El Nino 2023
2023-05-10,Kalimantan,20.0,Tidak,2023,5,El Nino 2023
2023-05-10,Sulawesi,2.0,Tidak,2023,5,El Nino 2023
2023-05-10,Bali-Nusa Tenggara,6.0,Tidak,2023,5,El Nino 2023
2023-05-10,Maluku,1.0,Tidak,2023,5,El Nino 2023
2023-05-10,Papua,1.0,Tidak,2023,5,El Nino 2023
2023-05-11,Sumatera,43.0,Tidak,2023,5,El Nino 2023
2023-05-11,Jawa,1.0,Tidak,2023,5,El Nino 2023
2023-05-11,Kalimantan,31.0,Tidak,2023,5,El Nino 2023
2023-05-11,Sulawesi,13.0,Tidak,2023,5,El Nino 2023
2023-05-11,Bali-Nusa Tenggara,11.0,Tidak,2023,5,El Nino 2023
2023-05-11,Maluku,0.0,Tidak,2023,5,El Nino 2023
2023-05-11,Papua,0.0,Tidak,2023,5,El Nino 2023
2023-05-12,Sumatera,72.0,Tidak,2023,5,El Nino 2023
2023-05-12,Jawa,8.0,Tidak,2023,5,El Nino 2023
2023-05-12,Kalimantan,55.0,Tidak,2023,5,El Nino 2023
2023-05-12,Sulawesi,5.0,Tidak,2023,5,El Nino 2023
2023-05-12,Bali-Nusa Tenggara,10.0,Tidak,2023,5,El Nino 2023
2023-05-12,Maluku,5.0,Tidak,2023,5,El Nino 2023
2023-05-12,Papua,0.0,Tidak,2023,5,El Nino 2023
2023-05-13,Sumatera,81.0,Tidak,2023,5,El Nino 2023
2023-05-13,Jawa,8.0,Tidak,2023,5,El Nino 2023
2023-05-13,Kalimantan,41.0,Tidak,2023,5,El Nino 2023
2023-05-13,Sulawesi,9.0,Tidak,2023,5,El Nino 2023
2023-05-13,Bali-Nusa Tenggara,10.0,Tidak,2023,5,El Nino 2023
2023-05-13,Maluku,2.0,Tidak,2023,5,El Nino 2023
2023-05-13,Papua,3.0,Tidak,2023,5,El Nino 2023
2023-05-14,Sumatera,49.0,Tidak,2023,5,El Nino 2023
2023-05-14,Jawa,24.0,Tidak,2023,5,El Nino 2023
2023-05-14,Kalimantan,27.0,Tidak,2023,5,El Nino 2023
2023-05-14,Sulawesi,1.0,Tidak,2023,5,El Nino 2023
2023-05-14,Bali-Nusa Tenggara,10.0,Tidak,2023,5,El Nino 2023
2023-05-14,Maluku,0.0,Tidak,2023,5,El Nino 2023
2023-05-14,Papua,2.0,Tidak,2023,5,El Nino 2023
2023-05-15,Sumatera,40.0,Tidak,2023,5,El Nino 2023
2023-05-15,Jawa,11.0,Tidak,2023,5,El Nino 2023
2023-05-15,Kalimantan,39.0,Tidak,2023,5,El Nino 2023
2023-05-15,Sulawesi,3.0,Tidak,2023,5,El Nino 2023
2023-05-15,Bali-Nusa Tenggara,38.0,Tidak,2023,5,El Nino 2023
2023-05-15,Maluku,3.0,Tidak,2023,5,El Nino 2023
2023-05-15,Papua,4.0,Tidak,2023,5,El Nino 2023
2023-05-16,Sumatera,50.0,Tidak,2023,5,El Nino 2023
2023-05-16,Jawa,9.0,Tidak,2023,5,El Nino 2023
2023-05-16,Kalimantan,42.0,Tidak,2023,5,El Nino 2023
2023-05-16,Sulawesi,21.0,Tidak,2023,5,El Nino 2023
2023-05-16,Bali-Nusa Tenggara,27.0,Tidak,2023,5,El Nino 2023
2023-05-16,Maluku,0.0,Tidak,2023,5,El Nino 2023
2023-05-16,Papua,0.0,Tidak,2023,5,El Nino 2023
2023-05-17,Sumatera,60.0,Tidak,2023,5,El Nino 2023
2023-05-17,Jawa,9.0,Tidak,2023,5,El Nino 2023
2023-05-17,Kalimantan,49.0,Tidak,2023,5,El Nino 2023
2023-05-17,Sulawesi,9.0,Tidak,2023,5,El Nino 2023
2023-05-17,Bali-Nusa Tenggara,19.0,Tidak,2023,5,El Nino 2023
2023-05-17,Maluku,3.0,Tidak,2023,5,El Nino 2023
2023-05-17,Papua,0.0,Tidak,2023,5,El Nino 2023
2023-05-18,Sumatera,29.0,Tidak,2023,5,El Nino 2023
2023-05-18,Jawa,3.0,Tidak,2023,5,El Nino 2023
2023-05-18,Kalimantan,67.0,Tidak,2023,5,El Nino 2023
2023-05-18,Sulawesi,11.0,Tidak,2023,5,El Nino 2023
2023-05-18,Bali-Nusa Tenggara,13.0,Tidak,2023,5,El Nino 2023
2023-05-18,Maluku,3.0,Tidak,2023,5,El Nino 2023
2023-05-18,Papua,0.0,Tidak,2023,5,El Nino 2023
2023-05-19,Sumatera,6.0,Tidak,2023,5,El Nino 2023
2023-05-19,Jawa,6.0,Tidak,2023,5,El Nino 2023
2023-05-19,Kalimantan,26.0,Tidak,2023,5,El Nino 2023
2023-05-19,Sulawesi,11.0,Tidak,2023,5,El Nino 2023
2023-05-19,Bali-Nusa Tenggara,20.0,Tidak,2023,5,El Nino 2023
2023-05-19,Maluku,6.0,Tidak,2023,5,El Nino 2023
2023-05-19,Papua,0.0,Tidak,2023,5,El Nino 2023
2023-05-20,Sumatera,26.0,Tidak,2023,5,El Nino 2023
2023-05-20,Jawa,17.0,Tidak,2023,5,El Nino 2023
2023-05-20,Kalimantan,54.0,Tidak,2023,5,El Nino 2023
2023-05-20,Sulawesi,18.0,Tidak,2023,5,El Nino 2023
2023-05-20,Bali-Nusa Tenggara,13.0,Tidak,2023,5,El Nino 2023
2023-05-20,Maluku,11.0,Tidak,2023,5,El Nino 2023
2023-05-20,Papua,1.0,Tidak,2023,5,El Nino 2023
2023-05-21,Sumatera,7.0,Tidak,2023,5,El Nino 2023
2023-05-21,Jawa,10.0,Tidak,2023,5,El Nino 2023
2023-05-21,Kalimantan,47.0,Tidak,2023,5,El Nino 2023
2023-05-21,Sulawesi,12.0,Tidak,2023,5,El Nino 2023
2023-05-21,Bali-Nusa Tenggara,27.0,Tidak,2023,5,El Nino 2023
2023-05-21,Maluku,7.0,Tidak,2023,5,El Nino 2023
2023-05-21,Papua,8.0,Tidak,2023,5,El Nino 2023
2023-05-22,Sumatera,64.0,Tidak,2023,5,El Nino 2023
2023-05-22,Jawa,10.0,Tidak,2023,5,El Nino 2023
2023-05-22,Kalimantan,40.0,Tidak,2023,5,El Nino 2023
2023-05-22,Sulawesi,18.0,Tidak,2023,5,El Nino 2023
2023-05-22,Bali-Nusa Tenggara,16.0,Tidak,2023,5,El Nino 2023
2023-05-22,Maluku,3.0,Tidak,2023,5,El Nino 2023
2023-05-22,Papua,1.0,Tidak,2023,5,El Nino 2023
2023-05-23,Sumatera,106.0,Tidak,2023,5,El Nino 2023
2023-05-23,Jawa,16.0,Tidak,2023,5,El Nino 2023
2023-05-23,Kalimantan,46.0,Tidak,2023,5,El Nino 2023
2023-05-23,Sulawesi,10.0,Tidak,2023,5,El Nino 2023
2023-05-23,Bali-Nusa Tenggara,30.0,Tidak,2023,5,El Nino 2023
2023-05-23,Maluku,4.0,Tidak,2023,5,El Nino 2023
2023-05-23,Papua,13.0,Tidak,2023,5,El Nino 2023
2023-05-24,Sumatera,87.0,Tidak,2023,5,El Nino 2023
2023-05-24,Jawa,28.0,Tidak,2023,5,El Nino 2023
2023-05-24,Kalimantan,16.0,Tidak,2023,5,El Nino 2023
2023-05-24,Sulawesi,9.0,Tidak,2023,5,El Nino 2023
2023-05-24,Bali-Nusa Tenggara,21.0,Tidak,2023,5,El Nino 2023
2023-05-24,Maluku,1.0,Tidak,2023,5,El Nino 2023
2023-05-24,Papua,9.0,Tidak,2023,5,El Nino 2023
2023-05-25,Sumatera,92.0,Tidak,2023,5,El Nino 2023
2023-05-25,Jawa,19.0,Tidak,2023,5,El Nino 2023
2023-05-25,Kalimantan,87.0,Tidak,2023,5,El Nino 2023
2023-05-25,Sulawesi,8.0,Tidak,2023,5,El Nino 2023
2023-05-25,Bali-Nusa Tenggara,24.0,Tidak,2023,5,El Nino 2023
2023-05-25,Maluku,11.0,Tidak,2023,5,El Nino 2023
2023-05-25,Papua,24.0,Tidak,2023,5,El Nino 2023
2023-05-26,Sumatera,41.0,Tidak,2023,5,El Nino 2023
2023-05-26,Jawa,16.0,Tidak,2023,5,El Nino 2023
2023-05-26,Kalimantan,40.0,Tidak,2023,5,El Nino 2023
2023-05-26,Sulawesi,5.0,Tidak,2023,5,El Nino 2023
2023-05-26,Bali-Nusa Tenggara,32.0,Tidak,2023,5,El Nino 2023
2023-05-26,Maluku,7.0,Tidak,2023,5,El Nino 2023
2023-05-26,Papua,6.0,Tidak,2023,5,El Nino 2023
2023-05-27,Sumatera,67.0,Tidak,2023,5,El Nino 2023
2023-05-27,Jawa,8.0,Tidak,2023,5,El Nino 2023
2023-05-27,Kalimantan,53.0,Tidak,2023,5,El Nino 2023
2023-05-27,Sulawesi,15.0,Tidak,2023,5,El Nino 2023
2023-05-27,Bali-Nusa Tenggara,23.0,Tidak,2023,5,El Nino 2023
2023-05-27,Maluku,8.0,Tidak,2023,5,El Nino 2023
2023-05-27,Papua,17.0,Tidak,2023,5,El Nino 2023
2023-05-28,Sumatera,69.0,Tidak,2023,5,El Nino 2023
2023-05-28,Jawa,7.0,Tidak,2023,5,El Nino 2023
2023-05-28,Kalimantan,56.0,Tidak,2023,5,El Nino 2023
2023-05-28,Sulawesi,13.0,Tidak,2023,5,El Nino 2023
2023-05-28,Bali-Nusa Tenggara,51.0,Tidak,2023,5,El Nino 2023
2023-05-28,Maluku,13.0,Tidak,2023,5,El Nino 2023
2023-05-28,Papua,9.0,Tidak,2023,5,El Nino 2023
2023-05-29,Sumatera,38.0,Tidak,2023,5,El Nino 2023
2023-05-29,Jawa,8.0,Tidak,2023,5,El Nino 2023
2023-05-29,Kalimantan,47.0,Tidak,2023,5,El Nino 2023
2023-05-29,Sulawesi,14.0,Tidak,2023,5,El Nino 2023
2023-05-29,Bali-Nusa Tenggara,25.0,Tidak,2023,5,El Nino 2023
2023-05-29,Maluku,4.0,Tidak,2023,5,El Nino 2023
2023-05-29,Papua,11.0,Tidak,2023,5,El Nino 2023
2023-05-30,Sumatera,17.0,Tidak,2023,5,El Nino 2023
2023-05-30,Jawa,20.0,Tidak,2023,5,El Nino 2023
2023-05-30,Kalimantan,63.0,Tidak,2023,5,El Nino 2023
2023-05-30,Sulawesi,12.0,Tidak,2023,5,El Nino 2023
2023-05-30,Bali-Nusa Tenggara,22.0,Tidak,2023,5,El Nino 2023
2023-05-30,Maluku,6.0,Tidak,2023,5,El Nino 2023
2023-05-30,Papua,15.0,Tidak,2023,5,El Nino 2023
2023-05-31,Sumatera,47.0,Tidak,2023,5,El Nino 2023
2023-05-31,Jawa,17.0,Tidak,2023,5,El Nino 2023
2023-05-31,Kalimantan,86.0,Tidak,2023,5,El Nino 2023
2023-05-31,Sulawesi,12.0,Tidak,2023,5,El Nino 2023
2023-05-31,Bali-Nusa Tenggara,25.0,Tidak,2023,5,El Nino 2023
2023-05-31,Maluku,0.0,Tidak,2023,5,El Nino 2023
2023-05-31,Papua,14.0,Tidak,2023,5,El Nino 2023
2023-06-01,Sumatera,28.0,Tidak,2023,6,El Nino 2023
2023-06-01,Jawa,9.0,Tidak,2023,6,El Nino 2023
2023-06-01,Kalimantan,47.0,Tidak,2023,6,El Nino 2023
2023-06-01,Sulawesi,18.0,Tidak,2023,6,El Nino 2023
2023-06-01,Bali-Nusa Tenggara,49.0,Tidak,2023,6,El Nino 2023
2023-06-01,Maluku,6.0,Tidak,2023,6,El Nino 2023
2023-06-01,Papua,7.0,Tidak,2023,6,El Nino 2023
2023-06-02,Sumatera,113.0,Tidak,2023,6,El Nino 2023
2023-06-02,Jawa,15.0,Tidak,2023,6,El Nino 2023
2023-06-02,Kalimantan,49.0,Tidak,2023,6,El Nino 2023
2023-06-02,Sulawesi,19.0,Tidak,2023,6,El Nino 2023
2023-06-02,Bali-Nusa Tenggara,13.0,Tidak,2023,6,El Nino 2023
2023-06-02,Maluku,4.0,Tidak,2023,6,El Nino 2023
2023-06-02,Papua,14.0,Tidak,2023,6,El Nino 2023
2023-06-03,Sumatera,79.0,Tidak,2023,6,El Nino 2023
2023-06-03,Jawa,10.0,Tidak,2023,6,El Nino 2023
2023-06-03,Kalimantan,43.0,Tidak,2023,6,El Nino 2023
2023-06-03,Sulawesi,24.0,Tidak,2023,6,El Nino 2023
2023-06-03,Bali-Nusa Tenggara,46.0,Tidak,2023,6,El Nino 2023
2023-06-03,Maluku,6.0,Tidak,2023,6,El Nino 2023
2023-06-03,Papua,5.0,Tidak,2023,6,El Nino 2023
2023-06-04,Sumatera,35.0,Tidak,2023,6,El Nino 2023
2023-06-04,Jawa,5.0,Tidak,2023,6,El Nino 2023
2023-06-04,Kalimantan,25.0,Tidak,2023,6,El Nino 2023
2023-06-04,Sulawesi,14.0,Tidak,2023,6,El Nino 2023
2023-06-04,Bali-Nusa Tenggara,28.0,Tidak,2023,6,El Nino 2023
2023-06-04,Maluku,3.0,Tidak,2023,6,El Nino 2023
2023-06-04,Papua,1.0,Tidak,2023,6,El Nino 2023
2023-06-05,Sumatera,20.0,Tidak,2023,6,El Nino 2023
2023-06-05,Jawa,13.0,Tidak,2023,6,El Nino 2023
2023-06-05,Kalimantan,6.0,Tidak,2023,6,El Nino 2023
2023-06-05,Sulawesi,12.0,Tidak,2023,6,El Nino 2023
2023-06-05,Bali-Nusa Tenggara,18.0,Tidak,2023,6,El Nino 2023
2023-06-05,Maluku,6.0,Tidak,2023,6,El Nino 2023
2023-06-05,Papua,31.0,Tidak,2023,6,El Nino 2023
2023-06-06,Sumatera,15.0,Tidak,2023,6,El Nino 2023
2023-06-06,Jawa,3.0,Tidak,2023,6,El Nino 2023
2023-06-06,Kalimantan,11.0,Tidak,2023,6,El Nino 2023
2023-06-06,Sulawesi,21.0,Tidak,2023,6,El Nino 2023
2023-06-06,Bali-Nusa Tenggara,16.0,Tidak,2023,6,El Nino 2023
2023-06-06,Maluku,2.0,Tidak,2023,6,El Nino 2023
2023-06-06,Papua,8.0,Tidak,2023,6,El Nino 2023
2023-06-07,Sumatera,11.0,Tidak,2023,6,El Nino 2023
2023-06-07,Jawa,1.0,Tidak,2023,6,El Nino 2023
2023-06-07,Kalimantan,18.0,Tidak,2023,6,El Nino 2023
2023-06-07,Sulawesi,47.0,Tidak,2023,6,El Nino 2023
2023-06-07,Bali-Nusa Tenggara,43.0,Tidak,2023,6,El Nino 2023
2023-06-07,Maluku,0.0,Tidak,2023,6,El Nino 2023
2023-06-07,Papua,5.0,Tidak,2023,6,El Nino 2023
2023-06-08,Sumatera,11.0,Tidak,2023,6,El Nino 2023
2023-06-08,Jawa,10.0,Tidak,2023,6,El Nino 2023
2023-06-08,Kalimantan,27.0,Tidak,2023,6,El Nino 2023
2023-06-08,Sulawesi,36.0,Tidak,2023,6,El Nino 2023
2023-06-08,Bali-Nusa Tenggara,52.0,Tidak,2023,6,El Nino 2023
2023-06-08,Maluku,7.0,Tidak,2023,6,El Nino 2023
2023-06-08,Papua,8.0,Tidak,2023,6,El Nino 2023
2023-06-09,Sumatera,25.0,Tidak,2023,6,El Nino 2023
2023-06-09,Jawa,22.0,Tidak,2023,6,El Nino 2023
2023-06-09,Kalimantan,30.0,Tidak,2023,6,El Nino 2023
2023-06-09,Sulawesi,24.0,Tidak,2023,6,El Nino 2023
2023-06-09,Bali-Nusa Tenggara,4.0,Tidak,2023,6,El Nino 2023
2023-06-09,Maluku,4.0,Tidak,2023,6,El Nino 2023
2023-06-09,Papua,8.0,Tidak,2023,6,El Nino 2023
2023-06-10,Sumatera,40.0,Tidak,2023,6,El Nino 2023
2023-06-10,Jawa,41.0,Tidak,2023,6,El Nino 2023
2023-06-10,Kalimantan,60.0,Tidak,2023,6,El Nino 2023
2023-06-10,Sulawesi,16.0,Tidak,2023,6,El Nino 2023
2023-06-10,Bali-Nusa Tenggara,14.0,Tidak,2023,6,El Nino 2023
2023-06-10,Maluku,2.0,Tidak,2023,6,El Nino 2023
2023-06-10,Papua,31.0,Tidak,2023,6,El Nino 2023
2023-06-11,Sumatera,52.0,Tidak,2023,6,El Nino 2023
2023-06-11,Jawa,12.0,Tidak,2023,6,El Nino 2023
2023-06-11,Kalimantan,79.0,Tidak,2023,6,El Nino 2023
2023-06-11,Sulawesi,10.0,Tidak,2023,6,El Nino 2023
2023-06-11,Bali-Nusa Tenggara,33.0,Tidak,2023,6,El Nino 2023
2023-06-11,Maluku,0.0,Tidak,2023,6,El Nino 2023
2023-06-11,Papua,5.0,Tidak,2023,6,El Nino 2023
2023-06-12,Sumatera,63.0,Tidak,2023,6,El Nino 2023
2023-06-12,Jawa,15.0,Tidak,2023,6,El Nino 2023
2023-06-12,Kalimantan,15.0,Tidak,2023,6,El Nino 2023
2023-06-12,Sulawesi,18.0,Tidak,2023,6,El Nino 2023
2023-06-12,Bali-Nusa Tenggara,86.0,Tidak,2023,6,El Nino 2023
2023-06-12,Maluku,4.0,Tidak,2023,6,El Nino 2023
2023-06-12,Papua,1.0,Tidak,2023,6,El Nino 2023
2023-06-13,Sumatera,94.0,Tidak,2023,6,El Nino 2023
2023-06-13,Jawa,27.0,Tidak,2023,6,El Nino 2023
2023-06-13,Kalimantan,42.0,Tidak,2023,6,El Nino 2023
2023-06-13,Sulawesi,0.0,Tidak,2023,6,El Nino 2023
2023-06-13,Bali-Nusa Tenggara,69.0,Tidak,2023,6,El Nino 2023
2023-06-13,Maluku,4.0,Tidak,2023,6,El Nino 2023
2023-06-13,Papua,4.0,Tidak,2023,6,El Nino 2023
2023-06-14,Sumatera,59.0,Tidak,2023,6,El Nino 2023
2023-06-14,Jawa,16.0,Tidak,2023,6,El Nino 2023
2023-06-14,Kalimantan,8.0,Tidak,2023,6,El Nino 2023
2023-06-14,Sulawesi,2.0,Tidak,2023,6,El Nino 2023
2023-06-14,Bali-Nusa Tenggara,31.0,Tidak,2023,6,El Nino 2023
2023-06-14,Maluku,3.0,Tidak,2023,6,El Nino 2023
2023-06-14,Papua,2.0,Tidak,2023,6,El Nino 2023
2023-06-15,Sumatera,64.0,Tidak,2023,6,El Nino 2023
2023-06-15,Jawa,14.0,Tidak,2023,6,El Nino 2023
2023-06-15,Kalimantan,18.0,Tidak,2023,6,El Nino 2023
2023-06-15,Sulawesi,1.0,Tidak,2023,6,El Nino 2023
2023-06-15,Bali-Nusa Tenggara,45.0,Tidak,2023,6,El Nino 2023
2023-06-15,Maluku,2.0,Tidak,2023,6,El Nino 2023
2023-06-15,Papua,3.0,Tidak,2023,6,El Nino 2023
2023-06-16,Sumatera,102.0,Tidak,2023,6,El Nino 2023
2023-06-16,Jawa,15.0,Tidak,2023,6,El Nino 2023
2023-06-16,Kalimantan,23.0,Tidak,2023,6,El Nino 2023
2023-06-16,Sulawesi,8.0,Tidak,2023,6,El Nino 2023
2023-06-16,Bali-Nusa Tenggara,54.0,Tidak,2023,6,El Nino 2023
2023-06-16,Maluku,2.0,Tidak,2023,6,El Nino 2023
2023-06-16,Papua,4.0,Tidak,2023,6,El Nino 2023
2023-06-17,Sumatera,98.0,Tidak,2023,6,El Nino 2023
2023-06-17,Jawa,12.0,Tidak,2023,6,El Nino 2023
2023-06-17,Kalimantan,10.0,Tidak,2023,6,El Nino 2023
2023-06-17,Sulawesi,4.0,Tidak,2023,6,El Nino 2023
2023-06-17,Bali-Nusa Tenggara,75.0,Tidak,2023,6,El Nino 2023
2023-06-17,Maluku,0.0,Tidak,2023,6,El Nino 2023
2023-06-17,Papua,2.0,Tidak,2023,6,El Nino 2023
2023-06-18,Sumatera,162.0,Tidak,2023,6,El Nino 2023
2023-06-18,Jawa,11.0,Tidak,2023,6,El Nino 2023
2023-06-18,Kalimantan,32.0,Tidak,2023,6,El Nino 2023
2023-06-18,Sulawesi,2.0,Tidak,2023,6,El Nino 2023
2023-06-18,Bali-Nusa Tenggara,100.0,Tidak,2023,6,El Nino 2023
2023-06-18,Maluku,0.0,Tidak,2023,6,El Nino 2023
2023-06-18,Papua,7.0,Tidak,2023,6,El Nino 2023
2023-06-19,Sumatera,179.0,Tidak,2023,6,El Nino 2023
2023-06-19,Jawa,21.0,Tidak,2023,6,El Nino 2023
2023-06-19,Kalimantan,16.0,Tidak,2023,6,El Nino 2023
2023-06-19,Sulawesi,2.0,Tidak,2023,6,El Nino 2023
2023-06-19,Bali-Nusa Tenggara,19.0,Tidak,2023,6,El Nino 2023
2023-06-19,Maluku,4.0,Tidak,2023,6,El Nino 2023
2023-06-19,Papua,12.0,Tidak,2023,6,El Nino 2023
2023-06-20,Sumatera,137.0,Tidak,2023,6,El Nino 2023
2023-06-20,Jawa,39.0,Tidak,2023,6,El Nino 2023
2023-06-20,Kalimantan,8.0,Tidak,2023,6,El Nino 2023
2023-06-20,Sulawesi,0.0,Tidak,2023,6,El Nino 2023
2023-06-20,Bali-Nusa Tenggara,26.0,Tidak,2023,6,El Nino 2023
2023-06-20,Maluku,2.0,Tidak,2023,6,El Nino 2023
2023-06-20,Papua,19.0,Tidak,2023,6,El Nino 2023
2023-06-21,Sumatera,132.0,Tidak,2023,6,El Nino 2023
2023-06-21,Jawa,36.0,Tidak,2023,6,El Nino 2023
2023-06-21,Kalimantan,80.0,Tidak,2023,6,El Nino 2023
2023-06-21,Sulawesi,6.0,Tidak,2023,6,El Nino 2023
2023-06-21,Bali-Nusa Tenggara,48.0,Tidak,2023,6,El Nino 2023
2023-06-21,Maluku,0.0,Tidak,2023,6,El Nino 2023
2023-06-21,Papua,7.0,Tidak,2023,6,El Nino 2023
2023-06-22,Sumatera,48.0,Tidak,2023,6,El Nino 2023
2023-06-22,Jawa,21.0,Tidak,2023,6,El Nino 2023
2023-06-22,Kalimantan,84.0,Tidak,2023,6,El Nino 2023
2023-06-22,Sulawesi,13.0,Tidak,2023,6,El Nino 2023
2023-06-22,Bali-Nusa Tenggara,66.0,Tidak,2023,6,El Nino 2023
2023-06-22,Maluku,1.0,Tidak,2023,6,El Nino 2023
2023-06-22,Papua,13.0,Tidak,2023,6,El Nino 2023
2023-06-23,Sumatera,37.0,Tidak,2023,6,El Nino 2023
2023-06-23,Jawa,30.0,Tidak,2023,6,El Nino 2023
2023-06-23,Kalimantan,52.0,Tidak,2023,6,El Nino 2023
2023-06-23,Sulawesi,20.0,Tidak,2023,6,El Nino 2023
2023-06-23,Bali-Nusa Tenggara,66.0,Tidak,2023,6,El Nino 2023
2023-06-23,Maluku,1.0,Tidak,2023,6,El Nino 2023
2023-06-23,Papua,8.0,Tidak,2023,6,El Nino 2023
2023-06-24,Sumatera,82.0,Tidak,2023,6,El Nino 2023
2023-06-24,Jawa,33.0,Tidak,2023,6,El Nino 2023
2023-06-24,Kalimantan,81.0,Tidak,2023,6,El Nino 2023
2023-06-24,Sulawesi,13.0,Tidak,2023,6,El Nino 2023
2023-06-24,Bali-Nusa Tenggara,50.0,Tidak,2023,6,El Nino 2023
2023-06-24,Maluku,12.0,Tidak,2023,6,El Nino 2023
2023-06-24,Papua,2.0,Tidak,2023,6,El Nino 2023
2023-06-25,Sumatera,31.0,Tidak,2023,6,El Nino 2023
2023-06-25,Jawa,26.0,Tidak,2023,6,El Nino 2023
2023-06-25,Kalimantan,97.0,Tidak,2023,6,El Nino 2023
2023-06-25,Sulawesi,10.0,Tidak,2023,6,El Nino 2023
2023-06-25,Bali-Nusa Tenggara,11.0,Tidak,2023,6,El Nino 2023
2023-06-25,Maluku,2.0,Tidak,2023,6,El Nino 2023
2023-06-25,Papua,17.0,Tidak,2023,6,El Nino 2023
2023-06-26,Sumatera,19.0,Tidak,2023,6,El Nino 2023
2023-06-26,Jawa,46.0,Tidak,2023,6,El Nino 2023
2023-06-26,Kalimantan,142.0,Tidak,2023,6,El Nino 2023
2023-06-26,Sulawesi,12.0,Tidak,2023,6,El Nino 2023
2023-06-26,Bali-Nusa Tenggara,16.0,Tidak,2023,6,El Nino 2023
2023-06-26,Maluku,4.0,Tidak,2023,6,El Nino 2023
2023-06-26,Papua,6.0,Tidak,2023,6,El Nino 2023
2023-06-27,Sumatera,9.0,Tidak,2023,6,El Nino 2023
2023-06-27,Jawa,14.0,Tidak,2023,6,El Nino 2023
2023-06-27,Kalimantan,135.0,Tidak,2023,6,El Nino 2023
2023-06-27,Sulawesi,24.0,Tidak,2023,6,El Nino 2023
2023-06-27,Bali-Nusa Tenggara,12.0,Tidak,2023,6,El Nino 2023
2023-06-27,Maluku,2.0,Tidak,2023,6,El Nino 2023
2023-06-27,Papua,36.0,Tidak,2023,6,El Nino 2023
2023-06-28,Sumatera,27.0,Tidak,2023,6,El Nino 2023
2023-06-28,Jawa,11.0,Tidak,2023,6,El Nino 2023
2023-06-28,Kalimantan,58.0,Tidak,2023,6,El Nino 2023
2023-06-28,Sulawesi,22.0,Tidak,2023,6,El Nino 2023
2023-06-28,Bali-Nusa Tenggara,30.0,Tidak,2023,6,El Nino 2023
2023-06-28,Maluku,0.0,Tidak,2023,6,El Nino 2023
2023-06-28,Papua,35.0,Tidak,2023,6,El Nino 2023
2023-06-29,Sumatera,37.0,Tidak,2023,6,El Nino 2023
2023-06-29,Jawa,21.0,Tidak,2023,6,El Nino 2023
2023-06-29,Kalimantan,97.0,Tidak,2023,6,El Nino 2023
2023-06-29,Sulawesi,15.0,Tidak,2023,6,El Nino 2023
2023-06-29,Bali-Nusa Tenggara,12.0,Tidak,2023,6,El Nino 2023
2023-06-29,Maluku,5.0,Tidak,2023,6,El Nino 2023
2023-06-29,Papua,27.0,Tidak,2023,6,El Nino 2023
2023-06-30,Sumatera,23.0,Tidak,2023,6,El Nino 2023
2023-06-30,Jawa,42.0,Tidak,2023,6,El Nino 2023
2023-06-30,Kalimantan,62.0,Tidak,2023,6,El Nino 2023
2023-06-30,Sulawesi,11.0,Tidak,2023,6,El Nino 2023
2023-06-30,Bali-Nusa Tenggara,5.0,Tidak,2023,6,El Nino 2023
2023-06-30,Maluku,3.0,Tidak,2023,6,El Nino 2023
2023-06-30,Papua,18.0,Tidak,2023,6,El Nino 2023
2023-07-01,Sumatera,4.0,Tidak,2023,7,El Nino 2023
2023-07-01,Jawa,29.0,Tidak,2023,7,El Nino 2023
2023-07-01,Kalimantan,35.0,Tidak,2023,7,El Nino 2023
2023-07-01,Sulawesi,12.0,Tidak,2023,7,El Nino 2023
2023-07-01,Bali-Nusa Tenggara,1.0,Tidak,2023,7,El Nino 2023
2023-07-01,Maluku,3.0,Tidak,2023,7,El Nino 2023
2023-07-01,Papua,26.0,Tidak,2023,7,El Nino 2023
2023-07-02,Sumatera,4.0,Tidak,2023,7,El Nino 2023
2023-07-02,Jawa,7.0,Tidak,2023,7,El Nino 2023
2023-07-02,Kalimantan,7.0,Tidak,2023,7,El Nino 2023
2023-07-02,Sulawesi,4.0,Tidak,2023,7,El Nino 2023
2023-07-02,Bali-Nusa Tenggara,5.0,Tidak,2023,7,El Nino 2023
2023-07-02,Maluku,2.0,Tidak,2023,7,El Nino 2023
2023-07-02,Papua,36.0,Tidak,2023,7,El Nino 2023
2023-07-03,Sumatera,22.0,Tidak,2023,7,El Nino 2023
2023-07-03,Jawa,17.0,Tidak,2023,7,El Nino 2023
2023-07-03,Kalimantan,0.0,Tidak,2023,7,El Nino 2023
2023-07-03,Sulawesi,0.0,Tidak,2023,7,El Nino 2023
2023-07-03,Bali-Nusa Tenggara,8.0,Tidak,2023,7,El Nino 2023
2023-07-03,Maluku,2.0,Tidak,2023,7,El Nino 2023
2023-07-03,Papua,23.0,Tidak,2023,7,El Nino 2023
2023-07-04,Sumatera,65.0,Tidak,2023,7,El Nino 2023
2023-07-04,Jawa,22.0,Tidak,2023,7,El Nino 2023
2023-07-04,Kalimantan,22.0,Tidak,2023,7,El Nino 2023
2023-07-04,Sulawesi,1.0,Tidak,2023,7,El Nino 2023
2023-07-04,Bali-Nusa Tenggara,4.0,Tidak,2023,7,El Nino 2023
2023-07-04,Maluku,1.0,Tidak,2023,7,El Nino 2023
2023-07-04,Papua,9.0,Tidak,2023,7,El Nino 2023
2023-07-05,Sumatera,32.0,Tidak,2023,7,El Nino 2023
2023-07-05,Jawa,21.0,Tidak,2023,7,El Nino 2023
2023-07-05,Kalimantan,21.0,Tidak,2023,7,El Nino 2023
2023-07-05,Sulawesi,1.0,Tidak,2023,7,El Nino 2023
2023-07-05,Bali-Nusa Tenggara,9.0,Tidak,2023,7,El Nino 2023
2023-07-05,Maluku,0.0,Tidak,2023,7,El Nino 2023
2023-07-05,Papua,18.0,Tidak,2023,7,El Nino 2023
2023-07-06,Sumatera,27.0,Tidak,2023,7,El Nino 2023
2023-07-06,Jawa,26.0,Tidak,2023,7,El Nino 2023
2023-07-06,Kalimantan,46.0,Tidak,2023,7,El Nino 2023
2023-07-06,Sulawesi,5.0,Tidak,2023,7,El Nino 2023
2023-07-06,Bali-Nusa Tenggara,5.0,Tidak,2023,7,El Nino 2023
2023-07-06,Maluku,1.0,Tidak,2023,7,El Nino 2023
2023-07-06,Papua,0.0,Tidak,2023,7,El Nino 2023
2023-07-07,Sumatera,26.0,Tidak,2023,7,El Nino 2023
2023-07-07,Jawa,1.0,Tidak,2023,7,El Nino 2023
2023-07-07,Kalimantan,6.0,Tidak,2023,7,El Nino 2023
2023-07-07,Sulawesi,0.0,Tidak,2023,7,El Nino 2023
2023-07-07,Bali-Nusa Tenggara,6.0,Tidak,2023,7,El Nino 2023
2023-07-07,Maluku,0.0,Tidak,2023,7,El Nino 2023
2023-07-07,Papua,0.0,Tidak,2023,7,El Nino 2023
2023-07-08,Sumatera,4.0,Tidak,2023,7,El Nino 2023
2023-07-08,Jawa,3.0,Tidak,2023,7,El Nino 2023
2023-07-08,Kalimantan,8.0,Tidak,2023,7,El Nino 2023
2023-07-08,Sulawesi,11.0,Tidak,2023,7,El Nino 2023
2023-07-08,Bali-Nusa Tenggara,36.0,Tidak,2023,7,El Nino 2023
2023-07-08,Maluku,1.0,Tidak,2023,7,El Nino 2023
2023-07-08,Papua,1.0,Tidak,2023,7,El Nino 2023
2023-07-09,Sumatera,25.0,Tidak,2023,7,El Nino 2023
2023-07-09,Jawa,14.0,Tidak,2023,7,El Nino 2023
2023-07-09,Kalimantan,10.0,Tidak,2023,7,El Nino 2023
2023-07-09,Sulawesi,17.0,Tidak,2023,7,El Nino 2023
2023-07-09,Bali-Nusa Tenggara,40.0,Tidak,2023,7,El Nino 2023
2023-07-09,Maluku,1.0,Tidak,2023,7,El Nino 2023
2023-07-09,Papua,1.0,Tidak,2023,7,El Nino 2023
2023-07-10,Sumatera,2.0,Tidak,2023,7,El Nino 2023
2023-07-10,Jawa,32.0,Tidak,2023,7,El Nino 2023
2023-07-10,Kalimantan,14.0,Tidak,2023,7,El Nino 2023
2023-07-10,Sulawesi,8.0,Tidak,2023,7,El Nino 2023
2023-07-10,Bali-Nusa Tenggara,32.0,Tidak,2023,7,El Nino 2023
2023-07-10,Maluku,0.0,Tidak,2023,7,El Nino 2023
2023-07-10,Papua,0.0,Tidak,2023,7,El Nino 2023
2023-07-11,Sumatera,0.0,Tidak,2023,7,El Nino 2023
2023-07-11,Jawa,47.0,Tidak,2023,7,El Nino 2023
2023-07-11,Kalimantan,41.0,Tidak,2023,7,El Nino 2023
2023-07-11,Sulawesi,0.0,Tidak,2023,7,El Nino 2023
2023-07-11,Bali-Nusa Tenggara,18.0,Tidak,2023,7,El Nino 2023
2023-07-11,Maluku,1.0,Tidak,2023,7,El Nino 2023
2023-07-11,Papua,0.0,Tidak,2023,7,El Nino 2023
2023-07-12,Sumatera,25.0,Tidak,2023,7,El Nino 2023
2023-07-12,Jawa,93.0,Tidak,2023,7,El Nino 2023
2023-07-12,Kalimantan,50.0,Tidak,2023,7,El Nino 2023
2023-07-12,Sulawesi,1.0,Tidak,2023,7,El Nino 2023
2023-07-12,Bali-Nusa Tenggara,20.0,Tidak,2023,7,El Nino 2023
2023-07-12,Maluku,0.0,Tidak,2023,7,El Nino 2023
2023-07-12,Papua,5.0,Tidak,2023,7,El Nino 2023
2023-07-13,Sumatera,11.0,Tidak,2023,7,El Nino 2023
2023-07-13,Jawa,35.0,Tidak,2023,7,El Nino 2023
2023-07-13,Kalimantan,45.0,Tidak,2023,7,El Nino 2023
2023-07-13,Sulawesi,0.0,Tidak,2023,7,El Nino 2023
2023-07-13,Bali-Nusa Tenggara,28.0,Tidak,2023,7,El Nino 2023
2023-07-13,Maluku,3.0,Tidak,2023,7,El Nino 2023
2023-07-13,Papua,36.0,Tidak,2023,7,El Nino 2023
2023-07-14,Sumatera,27.0,Tidak,2023,7,El Nino 2023
2023-07-14,Jawa,31.0,Tidak,2023,7,El Nino 2023
2023-07-14,Kalimantan,58.0,Tidak,2023,7,El Nino 2023
2023-07-14,Sulawesi,0.0,Tidak,2023,7,El Nino 2023
2023-07-14,Bali-Nusa Tenggara,47.0,Tidak,2023,7,El Nino 2023
2023-07-14,Maluku,0.0,Tidak,2023,7,El Nino 2023
2023-07-14,Papua,17.0,Tidak,2023,7,El Nino 2023
2023-07-15,Sumatera,17.0,Tidak,2023,7,El Nino 2023
2023-07-15,Jawa,31.0,Tidak,2023,7,El Nino 2023
2023-07-15,Kalimantan,15.0,Tidak,2023,7,El Nino 2023
2023-07-15,Sulawesi,7.0,Tidak,2023,7,El Nino 2023
2023-07-15,Bali-Nusa Tenggara,57.0,Tidak,2023,7,El Nino 2023
2023-07-15,Maluku,8.0,Tidak,2023,7,El Nino 2023
2023-07-15,Papua,19.0,Tidak,2023,7,El Nino 2023
2023-07-16,Sumatera,91.0,Tidak,2023,7,El Nino 2023
2023-07-16,Jawa,73.0,Tidak,2023,7,El Nino 2023
2023-07-16,Kalimantan,186.0,Tidak,2023,7,El Nino 2023
2023-07-16,Sulawesi,2.0,Tidak,2023,7,El Nino 2023
2023-07-16,Bali-Nusa Tenggara,42.0,Tidak,2023,7,El Nino 2023
2023-07-16,Maluku,0.0,Tidak,2023,7,El Nino 2023
2023-07-16,Papua,16.0,Tidak,2023,7,El Nino 2023
2023-07-17,Sumatera,37.0,Tidak,2023,7,El Nino 2023
2023-07-17,Jawa,127.0,Tidak,2023,7,El Nino 2023
2023-07-17,Kalimantan,419.0,Tidak,2023,7,El Nino 2023
2023-07-17,Sulawesi,18.0,Tidak,2023,7,El Nino 2023
2023-07-17,Bali-Nusa Tenggara,65.0,Tidak,2023,7,El Nino 2023
2023-07-17,Maluku,3.0,Tidak,2023,7,El Nino 2023
2023-07-17,Papua,109.0,Tidak,2023,7,El Nino 2023
2023-07-18,Sumatera,27.0,Tidak,2023,7,El Nino 2023
2023-07-18,Jawa,126.0,Tidak,2023,7,El Nino 2023
2023-07-18,Kalimantan,363.0,Tidak,2023,7,El Nino 2023
2023-07-18,Sulawesi,5.0,Tidak,2023,7,El Nino 2023
2023-07-18,Bali-Nusa Tenggara,126.0,Tidak,2023,7,El Nino 2023
2023-07-18,Maluku,2.0,Tidak,2023,7,El Nino 2023
2023-07-18,Papua,83.0,Tidak,2023,7,El Nino 2023
2023-07-19,Sumatera,11.0,Tidak,2023,7,El Nino 2023
2023-07-19,Jawa,61.0,Tidak,2023,7,El Nino 2023
2023-07-19,Kalimantan,476.0,Tidak,2023,7,El Nino 2023
2023-07-19,Sulawesi,48.0,Tidak,2023,7,El Nino 2023
2023-07-19,Bali-Nusa Tenggara,127.0,Tidak,2023,7,El Nino 2023
2023-07-19,Maluku,3.0,Tidak,2023,7,El Nino 2023
2023-07-19,Papua,48.0,Tidak,2023,7,El Nino 2023
2023-07-20,Sumatera,11.0,Tidak,2023,7,El Nino 2023
2023-07-20,Jawa,79.0,Tidak,2023,7,El Nino 2023
2023-07-20,Kalimantan,18.0,Tidak,2023,7,El Nino 2023
2023-07-20,Sulawesi,31.0,Tidak,2023,7,El Nino 2023
2023-07-20,Bali-Nusa Tenggara,27.0,Tidak,2023,7,El Nino 2023
2023-07-20,Maluku,4.0,Tidak,2023,7,El Nino 2023
2023-07-20,Papua,27.0,Tidak,2023,7,El Nino 2023
2023-07-21,Sumatera,44.0,Tidak,2023,7,El Nino 2023
2023-07-21,Jawa,69.0,Tidak,2023,7,El Nino 2023
2023-07-21,Kalimantan,16.0,Tidak,2023,7,El Nino 2023
2023-07-21,Sulawesi,3.0,Tidak,2023,7,El Nino 2023
2023-07-21,Bali-Nusa Tenggara,60.0,Tidak,2023,7,El Nino 2023
2023-07-21,Maluku,13.0,Tidak,2023,7,El Nino 2023
2023-07-21,Papua,51.0,Tidak,2023,7,El Nino 2023
2023-07-22,Sumatera,43.0,Tidak,2023,7,El Nino 2023
2023-07-22,Jawa,146.0,Tidak,2023,7,El Nino 2023
2023-07-22,Kalimantan,56.0,Tidak,2023,7,El Nino 2023
2023-07-22,Sulawesi,10.0,Tidak,2023,7,El Nino 2023
2023-07-22,Bali-Nusa Tenggara,82.0,Tidak,2023,7,El Nino 2023
2023-07-22,Maluku,24.0,Tidak,2023,7,El Nino 2023
2023-07-22,Papua,60.0,Tidak,2023,7,El Nino 2023
2023-07-23,Sumatera,58.0,Tidak,2023,7,El Nino 2023
2023-07-23,Jawa,109.0,Tidak,2023,7,El Nino 2023
2023-07-23,Kalimantan,84.0,Tidak,2023,7,El Nino 2023
2023-07-23,Sulawesi,5.0,Tidak,2023,7,El Nino 2023
2023-07-23,Bali-Nusa Tenggara,36.0,Tidak,2023,7,El Nino 2023
2023-07-23,Maluku,4.0,Tidak,2023,7,El Nino 2023
2023-07-23,Papua,13.0,Tidak,2023,7,El Nino 2023
2023-07-24,Sumatera,51.0,Tidak,2023,7,El Nino 2023
2023-07-24,Jawa,34.0,Tidak,2023,7,El Nino 2023
2023-07-24,Kalimantan,206.0,Tidak,2023,7,El Nino 2023
2023-07-24,Sulawesi,35.0,Tidak,2023,7,El Nino 2023
2023-07-24,Bali-Nusa Tenggara,45.0,Tidak,2023,7,El Nino 2023
2023-07-24,Maluku,2.0,Tidak,2023,7,El Nino 2023
2023-07-24,Papua,2.0,Tidak,2023,7,El Nino 2023
2023-07-25,Sumatera,131.0,Tidak,2023,7,El Nino 2023
2023-07-25,Jawa,31.0,Tidak,2023,7,El Nino 2023
2023-07-25,Kalimantan,483.0,Tidak,2023,7,El Nino 2023
2023-07-25,Sulawesi,24.0,Tidak,2023,7,El Nino 2023
2023-07-25,Bali-Nusa Tenggara,49.0,Tidak,2023,7,El Nino 2023
2023-07-25,Maluku,10.0,Tidak,2023,7,El Nino 2023
2023-07-25,Papua,1.0,Tidak,2023,7,El Nino 2023
2023-07-26,Sumatera,,Ya,2023,7,El Nino 2023
2023-07-26,Jawa,,Ya,2023,7,El Nino 2023
2023-07-26,Kalimantan,,Ya,2023,7,El Nino 2023
2023-07-26,Sulawesi,,Ya,2023,7,El Nino 2023
2023-07-26,Bali-Nusa Tenggara,,Ya,2023,7,El Nino 2023
2023-07-26,Maluku,,Ya,2023,7,El Nino 2023
2023-07-26,Papua,,Ya,2023,7,El Nino 2023
2023-07-27,Sumatera,,Ya,2023,7,El Nino 2023
2023-07-27,Jawa,,Ya,2023,7,El Nino 2023
2023-07-27,Kalimantan,,Ya,2023,7,El Nino 2023
2023-07-27,Sulawesi,,Ya,2023,7,El Nino 2023
2023-07-27,Bali-Nusa Tenggara,,Ya,2023,7,El Nino 2023
2023-07-27,Maluku,,Ya,2023,7,El Nino 2023
2023-07-27,Papua,,Ya,2023,7,El Nino 2023
2023-07-28,Sumatera,66.0,Tidak,2023,7,El Nino 2023
2023-07-28,Jawa,56.0,Tidak,2023,7,El Nino 2023
2023-07-28,Kalimantan,740.0,Tidak,2023,7,El Nino 2023
2023-07-28,Sulawesi,42.0,Tidak,2023,7,El Nino 2023
2023-07-28,Bali-Nusa Tenggara,73.0,Tidak,2023,7,El Nino 2023
2023-07-28,Maluku,6.0,Tidak,2023,7,El Nino 2023
2023-07-28,Papua,26.0,Tidak,2023,7,El Nino 2023
2023-07-29,Sumatera,93.0,Tidak,2023,7,El Nino 2023
2023-07-29,Jawa,81.0,Tidak,2023,7,El Nino 2023
2023-07-29,Kalimantan,1447.0,Tidak,2023,7,El Nino 2023
2023-07-29,Sulawesi,92.0,Tidak,2023,7,El Nino 2023
2023-07-29,Bali-Nusa Tenggara,104.0,Tidak,2023,7,El Nino 2023
2023-07-29,Maluku,4.0,Tidak,2023,7,El Nino 2023
2023-07-29,Papua,6.0,Tidak,2023,7,El Nino 2023
2023-07-30,Sumatera,154.0,Tidak,2023,7,El Nino 2023
2023-07-30,Jawa,58.0,Tidak,2023,7,El Nino 2023
2023-07-30,Kalimantan,741.0,Tidak,2023,7,El Nino 2023
2023-07-30,Sulawesi,96.0,Tidak,2023,7,El Nino 2023
2023-07-30,Bali-Nusa Tenggara,52.0,Tidak,2023,7,El Nino 2023
2023-07-30,Maluku,0.0,Tidak,2023,7,El Nino 2023
2023-07-30,Papua,4.0,Tidak,2023,7,El Nino 2023
2023-07-31,Sumatera,163.0,Tidak,2023,7,El Nino 2023
2023-07-31,Jawa,63.0,Tidak,2023,7,El Nino 2023
2023-07-31,Kalimantan,1226.0,Tidak,2023,7,El Nino 2023
2023-07-31,Sulawesi,41.0,Tidak,2023,7,El Nino 2023
2023-07-31,Bali-Nusa Tenggara,126.0,Tidak,2023,7,El Nino 2023
2023-07-31,Maluku,10.0,Tidak,2023,7,El Nino 2023
2023-07-31,Papua,13.0,Tidak,2023,7,El Nino 2023
2023-08-01,Sumatera,101.0,Tidak,2023,8,El Nino 2023
2023-08-01,Jawa,80.0,Tidak,2023,8,El Nino 2023
2023-08-01,Kalimantan,914.0,Tidak,2023,8,El Nino 2023
2023-08-01,Sulawesi,11.0,Tidak,2023,8,El Nino 2023
2023-08-01,Bali-Nusa Tenggara,137.0,Tidak,2023,8,El Nino 2023
2023-08-01,Maluku,13.0,Tidak,2023,8,El Nino 2023
2023-08-01,Papua,21.0,Tidak,2023,8,El Nino 2023
2023-08-02,Sumatera,67.0,Tidak,2023,8,El Nino 2023
2023-08-02,Jawa,79.0,Tidak,2023,8,El Nino 2023
2023-08-02,Kalimantan,530.0,Tidak,2023,8,El Nino 2023
2023-08-02,Sulawesi,33.0,Tidak,2023,8,El Nino 2023
2023-08-02,Bali-Nusa Tenggara,136.0,Tidak,2023,8,El Nino 2023
2023-08-02,Maluku,7.0,Tidak,2023,8,El Nino 2023
2023-08-02,Papua,56.0,Tidak,2023,8,El Nino 2023
2023-08-03,Sumatera,43.0,Tidak,2023,8,El Nino 2023
2023-08-03,Jawa,81.0,Tidak,2023,8,El Nino 2023
2023-08-03,Kalimantan,374.0,Tidak,2023,8,El Nino 2023
2023-08-03,Sulawesi,65.0,Tidak,2023,8,El Nino 2023
2023-08-03,Bali-Nusa Tenggara,124.0,Tidak,2023,8,El Nino 2023
2023-08-03,Maluku,5.0,Tidak,2023,8,El Nino 2023
2023-08-03,Papua,72.0,Tidak,2023,8,El Nino 2023
2023-08-04,Sumatera,96.0,Tidak,2023,8,El Nino 2023
2023-08-04,Jawa,45.0,Tidak,2023,8,El Nino 2023
2023-08-04,Kalimantan,506.0,Tidak,2023,8,El Nino 2023
2023-08-04,Sulawesi,30.0,Tidak,2023,8,El Nino 2023
2023-08-04,Bali-Nusa Tenggara,102.0,Tidak,2023,8,El Nino 2023
2023-08-04,Maluku,6.0,Tidak,2023,8,El Nino 2023
2023-08-04,Papua,88.0,Tidak,2023,8,El Nino 2023
2023-08-05,Sumatera,114.0,Tidak,2023,8,El Nino 2023
2023-08-05,Jawa,57.0,Tidak,2023,8,El Nino 2023
2023-08-05,Kalimantan,762.0,Tidak,2023,8,El Nino 2023
2023-08-05,Sulawesi,47.0,Tidak,2023,8,El Nino 2023
2023-08-05,Bali-Nusa Tenggara,122.0,Tidak,2023,8,El Nino 2023
2023-08-05,Maluku,21.0,Tidak,2023,8,El Nino 2023
2023-08-05,Papua,49.0,Tidak,2023,8,El Nino 2023
2023-08-06,Sumatera,198.0,Tidak,2023,8,El Nino 2023
2023-08-06,Jawa,52.0,Tidak,2023,8,El Nino 2023
2023-08-06,Kalimantan,696.0,Tidak,2023,8,El Nino 2023
2023-08-06,Sulawesi,35.0,Tidak,2023,8,El Nino 2023
2023-08-06,Bali-Nusa Tenggara,100.0,Tidak,2023,8,El Nino 2023
2023-08-06,Maluku,38.0,Tidak,2023,8,El Nino 2023
2023-08-06,Papua,58.0,Tidak,2023,8,El Nino 2023
2023-08-07,Sumatera,129.0,Tidak,2023,8,El Nino 2023
2023-08-07,Jawa,123.0,Tidak,2023,8,El Nino 2023
2023-08-07,Kalimantan,752.0,Tidak,2023,8,El Nino 2023
2023-08-07,Sulawesi,31.0,Tidak,2023,8,El Nino 2023
2023-08-07,Bali-Nusa Tenggara,343.0,Tidak,2023,8,El Nino 2023
2023-08-07,Maluku,15.0,Tidak,2023,8,El Nino 2023
2023-08-07,Papua,139.0,Tidak,2023,8,El Nino 2023
2023-08-08,Sumatera,63.0,Tidak,2023,8,El Nino 2023
2023-08-08,Jawa,83.0,Tidak,2023,8,El Nino 2023
2023-08-08,Kalimantan,657.0,Tidak,2023,8,El Nino 2023
2023-08-08,Sulawesi,39.0,Tidak,2023,8,El Nino 2023
2023-08-08,Bali-Nusa Tenggara,136.0,Tidak,2023,8,El Nino 2023
2023-08-08,Maluku,19.0,Tidak,2023,8,El Nino 2023
2023-08-08,Papua,254.0,Tidak,2023,8,El Nino 2023
2023-08-09,Sumatera,100.0,Tidak,2023,8,El Nino 2023
2023-08-09,Jawa,88.0,Tidak,2023,8,El Nino 2023
2023-08-09,Kalimantan,509.0,Tidak,2023,8,El Nino 2023
2023-08-09,Sulawesi,44.0,Tidak,2023,8,El Nino 2023
2023-08-09,Bali-Nusa Tenggara,163.0,Tidak,2023,8,El Nino 2023
2023-08-09,Maluku,19.0,Tidak,2023,8,El Nino 2023
2023-08-09,Papua,224.0,Tidak,2023,8,El Nino 2023
2023-08-10,Sumatera,182.0,Tidak,2023,8,El Nino 2023
2023-08-10,Jawa,78.0,Tidak,2023,8,El Nino 2023
2023-08-10,Kalimantan,597.0,Tidak,2023,8,El Nino 2023
2023-08-10,Sulawesi,35.0,Tidak,2023,8,El Nino 2023
2023-08-10,Bali-Nusa Tenggara,104.0,Tidak,2023,8,El Nino 2023
2023-08-10,Maluku,17.0,Tidak,2023,8,El Nino 2023
2023-08-10,Papua,93.0,Tidak,2023,8,El Nino 2023
2023-08-11,Sumatera,218.0,Tidak,2023,8,El Nino 2023
2023-08-11,Jawa,87.0,Tidak,2023,8,El Nino 2023
2023-08-11,Kalimantan,366.0,Tidak,2023,8,El Nino 2023
2023-08-11,Sulawesi,41.0,Tidak,2023,8,El Nino 2023
2023-08-11,Bali-Nusa Tenggara,57.0,Tidak,2023,8,El Nino 2023
2023-08-11,Maluku,34.0,Tidak,2023,8,El Nino 2023
2023-08-11,Papua,50.0,Tidak,2023,8,El Nino 2023
2023-08-12,Sumatera,137.0,Tidak,2023,8,El Nino 2023
2023-08-12,Jawa,155.0,Tidak,2023,8,El Nino 2023
2023-08-12,Kalimantan,708.0,Tidak,2023,8,El Nino 2023
2023-08-12,Sulawesi,14.0,Tidak,2023,8,El Nino 2023
2023-08-12,Bali-Nusa Tenggara,44.0,Tidak,2023,8,El Nino 2023
2023-08-12,Maluku,18.0,Tidak,2023,8,El Nino 2023
2023-08-12,Papua,50.0,Tidak,2023,8,El Nino 2023
2023-08-13,Sumatera,52.0,Tidak,2023,8,El Nino 2023
2023-08-13,Jawa,127.0,Tidak,2023,8,El Nino 2023
2023-08-13,Kalimantan,1275.0,Tidak,2023,8,El Nino 2023
2023-08-13,Sulawesi,41.0,Tidak,2023,8,El Nino 2023
2023-08-13,Bali-Nusa Tenggara,61.0,Tidak,2023,8,El Nino 2023
2023-08-13,Maluku,26.0,Tidak,2023,8,El Nino 2023
2023-08-13,Papua,181.0,Tidak,2023,8,El Nino 2023
2023-08-14,Sumatera,36.0,Tidak,2023,8,El Nino 2023
2023-08-14,Jawa,112.0,Tidak,2023,8,El Nino 2023
2023-08-14,Kalimantan,961.0,Tidak,2023,8,El Nino 2023
2023-08-14,Sulawesi,67.0,Tidak,2023,8,El Nino 2023
2023-08-14,Bali-Nusa Tenggara,89.0,Tidak,2023,8,El Nino 2023
2023-08-14,Maluku,14.0,Tidak,2023,8,El Nino 2023
2023-08-14,Papua,243.0,Tidak,2023,8,El Nino 2023
2023-08-15,Sumatera,61.0,Tidak,2023,8,El Nino 2023
2023-08-15,Jawa,65.0,Tidak,2023,8,El Nino 2023
2023-08-15,Kalimantan,661.0,Tidak,2023,8,El Nino 2023
2023-08-15,Sulawesi,52.0,Tidak,2023,8,El Nino 2023
2023-08-15,Bali-Nusa Tenggara,99.0,Tidak,2023,8,El Nino 2023
2023-08-15,Maluku,16.0,Tidak,2023,8,El Nino 2023
2023-08-15,Papua,52.0,Tidak,2023,8,El Nino 2023
2023-08-16,Sumatera,70.0,Tidak,2023,8,El Nino 2023
2023-08-16,Jawa,107.0,Tidak,2023,8,El Nino 2023
2023-08-16,Kalimantan,1055.0,Tidak,2023,8,El Nino 2023
2023-08-16,Sulawesi,52.0,Tidak,2023,8,El Nino 2023
2023-08-16,Bali-Nusa Tenggara,69.0,Tidak,2023,8,El Nino 2023
2023-08-16,Maluku,31.0,Tidak,2023,8,El Nino 2023
2023-08-16,Papua,17.0,Tidak,2023,8,El Nino 2023
2023-08-17,Sumatera,89.0,Tidak,2023,8,El Nino 2023
2023-08-17,Jawa,131.0,Tidak,2023,8,El Nino 2023
2023-08-17,Kalimantan,856.0,Tidak,2023,8,El Nino 2023
2023-08-17,Sulawesi,46.0,Tidak,2023,8,El Nino 2023
2023-08-17,Bali-Nusa Tenggara,53.0,Tidak,2023,8,El Nino 2023
2023-08-17,Maluku,14.0,Tidak,2023,8,El Nino 2023
2023-08-17,Papua,72.0,Tidak,2023,8,El Nino 2023
2023-08-18,Sumatera,42.0,Tidak,2023,8,El Nino 2023
2023-08-18,Jawa,135.0,Tidak,2023,8,El Nino 2023
2023-08-18,Kalimantan,1002.0,Tidak,2023,8,El Nino 2023
2023-08-18,Sulawesi,66.0,Tidak,2023,8,El Nino 2023
2023-08-18,Bali-Nusa Tenggara,99.0,Tidak,2023,8,El Nino 2023
2023-08-18,Maluku,30.0,Tidak,2023,8,El Nino 2023
2023-08-18,Papua,66.0,Tidak,2023,8,El Nino 2023
2023-08-19,Sumatera,37.0,Tidak,2023,8,El Nino 2023
2023-08-19,Jawa,93.0,Tidak,2023,8,El Nino 2023
2023-08-19,Kalimantan,780.0,Tidak,2023,8,El Nino 2023
2023-08-19,Sulawesi,102.0,Tidak,2023,8,El Nino 2023
2023-08-19,Bali-Nusa Tenggara,318.0,Tidak,2023,8,El Nino 2023
2023-08-19,Maluku,27.0,Tidak,2023,8,El Nino 2023
2023-08-19,Papua,483.0,Tidak,2023,8,El Nino 2023
2023-08-20,Sumatera,77.0,Tidak,2023,8,El Nino 2023
2023-08-20,Jawa,69.0,Tidak,2023,8,El Nino 2023
2023-08-20,Kalimantan,874.0,Tidak,2023,8,El Nino 2023
2023-08-20,Sulawesi,151.0,Tidak,2023,8,El Nino 2023
2023-08-20,Bali-Nusa Tenggara,281.0,Tidak,2023,8,El Nino 2023
2023-08-20,Maluku,10.0,Tidak,2023,8,El Nino 2023
2023-08-20,Papua,91.0,Tidak,2023,8,El Nino 2023
2023-08-21,Sumatera,56.0,Tidak,2023,8,El Nino 2023
2023-08-21,Jawa,85.0,Tidak,2023,8,El Nino 2023
2023-08-21,Kalimantan,739.0,Tidak,2023,8,El Nino 2023
2023-08-21,Sulawesi,95.0,Tidak,2023,8,El Nino 2023
2023-08-21,Bali-Nusa Tenggara,376.0,Tidak,2023,8,El Nino 2023
2023-08-21,Maluku,17.0,Tidak,2023,8,El Nino 2023
2023-08-21,Papua,18.0,Tidak,2023,8,El Nino 2023
2023-08-22,Sumatera,205.0,Tidak,2023,8,El Nino 2023
2023-08-22,Jawa,79.0,Tidak,2023,8,El Nino 2023
2023-08-22,Kalimantan,303.0,Tidak,2023,8,El Nino 2023
2023-08-22,Sulawesi,70.0,Tidak,2023,8,El Nino 2023
2023-08-22,Bali-Nusa Tenggara,233.0,Tidak,2023,8,El Nino 2023
2023-08-22,Maluku,17.0,Tidak,2023,8,El Nino 2023
2023-08-22,Papua,4.0,Tidak,2023,8,El Nino 2023
2023-08-23,Sumatera,77.0,Tidak,2023,8,El Nino 2023
2023-08-23,Jawa,157.0,Tidak,2023,8,El Nino 2023
2023-08-23,Kalimantan,132.0,Tidak,2023,8,El Nino 2023
2023-08-23,Sulawesi,9.0,Tidak,2023,8,El Nino 2023
2023-08-23,Bali-Nusa Tenggara,99.0,Tidak,2023,8,El Nino 2023
2023-08-23,Maluku,5.0,Tidak,2023,8,El Nino 2023
2023-08-23,Papua,23.0,Tidak,2023,8,El Nino 2023
2023-08-24,Sumatera,58.0,Tidak,2023,8,El Nino 2023
2023-08-24,Jawa,113.0,Tidak,2023,8,El Nino 2023
2023-08-24,Kalimantan,250.0,Tidak,2023,8,El Nino 2023
2023-08-24,Sulawesi,13.0,Tidak,2023,8,El Nino 2023
2023-08-24,Bali-Nusa Tenggara,199.0,Tidak,2023,8,El Nino 2023
2023-08-24,Maluku,23.0,Tidak,2023,8,El Nino 2023
2023-08-24,Papua,34.0,Tidak,2023,8,El Nino 2023
2023-08-25,Sumatera,56.0,Tidak,2023,8,El Nino 2023
2023-08-25,Jawa,85.0,Tidak,2023,8,El Nino 2023
2023-08-25,Kalimantan,109.0,Tidak,2023,8,El Nino 2023
2023-08-25,Sulawesi,103.0,Tidak,2023,8,El Nino 2023
2023-08-25,Bali-Nusa Tenggara,763.0,Tidak,2023,8,El Nino 2023
2023-08-25,Maluku,6.0,Tidak,2023,8,El Nino 2023
2023-08-25,Papua,3.0,Tidak,2023,8,El Nino 2023
2023-08-26,Sumatera,89.0,Tidak,2023,8,El Nino 2023
2023-08-26,Jawa,76.0,Tidak,2023,8,El Nino 2023
2023-08-26,Kalimantan,320.0,Tidak,2023,8,El Nino 2023
2023-08-26,Sulawesi,114.0,Tidak,2023,8,El Nino 2023
2023-08-26,Bali-Nusa Tenggara,605.0,Tidak,2023,8,El Nino 2023
2023-08-26,Maluku,22.0,Tidak,2023,8,El Nino 2023
2023-08-26,Papua,7.0,Tidak,2023,8,El Nino 2023
2023-08-27,Sumatera,87.0,Tidak,2023,8,El Nino 2023
2023-08-27,Jawa,89.0,Tidak,2023,8,El Nino 2023
2023-08-27,Kalimantan,340.0,Tidak,2023,8,El Nino 2023
2023-08-27,Sulawesi,69.0,Tidak,2023,8,El Nino 2023
2023-08-27,Bali-Nusa Tenggara,340.0,Tidak,2023,8,El Nino 2023
2023-08-27,Maluku,12.0,Tidak,2023,8,El Nino 2023
2023-08-27,Papua,17.0,Tidak,2023,8,El Nino 2023
2023-08-28,Sumatera,102.0,Tidak,2023,8,El Nino 2023
2023-08-28,Jawa,113.0,Tidak,2023,8,El Nino 2023
2023-08-28,Kalimantan,558.0,Tidak,2023,8,El Nino 2023
2023-08-28,Sulawesi,57.0,Tidak,2023,8,El Nino 2023
2023-08-28,Bali-Nusa Tenggara,144.0,Tidak,2023,8,El Nino 2023
2023-08-28,Maluku,35.0,Tidak,2023,8,El Nino 2023
2023-08-28,Papua,17.0,Tidak,2023,8,El Nino 2023
2023-08-29,Sumatera,87.0,Tidak,2023,8,El Nino 2023
2023-08-29,Jawa,173.0,Tidak,2023,8,El Nino 2023
2023-08-29,Kalimantan,1562.0,Tidak,2023,8,El Nino 2023
2023-08-29,Sulawesi,105.0,Tidak,2023,8,El Nino 2023
2023-08-29,Bali-Nusa Tenggara,228.0,Tidak,2023,8,El Nino 2023
2023-08-29,Maluku,25.0,Tidak,2023,8,El Nino 2023
2023-08-29,Papua,36.0,Tidak,2023,8,El Nino 2023
2023-08-30,Sumatera,151.0,Tidak,2023,8,El Nino 2023
2023-08-30,Jawa,142.0,Tidak,2023,8,El Nino 2023
2023-08-30,Kalimantan,1305.0,Tidak,2023,8,El Nino 2023
2023-08-30,Sulawesi,240.0,Tidak,2023,8,El Nino 2023
2023-08-30,Bali-Nusa Tenggara,519.0,Tidak,2023,8,El Nino 2023
2023-08-30,Maluku,15.0,Tidak,2023,8,El Nino 2023
2023-08-30,Papua,77.0,Tidak,2023,8,El Nino 2023
2023-08-31,Sumatera,230.0,Tidak,2023,8,El Nino 2023
2023-08-31,Jawa,108.0,Tidak,2023,8,El Nino 2023
2023-08-31,Kalimantan,1413.0,Tidak,2023,8,El Nino 2023
2023-08-31,Sulawesi,259.0,Tidak,2023,8,El Nino 2023
2023-08-31,Bali-Nusa Tenggara,625.0,Tidak,2023,8,El Nino 2023
2023-08-31,Maluku,70.0,Tidak,2023,8,El Nino 2023
2023-08-31,Papua,397.0,Tidak,2023,8,El Nino 2023
2023-09-01,Sumatera,592.0,Tidak,2023,9,El Nino 2023
2023-09-01,Jawa,225.0,Tidak,2023,9,El Nino 2023
2023-09-01,Kalimantan,1615.0,Tidak,2023,9,El Nino 2023
2023-09-01,Sulawesi,137.0,Tidak,2023,9,El Nino 2023
2023-09-01,Bali-Nusa Tenggara,588.0,Tidak,2023,9,El Nino 2023
2023-09-01,Maluku,100.0,Tidak,2023,9,El Nino 2023
2023-09-01,Papua,442.0,Tidak,2023,9,El Nino 2023
2023-09-02,Sumatera,447.0,Tidak,2023,9,El Nino 2023
2023-09-02,Jawa,219.0,Tidak,2023,9,El Nino 2023
2023-09-02,Kalimantan,1640.0,Tidak,2023,9,El Nino 2023
2023-09-02,Sulawesi,161.0,Tidak,2023,9,El Nino 2023
2023-09-02,Bali-Nusa Tenggara,375.0,Tidak,2023,9,El Nino 2023
2023-09-02,Maluku,94.0,Tidak,2023,9,El Nino 2023
2023-09-02,Papua,920.0,Tidak,2023,9,El Nino 2023
2023-09-03,Sumatera,353.0,Tidak,2023,9,El Nino 2023
2023-09-03,Jawa,235.0,Tidak,2023,9,El Nino 2023
2023-09-03,Kalimantan,1891.0,Tidak,2023,9,El Nino 2023
2023-09-03,Sulawesi,83.0,Tidak,2023,9,El Nino 2023
2023-09-03,Bali-Nusa Tenggara,283.0,Tidak,2023,9,El Nino 2023
2023-09-03,Maluku,37.0,Tidak,2023,9,El Nino 2023
2023-09-03,Papua,778.0,Tidak,2023,9,El Nino 2023
2023-09-04,Sumatera,405.0,Tidak,2023,9,El Nino 2023
2023-09-04,Jawa,191.0,Tidak,2023,9,El Nino 2023
2023-09-04,Kalimantan,1206.0,Tidak,2023,9,El Nino 2023
2023-09-04,Sulawesi,113.0,Tidak,2023,9,El Nino 2023
2023-09-04,Bali-Nusa Tenggara,228.0,Tidak,2023,9,El Nino 2023
2023-09-04,Maluku,51.0,Tidak,2023,9,El Nino 2023
2023-09-04,Papua,99.0,Tidak,2023,9,El Nino 2023
2023-09-05,Sumatera,253.0,Tidak,2023,9,El Nino 2023
2023-09-05,Jawa,145.0,Tidak,2023,9,El Nino 2023
2023-09-05,Kalimantan,840.0,Tidak,2023,9,El Nino 2023
2023-09-05,Sulawesi,108.0,Tidak,2023,9,El Nino 2023
2023-09-05,Bali-Nusa Tenggara,411.0,Tidak,2023,9,El Nino 2023
2023-09-05,Maluku,75.0,Tidak,2023,9,El Nino 2023
2023-09-05,Papua,51.0,Tidak,2023,9,El Nino 2023
2023-09-06,Sumatera,72.0,Tidak,2023,9,El Nino 2023
2023-09-06,Jawa,104.0,Tidak,2023,9,El Nino 2023
2023-09-06,Kalimantan,296.0,Tidak,2023,9,El Nino 2023
2023-09-06,Sulawesi,125.0,Tidak,2023,9,El Nino 2023
2023-09-06,Bali-Nusa Tenggara,274.0,Tidak,2023,9,El Nino 2023
2023-09-06,Maluku,66.0,Tidak,2023,9,El Nino 2023
2023-09-06,Papua,4.0,Tidak,2023,9,El Nino 2023
2023-09-07,Sumatera,41.0,Tidak,2023,9,El Nino 2023
2023-09-07,Jawa,109.0,Tidak,2023,9,El Nino 2023
2023-09-07,Kalimantan,128.0,Tidak,2023,9,El Nino 2023
2023-09-07,Sulawesi,74.0,Tidak,2023,9,El Nino 2023
2023-09-07,Bali-Nusa Tenggara,240.0,Tidak,2023,9,El Nino 2023
2023-09-07,Maluku,30.0,Tidak,2023,9,El Nino 2023
2023-09-07,Papua,26.0,Tidak,2023,9,El Nino 2023
2023-09-08,Sumatera,100.0,Tidak,2023,9,El Nino 2023
2023-09-08,Jawa,139.0,Tidak,2023,9,El Nino 2023
2023-09-08,Kalimantan,376.0,Tidak,2023,9,El Nino 2023
2023-09-08,Sulawesi,68.0,Tidak,2023,9,El Nino 2023
2023-09-08,Bali-Nusa Tenggara,265.0,Tidak,2023,9,El Nino 2023
2023-09-08,Maluku,31.0,Tidak,2023,9,El Nino 2023
2023-09-08,Papua,13.0,Tidak,2023,9,El Nino 2023
2023-09-09,Sumatera,149.0,Tidak,2023,9,El Nino 2023
2023-09-09,Jawa,167.0,Tidak,2023,9,El Nino 2023
2023-09-09,Kalimantan,517.0,Tidak,2023,9,El Nino 2023
2023-09-09,Sulawesi,64.0,Tidak,2023,9,El Nino 2023
2023-09-09,Bali-Nusa Tenggara,234.0,Tidak,2023,9,El Nino 2023
2023-09-09,Maluku,1.0,Tidak,2023,9,El Nino 2023
2023-09-09,Papua,20.0,Tidak,2023,9,El Nino 2023
2023-09-10,Sumatera,175.0,Tidak,2023,9,El Nino 2023
2023-09-10,Jawa,138.0,Tidak,2023,9,El Nino 2023
2023-09-10,Kalimantan,954.0,Tidak,2023,9,El Nino 2023
2023-09-10,Sulawesi,68.0,Tidak,2023,9,El Nino 2023
2023-09-10,Bali-Nusa Tenggara,249.0,Tidak,2023,9,El Nino 2023
2023-09-10,Maluku,0.0,Tidak,2023,9,El Nino 2023
2023-09-10,Papua,0.0,Tidak,2023,9,El Nino 2023
2023-09-11,Sumatera,395.0,Tidak,2023,9,El Nino 2023
2023-09-11,Jawa,84.0,Tidak,2023,9,El Nino 2023
2023-09-11,Kalimantan,275.0,Tidak,2023,9,El Nino 2023
2023-09-11,Sulawesi,35.0,Tidak,2023,9,El Nino 2023
2023-09-11,Bali-Nusa Tenggara,287.0,Tidak,2023,9,El Nino 2023
2023-09-11,Maluku,10.0,Tidak,2023,9,El Nino 2023
2023-09-11,Papua,34.0,Tidak,2023,9,El Nino 2023
2023-09-12,Sumatera,295.0,Tidak,2023,9,El Nino 2023
2023-09-12,Jawa,161.0,Tidak,2023,9,El Nino 2023
2023-09-12,Kalimantan,115.0,Tidak,2023,9,El Nino 2023
2023-09-12,Sulawesi,30.0,Tidak,2023,9,El Nino 2023
2023-09-12,Bali-Nusa Tenggara,409.0,Tidak,2023,9,El Nino 2023
2023-09-12,Maluku,27.0,Tidak,2023,9,El Nino 2023
2023-09-12,Papua,109.0,Tidak,2023,9,El Nino 2023
2023-09-13,Sumatera,541.0,Tidak,2023,9,El Nino 2023
2023-09-13,Jawa,179.0,Tidak,2023,9,El Nino 2023
2023-09-13,Kalimantan,508.0,Tidak,2023,9,El Nino 2023
2023-09-13,Sulawesi,59.0,Tidak,2023,9,El Nino 2023
2023-09-13,Bali-Nusa Tenggara,463.0,Tidak,2023,9,El Nino 2023
2023-09-13,Maluku,28.0,Tidak,2023,9,El Nino 2023
2023-09-13,Papua,98.0,Tidak,2023,9,El Nino 2023
2023-09-14,Sumatera,435.0,Tidak,2023,9,El Nino 2023
2023-09-14,Jawa,60.0,Tidak,2023,9,El Nino 2023
2023-09-14,Kalimantan,353.0,Tidak,2023,9,El Nino 2023
2023-09-14,Sulawesi,51.0,Tidak,2023,9,El Nino 2023
2023-09-14,Bali-Nusa Tenggara,130.0,Tidak,2023,9,El Nino 2023
2023-09-14,Maluku,37.0,Tidak,2023,9,El Nino 2023
2023-09-14,Papua,116.0,Tidak,2023,9,El Nino 2023
2023-09-15,Sumatera,581.0,Tidak,2023,9,El Nino 2023
2023-09-15,Jawa,82.0,Tidak,2023,9,El Nino 2023
2023-09-15,Kalimantan,360.0,Tidak,2023,9,El Nino 2023
2023-09-15,Sulawesi,106.0,Tidak,2023,9,El Nino 2023
2023-09-15,Bali-Nusa Tenggara,403.0,Tidak,2023,9,El Nino 2023
2023-09-15,Maluku,33.0,Tidak,2023,9,El Nino 2023
2023-09-15,Papua,104.0,Tidak,2023,9,El Nino 2023
2023-09-16,Sumatera,791.0,Tidak,2023,9,El Nino 2023
2023-09-16,Jawa,48.0,Tidak,2023,9,El Nino 2023
2023-09-16,Kalimantan,170.0,Tidak,2023,9,El Nino 2023
2023-09-16,Sulawesi,121.0,Tidak,2023,9,El Nino 2023
2023-09-16,Bali-Nusa Tenggara,414.0,Tidak,2023,9,El Nino 2023
2023-09-16,Maluku,32.0,Tidak,2023,9,El Nino 2023
2023-09-16,Papua,201.0,Tidak,2023,9,El Nino 2023
2023-09-17,Sumatera,248.0,Tidak,2023,9,El Nino 2023
2023-09-17,Jawa,34.0,Tidak,2023,9,El Nino 2023
2023-09-17,Kalimantan,27.0,Tidak,2023,9,El Nino 2023
2023-09-17,Sulawesi,45.0,Tidak,2023,9,El Nino 2023
2023-09-17,Bali-Nusa Tenggara,309.0,Tidak,2023,9,El Nino 2023
2023-09-17,Maluku,25.0,Tidak,2023,9,El Nino 2023
2023-09-17,Papua,174.0,Tidak,2023,9,El Nino 2023
2023-09-18,Sumatera,280.0,Tidak,2023,9,El Nino 2023
2023-09-18,Jawa,98.0,Tidak,2023,9,El Nino 2023
2023-09-18,Kalimantan,120.0,Tidak,2023,9,El Nino 2023
2023-09-18,Sulawesi,51.0,Tidak,2023,9,El Nino 2023
2023-09-18,Bali-Nusa Tenggara,228.0,Tidak,2023,9,El Nino 2023
2023-09-18,Maluku,48.0,Tidak,2023,9,El Nino 2023
2023-09-18,Papua,289.0,Tidak,2023,9,El Nino 2023
2023-09-19,Sumatera,134.0,Tidak,2023,9,El Nino 2023
2023-09-19,Jawa,85.0,Tidak,2023,9,El Nino 2023
2023-09-19,Kalimantan,122.0,Tidak,2023,9,El Nino 2023
2023-09-19,Sulawesi,40.0,Tidak,2023,9,El Nino 2023
2023-09-19,Bali-Nusa Tenggara,306.0,Tidak,2023,9,El Nino 2023
2023-09-19,Maluku,25.0,Tidak,2023,9,El Nino 2023
2023-09-19,Papua,220.0,Tidak,2023,9,El Nino 2023
2023-09-20,Sumatera,116.0,Tidak,2023,9,El Nino 2023
2023-09-20,Jawa,102.0,Tidak,2023,9,El Nino 2023
2023-09-20,Kalimantan,538.0,Tidak,2023,9,El Nino 2023
2023-09-20,Sulawesi,139.0,Tidak,2023,9,El Nino 2023
2023-09-20,Bali-Nusa Tenggara,468.0,Tidak,2023,9,El Nino 2023
2023-09-20,Maluku,31.0,Tidak,2023,9,El Nino 2023
2023-09-20,Papua,340.0,Tidak,2023,9,El Nino 2023
2023-09-21,Sumatera,171.0,Tidak,2023,9,El Nino 2023
2023-09-21,Jawa,89.0,Tidak,2023,9,El Nino 2023
2023-09-21,Kalimantan,869.0,Tidak,2023,9,El Nino 2023
2023-09-21,Sulawesi,228.0,Tidak,2023,9,El Nino 2023
2023-09-21,Bali-Nusa Tenggara,473.0,Tidak,2023,9,El Nino 2023
2023-09-21,Maluku,20.0,Tidak,2023,9,El Nino 2023
2023-09-21,Papua,177.0,Tidak,2023,9,El Nino 2023
2023-09-22,Sumatera,605.0,Tidak,2023,9,El Nino 2023
2023-09-22,Jawa,168.0,Tidak,2023,9,El Nino 2023
2023-09-22,Kalimantan,879.0,Tidak,2023,9,El Nino 2023
2023-09-22,Sulawesi,154.0,Tidak,2023,9,El Nino 2023
2023-09-22,Bali-Nusa Tenggara,327.0,Tidak,2023,9,El Nino 2023
2023-09-22,Maluku,97.0,Tidak,2023,9,El Nino 2023
2023-09-22,Papua,356.0,Tidak,2023,9,El Nino 2023
2023-09-23,Sumatera,595.0,Tidak,2023,9,El Nino 2023
2023-09-23,Jawa,112.0,Tidak,2023,9,El Nino 2023
2023-09-23,Kalimantan,1065.0,Tidak,2023,9,El Nino 2023
2023-09-23,Sulawesi,241.0,Tidak,2023,9,El Nino 2023
2023-09-23,Bali-Nusa Tenggara,323.0,Tidak,2023,9,El Nino 2023
2023-09-23,Maluku,145.0,Tidak,2023,9,El Nino 2023
2023-09-23,Papua,148.0,Tidak,2023,9,El Nino 2023
2023-09-24,Sumatera,295.0,Tidak,2023,9,El Nino 2023
2023-09-24,Jawa,215.0,Tidak,2023,9,El Nino 2023
2023-09-24,Kalimantan,1463.0,Tidak,2023,9,El Nino 2023
2023-09-24,Sulawesi,168.0,Tidak,2023,9,El Nino 2023
2023-09-24,Bali-Nusa Tenggara,208.0,Tidak,2023,9,El Nino 2023
2023-09-24,Maluku,80.0,Tidak,2023,9,El Nino 2023
2023-09-24,Papua,64.0,Tidak,2023,9,El Nino 2023
2023-09-25,Sumatera,824.0,Tidak,2023,9,El Nino 2023
2023-09-25,Jawa,154.0,Tidak,2023,9,El Nino 2023
2023-09-25,Kalimantan,2382.0,Tidak,2023,9,El Nino 2023
2023-09-25,Sulawesi,257.0,Tidak,2023,9,El Nino 2023
2023-09-25,Bali-Nusa Tenggara,382.0,Tidak,2023,9,El Nino 2023
2023-09-25,Maluku,88.0,Tidak,2023,9,El Nino 2023
2023-09-25,Papua,9.0,Tidak,2023,9,El Nino 2023
2023-09-26,Sumatera,828.0,Tidak,2023,9,El Nino 2023
2023-09-26,Jawa,149.0,Tidak,2023,9,El Nino 2023
2023-09-26,Kalimantan,2569.0,Tidak,2023,9,El Nino 2023
2023-09-26,Sulawesi,431.0,Tidak,2023,9,El Nino 2023
2023-09-26,Bali-Nusa Tenggara,530.0,Tidak,2023,9,El Nino 2023
2023-09-26,Maluku,55.0,Tidak,2023,9,El Nino 2023
2023-09-26,Papua,7.0,Tidak,2023,9,El Nino 2023
2023-09-27,Sumatera,1600.0,Tidak,2023,9,El Nino 2023
2023-09-27,Jawa,135.0,Tidak,2023,9,El Nino 2023
2023-09-27,Kalimantan,2254.0,Tidak,2023,9,El Nino 2023
2023-09-27,Sulawesi,278.0,Tidak,2023,9,El Nino 2023
2023-09-27,Bali-Nusa Tenggara,584.0,Tidak,2023,9,El Nino 2023
2023-09-27,Maluku,115.0,Tidak,2023,9,El Nino 2023
2023-09-27,Papua,1.0,Tidak,2023,9,El Nino 2023
2023-09-28,Sumatera,2090.0,Tidak,2023,9,El Nino 2023
2023-09-28,Jawa,133.0,Tidak,2023,9,El Nino 2023
2023-09-28,Kalimantan,2183.0,Tidak,2023,9,El Nino 2023
2023-09-28,Sulawesi,335.0,Tidak,2023,9,El Nino 2023
2023-09-28,Bali-Nusa Tenggara,534.0,Tidak,2023,9,El Nino 2023
2023-09-28,Maluku,82.0,Tidak,2023,9,El Nino 2023
2023-09-28,Papua,29.0,Tidak,2023,9,El Nino 2023
2023-09-29,Sumatera,973.0,Tidak,2023,9,El Nino 2023
2023-09-29,Jawa,232.0,Tidak,2023,9,El Nino 2023
2023-09-29,Kalimantan,1585.0,Tidak,2023,9,El Nino 2023
2023-09-29,Sulawesi,98.0,Tidak,2023,9,El Nino 2023
2023-09-29,Bali-Nusa Tenggara,319.0,Tidak,2023,9,El Nino 2023
2023-09-29,Maluku,54.0,Tidak,2023,9,El Nino 2023
2023-09-29,Papua,22.0,Tidak,2023,9,El Nino 2023
2023-09-30,Sumatera,833.0,Tidak,2023,9,El Nino 2023
2023-09-30,Jawa,258.0,Tidak,2023,9,El Nino 2023
2023-09-30,Kalimantan,1758.0,Tidak,2023,9,El Nino 2023
2023-09-30,Sulawesi,166.0,Tidak,2023,9,El Nino 2023
2023-09-30,Bali-Nusa Tenggara,313.0,Tidak,2023,9,El Nino 2023
2023-09-30,Maluku,46.0,Tidak,2023,9,El Nino 2023
2023-09-30,Papua,36.0,Tidak,2023,9,El Nino 2023
2023-10-01,Sumatera,676.0,Tidak,2023,10,El Nino 2023
2023-10-01,Jawa,207.0,Tidak,2023,10,El Nino 2023
2023-10-01,Kalimantan,1721.0,Tidak,2023,10,El Nino 2023
2023-10-01,Sulawesi,212.0,Tidak,2023,10,El Nino 2023
2023-10-01,Bali-Nusa Tenggara,395.0,Tidak,2023,10,El Nino 2023
2023-10-01,Maluku,13.0,Tidak,2023,10,El Nino 2023
2023-10-01,Papua,9.0,Tidak,2023,10,El Nino 2023
2023-10-02,Sumatera,547.0,Tidak,2023,10,El Nino 2023
2023-10-02,Jawa,95.0,Tidak,2023,10,El Nino 2023
2023-10-02,Kalimantan,2869.0,Tidak,2023,10,El Nino 2023
2023-10-02,Sulawesi,138.0,Tidak,2023,10,El Nino 2023
2023-10-02,Bali-Nusa Tenggara,443.0,Tidak,2023,10,El Nino 2023
2023-10-02,Maluku,15.0,Tidak,2023,10,El Nino 2023
2023-10-02,Papua,15.0,Tidak,2023,10,El Nino 2023
2023-10-03,Sumatera,698.0,Tidak,2023,10,El Nino 2023
2023-10-03,Jawa,51.0,Tidak,2023,10,El Nino 2023
2023-10-03,Kalimantan,1991.0,Tidak,2023,10,El Nino 2023
2023-10-03,Sulawesi,125.0,Tidak,2023,10,El Nino 2023
2023-10-03,Bali-Nusa Tenggara,247.0,Tidak,2023,10,El Nino 2023
2023-10-03,Maluku,39.0,Tidak,2023,10,El Nino 2023
2023-10-03,Papua,12.0,Tidak,2023,10,El Nino 2023
2023-10-04,Sumatera,452.0,Tidak,2023,10,El Nino 2023
2023-10-04,Jawa,151.0,Tidak,2023,10,El Nino 2023
2023-10-04,Kalimantan,1368.0,Tidak,2023,10,El Nino 2023
2023-10-04,Sulawesi,212.0,Tidak,2023,10,El Nino 2023
2023-10-04,Bali-Nusa Tenggara,334.0,Tidak,2023,10,El Nino 2023
2023-10-04,Maluku,75.0,Tidak,2023,10,El Nino 2023
2023-10-04,Papua,127.0,Tidak,2023,10,El Nino 2023
2023-10-05,Sumatera,811.0,Tidak,2023,10,El Nino 2023
2023-10-05,Jawa,137.0,Tidak,2023,10,El Nino 2023
2023-10-05,Kalimantan,1331.0,Tidak,2023,10,El Nino 2023
2023-10-05,Sulawesi,143.0,Tidak,2023,10,El Nino 2023
2023-10-05,Bali-Nusa Tenggara,250.0,Tidak,2023,10,El Nino 2023
2023-10-05,Maluku,66.0,Tidak,2023,10,El Nino 2023
2023-10-05,Papua,466.0,Tidak,2023,10,El Nino 2023
2023-10-06,Sumatera,804.0,Tidak,2023,10,El Nino 2023
2023-10-06,Jawa,118.0,Tidak,2023,10,El Nino 2023
2023-10-06,Kalimantan,1344.0,Tidak,2023,10,El Nino 2023
2023-10-06,Sulawesi,264.0,Tidak,2023,10,El Nino 2023
2023-10-06,Bali-Nusa Tenggara,331.0,Tidak,2023,10,El Nino 2023
2023-10-06,Maluku,32.0,Tidak,2023,10,El Nino 2023
2023-10-06,Papua,396.0,Tidak,2023,10,El Nino 2023
2023-10-07,Sumatera,1251.0,Tidak,2023,10,El Nino 2023
2023-10-07,Jawa,36.0,Tidak,2023,10,El Nino 2023
2023-10-07,Kalimantan,1377.0,Tidak,2023,10,El Nino 2023
2023-10-07,Sulawesi,339.0,Tidak,2023,10,El Nino 2023
2023-10-07,Bali-Nusa Tenggara,393.0,Tidak,2023,10,El Nino 2023
2023-10-07,Maluku,51.0,Tidak,2023,10,El Nino 2023
2023-10-07,Papua,43.0,Tidak,2023,10,El Nino 2023
2023-10-08,Sumatera,1045.0,Tidak,2023,10,El Nino 2023
2023-10-08,Jawa,94.0,Tidak,2023,10,El Nino 2023
2023-10-08,Kalimantan,266.0,Tidak,2023,10,El Nino 2023
2023-10-08,Sulawesi,204.0,Tidak,2023,10,El Nino 2023
2023-10-08,Bali-Nusa Tenggara,329.0,Tidak,2023,10,El Nino 2023
2023-10-08,Maluku,78.0,Tidak,2023,10,El Nino 2023
2023-10-08,Papua,523.0,Tidak,2023,10,El Nino 2023
2023-10-09,Sumatera,273.0,Tidak,2023,10,El Nino 2023
2023-10-09,Jawa,117.0,Tidak,2023,10,El Nino 2023
2023-10-09,Kalimantan,140.0,Tidak,2023,10,El Nino 2023
2023-10-09,Sulawesi,131.0,Tidak,2023,10,El Nino 2023
2023-10-09,Bali-Nusa Tenggara,261.0,Tidak,2023,10,El Nino 2023
2023-10-09,Maluku,103.0,Tidak,2023,10,El Nino 2023
2023-10-09,Papua,629.0,Tidak,2023,10,El Nino 2023
2023-10-10,Sumatera,234.0,Tidak,2023,10,El Nino 2023
2023-10-10,Jawa,106.0,Tidak,2023,10,El Nino 2023
2023-10-10,Kalimantan,500.0,Tidak,2023,10,El Nino 2023
2023-10-10,Sulawesi,217.0,Tidak,2023,10,El Nino 2023
2023-10-10,Bali-Nusa Tenggara,252.0,Tidak,2023,10,El Nino 2023
2023-10-10,Maluku,138.0,Tidak,2023,10,El Nino 2023
2023-10-10,Papua,291.0,Tidak,2023,10,El Nino 2023
2023-10-11,Sumatera,505.0,Tidak,2023,10,El Nino 2023
2023-10-11,Jawa,63.0,Tidak,2023,10,El Nino 2023
2023-10-11,Kalimantan,604.0,Tidak,2023,10,El Nino 2023
2023-10-11,Sulawesi,264.0,Tidak,2023,10,El Nino 2023
2023-10-11,Bali-Nusa Tenggara,262.0,Tidak,2023,10,El Nino 2023
2023-10-11,Maluku,14.0,Tidak,2023,10,El Nino 2023
2023-10-11,Papua,297.0,Tidak,2023,10,El Nino 2023
2023-10-12,Sumatera,598.0,Tidak,2023,10,El Nino 2023
2023-10-12,Jawa,44.0,Tidak,2023,10,El Nino 2023
2023-10-12,Kalimantan,681.0,Tidak,2023,10,El Nino 2023
2023-10-12,Sulawesi,389.0,Tidak,2023,10,El Nino 2023
2023-10-12,Bali-Nusa Tenggara,266.0,Tidak,2023,10,El Nino 2023
2023-10-12,Maluku,28.0,Tidak,2023,10,El Nino 2023
2023-10-12,Papua,3.0,Tidak,2023,10,El Nino 2023
2023-10-13,Sumatera,949.0,Tidak,2023,10,El Nino 2023
2023-10-13,Jawa,42.0,Tidak,2023,10,El Nino 2023
2023-10-13,Kalimantan,1236.0,Tidak,2023,10,El Nino 2023
2023-10-13,Sulawesi,165.0,Tidak,2023,10,El Nino 2023
2023-10-13,Bali-Nusa Tenggara,409.0,Tidak,2023,10,El Nino 2023
2023-10-13,Maluku,50.0,Tidak,2023,10,El Nino 2023
2023-10-13,Papua,11.0,Tidak,2023,10,El Nino 2023
2023-10-14,Sumatera,1460.0,Tidak,2023,10,El Nino 2023
2023-10-14,Jawa,88.0,Tidak,2023,10,El Nino 2023
2023-10-14,Kalimantan,313.0,Tidak,2023,10,El Nino 2023
2023-10-14,Sulawesi,166.0,Tidak,2023,10,El Nino 2023
2023-10-14,Bali-Nusa Tenggara,328.0,Tidak,2023,10,El Nino 2023
2023-10-14,Maluku,39.0,Tidak,2023,10,El Nino 2023
2023-10-14,Papua,66.0,Tidak,2023,10,El Nino 2023
2023-10-15,Sumatera,536.0,Tidak,2023,10,El Nino 2023
2023-10-15,Jawa,131.0,Tidak,2023,10,El Nino 2023
2023-10-15,Kalimantan,478.0,Tidak,2023,10,El Nino 2023
2023-10-15,Sulawesi,178.0,Tidak,2023,10,El Nino 2023
2023-10-15,Bali-Nusa Tenggara,286.0,Tidak,2023,10,El Nino 2023
2023-10-15,Maluku,38.0,Tidak,2023,10,El Nino 2023
2023-10-15,Papua,114.0,Tidak,2023,10,El Nino 2023
2023-10-16,Sumatera,2017.0,Tidak,2023,10,El Nino 2023
2023-10-16,Jawa,122.0,Tidak,2023,10,El Nino 2023
2023-10-16,Kalimantan,1275.0,Tidak,2023,10,El Nino 2023
2023-10-16,Sulawesi,222.0,Tidak,2023,10,El Nino 2023
2023-10-16,Bali-Nusa Tenggara,310.0,Tidak,2023,10,El Nino 2023
2023-10-16,Maluku,71.0,Tidak,2023,10,El Nino 2023
2023-10-16,Papua,707.0,Tidak,2023,10,El Nino 2023
2023-10-17,Sumatera,1824.0,Tidak,2023,10,El Nino 2023
2023-10-17,Jawa,147.0,Tidak,2023,10,El Nino 2023
2023-10-17,Kalimantan,662.0,Tidak,2023,10,El Nino 2023
2023-10-17,Sulawesi,131.0,Tidak,2023,10,El Nino 2023
2023-10-17,Bali-Nusa Tenggara,522.0,Tidak,2023,10,El Nino 2023
2023-10-17,Maluku,63.0,Tidak,2023,10,El Nino 2023
2023-10-17,Papua,354.0,Tidak,2023,10,El Nino 2023
2023-10-18,Sumatera,995.0,Tidak,2023,10,El Nino 2023
2023-10-18,Jawa,106.0,Tidak,2023,10,El Nino 2023
2023-10-18,Kalimantan,215.0,Tidak,2023,10,El Nino 2023
2023-10-18,Sulawesi,181.0,Tidak,2023,10,El Nino 2023
2023-10-18,Bali-Nusa Tenggara,768.0,Tidak,2023,10,El Nino 2023
2023-10-18,Maluku,49.0,Tidak,2023,10,El Nino 2023
2023-10-18,Papua,62.0,Tidak,2023,10,El Nino 2023
2023-10-19,Sumatera,128.0,Tidak,2023,10,El Nino 2023
2023-10-19,Jawa,96.0,Tidak,2023,10,El Nino 2023
2023-10-19,Kalimantan,30.0,Tidak,2023,10,El Nino 2023
2023-10-19,Sulawesi,125.0,Tidak,2023,10,El Nino 2023
2023-10-19,Bali-Nusa Tenggara,518.0,Tidak,2023,10,El Nino 2023
2023-10-19,Maluku,149.0,Tidak,2023,10,El Nino 2023
2023-10-19,Papua,57.0,Tidak,2023,10,El Nino 2023
2023-10-20,Sumatera,124.0,Tidak,2023,10,El Nino 2023
2023-10-20,Jawa,89.0,Tidak,2023,10,El Nino 2023
2023-10-20,Kalimantan,53.0,Tidak,2023,10,El Nino 2023
2023-10-20,Sulawesi,121.0,Tidak,2023,10,El Nino 2023
2023-10-20,Bali-Nusa Tenggara,250.0,Tidak,2023,10,El Nino 2023
2023-10-20,Maluku,95.0,Tidak,2023,10,El Nino 2023
2023-10-20,Papua,81.0,Tidak,2023,10,El Nino 2023
2023-10-21,Sumatera,257.0,Tidak,2023,10,El Nino 2023
2023-10-21,Jawa,159.0,Tidak,2023,10,El Nino 2023
2023-10-21,Kalimantan,152.0,Tidak,2023,10,El Nino 2023
2023-10-21,Sulawesi,168.0,Tidak,2023,10,El Nino 2023
2023-10-21,Bali-Nusa Tenggara,233.0,Tidak,2023,10,El Nino 2023
2023-10-21,Maluku,61.0,Tidak,2023,10,El Nino 2023
2023-10-21,Papua,521.0,Tidak,2023,10,El Nino 2023
2023-10-22,Sumatera,359.0,Tidak,2023,10,El Nino 2023
2023-10-22,Jawa,63.0,Tidak,2023,10,El Nino 2023
2023-10-22,Kalimantan,89.0,Tidak,2023,10,El Nino 2023
2023-10-22,Sulawesi,181.0,Tidak,2023,10,El Nino 2023
2023-10-22,Bali-Nusa Tenggara,308.0,Tidak,2023,10,El Nino 2023
2023-10-22,Maluku,39.0,Tidak,2023,10,El Nino 2023
2023-10-22,Papua,286.0,Tidak,2023,10,El Nino 2023
2023-10-23,Sumatera,300.0,Tidak,2023,10,El Nino 2023
2023-10-23,Jawa,31.0,Tidak,2023,10,El Nino 2023
2023-10-23,Kalimantan,120.0,Tidak,2023,10,El Nino 2023
2023-10-23,Sulawesi,180.0,Tidak,2023,10,El Nino 2023
2023-10-23,Bali-Nusa Tenggara,343.0,Tidak,2023,10,El Nino 2023
2023-10-23,Maluku,109.0,Tidak,2023,10,El Nino 2023
2023-10-23,Papua,830.0,Tidak,2023,10,El Nino 2023
2023-10-24,Sumatera,371.0,Tidak,2023,10,El Nino 2023
2023-10-24,Jawa,18.0,Tidak,2023,10,El Nino 2023
2023-10-24,Kalimantan,69.0,Tidak,2023,10,El Nino 2023
2023-10-24,Sulawesi,113.0,Tidak,2023,10,El Nino 2023
2023-10-24,Bali-Nusa Tenggara,368.0,Tidak,2023,10,El Nino 2023
2023-10-24,Maluku,164.0,Tidak,2023,10,El Nino 2023
2023-10-24,Papua,361.0,Tidak,2023,10,El Nino 2023
2023-10-25,Sumatera,555.0,Tidak,2023,10,El Nino 2023
2023-10-25,Jawa,56.0,Tidak,2023,10,El Nino 2023
2023-10-25,Kalimantan,173.0,Tidak,2023,10,El Nino 2023
2023-10-25,Sulawesi,209.0,Tidak,2023,10,El Nino 2023
2023-10-25,Bali-Nusa Tenggara,314.0,Tidak,2023,10,El Nino 2023
2023-10-25,Maluku,239.0,Tidak,2023,10,El Nino 2023
2023-10-25,Papua,758.0,Tidak,2023,10,El Nino 2023
2023-10-26,Sumatera,425.0,Tidak,2023,10,El Nino 2023
2023-10-26,Jawa,105.0,Tidak,2023,10,El Nino 2023
2023-10-26,Kalimantan,326.0,Tidak,2023,10,El Nino 2023
2023-10-26,Sulawesi,271.0,Tidak,2023,10,El Nino 2023
2023-10-26,Bali-Nusa Tenggara,289.0,Tidak,2023,10,El Nino 2023
2023-10-26,Maluku,143.0,Tidak,2023,10,El Nino 2023
2023-10-26,Papua,1277.0,Tidak,2023,10,El Nino 2023
2023-10-27,Sumatera,604.0,Tidak,2023,10,El Nino 2023
2023-10-27,Jawa,263.0,Tidak,2023,10,El Nino 2023
2023-10-27,Kalimantan,591.0,Tidak,2023,10,El Nino 2023
2023-10-27,Sulawesi,372.0,Tidak,2023,10,El Nino 2023
2023-10-27,Bali-Nusa Tenggara,252.0,Tidak,2023,10,El Nino 2023
2023-10-27,Maluku,128.0,Tidak,2023,10,El Nino 2023
2023-10-27,Papua,492.0,Tidak,2023,10,El Nino 2023
2023-10-28,Sumatera,511.0,Tidak,2023,10,El Nino 2023
2023-10-28,Jawa,215.0,Tidak,2023,10,El Nino 2023
2023-10-28,Kalimantan,611.0,Tidak,2023,10,El Nino 2023
2023-10-28,Sulawesi,490.0,Tidak,2023,10,El Nino 2023
2023-10-28,Bali-Nusa Tenggara,349.0,Tidak,2023,10,El Nino 2023
2023-10-28,Maluku,95.0,Tidak,2023,10,El Nino 2023
2023-10-28,Papua,24.0,Tidak,2023,10,El Nino 2023
2023-10-29,Sumatera,1326.0,Tidak,2023,10,El Nino 2023
2023-10-29,Jawa,85.0,Tidak,2023,10,El Nino 2023
2023-10-29,Kalimantan,905.0,Tidak,2023,10,El Nino 2023
2023-10-29,Sulawesi,323.0,Tidak,2023,10,El Nino 2023
2023-10-29,Bali-Nusa Tenggara,407.0,Tidak,2023,10,El Nino 2023
2023-10-29,Maluku,69.0,Tidak,2023,10,El Nino 2023
2023-10-29,Papua,7.0,Tidak,2023,10,El Nino 2023
2023-10-30,Sumatera,863.0,Tidak,2023,10,El Nino 2023
2023-10-30,Jawa,69.0,Tidak,2023,10,El Nino 2023
2023-10-30,Kalimantan,917.0,Tidak,2023,10,El Nino 2023
2023-10-30,Sulawesi,202.0,Tidak,2023,10,El Nino 2023
2023-10-30,Bali-Nusa Tenggara,314.0,Tidak,2023,10,El Nino 2023
2023-10-30,Maluku,83.0,Tidak,2023,10,El Nino 2023
2023-10-30,Papua,36.0,Tidak,2023,10,El Nino 2023
2023-10-31,Sumatera,123.0,Tidak,2023,10,El Nino 2023
2023-10-31,Jawa,72.0,Tidak,2023,10,El Nino 2023
2023-10-31,Kalimantan,342.0,Tidak,2023,10,El Nino 2023
2023-10-31,Sulawesi,130.0,Tidak,2023,10,El Nino 2023
2023-10-31,Bali-Nusa Tenggara,262.0,Tidak,2023,10,El Nino 2023
2023-10-31,Maluku,33.0,Tidak,2023,10,El Nino 2023
2023-10-31,Papua,189.0,Tidak,2023,10,El Nino 2023
2023-11-01,Sumatera,67.0,Tidak,2023,11,El Nino 2023
2023-11-01,Jawa,47.0,Tidak,2023,11,El Nino 2023
2023-11-01,Kalimantan,533.0,Tidak,2023,11,El Nino 2023
2023-11-01,Sulawesi,84.0,Tidak,2023,11,El Nino 2023
2023-11-01,Bali-Nusa Tenggara,183.0,Tidak,2023,11,El Nino 2023
2023-11-01,Maluku,43.0,Tidak,2023,11,El Nino 2023
2023-11-01,Papua,649.0,Tidak,2023,11,El Nino 2023
2023-11-02,Sumatera,258.0,Tidak,2023,11,El Nino 2023
2023-11-02,Jawa,24.0,Tidak,2023,11,El Nino 2023
2023-11-02,Kalimantan,16.0,Tidak,2023,11,El Nino 2023
2023-11-02,Sulawesi,6.0,Tidak,2023,11,El Nino 2023
2023-11-02,Bali-Nusa Tenggara,15.0,Tidak,2023,11,El Nino 2023
2023-11-02,Maluku,38.0,Tidak,2023,11,El Nino 2023
2023-11-02,Papua,11.0,Tidak,2023,11,El Nino 2023
2023-11-03,Sumatera,294.0,Tidak,2023,11,El Nino 2023
2023-11-03,Jawa,21.0,Tidak,2023,11,El Nino 2023
2023-11-03,Kalimantan,61.0,Tidak,2023,11,El Nino 2023
2023-11-03,Sulawesi,139.0,Tidak,2023,11,El Nino 2023
2023-11-03,Bali-Nusa Tenggara,291.0,Tidak,2023,11,El Nino 2023
2023-11-03,Maluku,76.0,Tidak,2023,11,El Nino 2023
2023-11-03,Papua,47.0,Tidak,2023,11,El Nino 2023
2023-11-04,Sumatera,132.0,Tidak,2023,11,El Nino 2023
2023-11-04,Jawa,10.0,Tidak,2023,11,El Nino 2023
2023-11-04,Kalimantan,80.0,Tidak,2023,11,El Nino 2023
2023-11-04,Sulawesi,55.0,Tidak,2023,11,El Nino 2023
2023-11-04,Bali-Nusa Tenggara,254.0,Tidak,2023,11,El Nino 2023
2023-11-04,Maluku,74.0,Tidak,2023,11,El Nino 2023
2023-11-04,Papua,26.0,Tidak,2023,11,El Nino 2023
2023-11-05,Sumatera,115.0,Tidak,2023,11,El Nino 2023
2023-11-05,Jawa,34.0,Tidak,2023,11,El Nino 2023
2023-11-05,Kalimantan,136.0,Tidak,2023,11,El Nino 2023
2023-11-05,Sulawesi,103.0,Tidak,2023,11,El Nino 2023
2023-11-05,Bali-Nusa Tenggara,212.0,Tidak,2023,11,El Nino 2023
2023-11-05,Maluku,74.0,Tidak,2023,11,El Nino 2023
2023-11-05,Papua,130.0,Tidak,2023,11,El Nino 2023
2023-11-06,Sumatera,134.0,Tidak,2023,11,El Nino 2023
2023-11-06,Jawa,58.0,Tidak,2023,11,El Nino 2023
2023-11-06,Kalimantan,125.0,Tidak,2023,11,El Nino 2023
2023-11-06,Sulawesi,84.0,Tidak,2023,11,El Nino 2023
2023-11-06,Bali-Nusa Tenggara,173.0,Tidak,2023,11,El Nino 2023
2023-11-06,Maluku,42.0,Tidak,2023,11,El Nino 2023
2023-11-06,Papua,195.0,Tidak,2023,11,El Nino 2023
2023-11-07,Sumatera,102.0,Tidak,2023,11,El Nino 2023
2023-11-07,Jawa,37.0,Tidak,2023,11,El Nino 2023
2023-11-07,Kalimantan,137.0,Tidak,2023,11,El Nino 2023
2023-11-07,Sulawesi,106.0,Tidak,2023,11,El Nino 2023
2023-11-07,Bali-Nusa Tenggara,149.0,Tidak,2023,11,El Nino 2023
2023-11-07,Maluku,25.0,Tidak,2023,11,El Nino 2023
2023-11-07,Papua,87.0,Tidak,2023,11,El Nino 2023
2023-11-08,Sumatera,231.0,Tidak,2023,11,El Nino 2023
2023-11-08,Jawa,47.0,Tidak,2023,11,El Nino 2023
2023-11-08,Kalimantan,122.0,Tidak,2023,11,El Nino 2023
2023-11-08,Sulawesi,246.0,Tidak,2023,11,El Nino 2023
2023-11-08,Bali-Nusa Tenggara,209.0,Tidak,2023,11,El Nino 2023
2023-11-08,Maluku,42.0,Tidak,2023,11,El Nino 2023
2023-11-08,Papua,188.0,Tidak,2023,11,El Nino 2023
2023-11-09,Sumatera,341.0,Tidak,2023,11,El Nino 2023
2023-11-09,Jawa,7.0,Tidak,2023,11,El Nino 2023
2023-11-09,Kalimantan,92.0,Tidak,2023,11,El Nino 2023
2023-11-09,Sulawesi,89.0,Tidak,2023,11,El Nino 2023
2023-11-09,Bali-Nusa Tenggara,217.0,Tidak,2023,11,El Nino 2023
2023-11-09,Maluku,45.0,Tidak,2023,11,El Nino 2023
2023-11-09,Papua,195.0,Tidak,2023,11,El Nino 2023
2023-11-10,Sumatera,220.0,Tidak,2023,11,El Nino 2023
2023-11-10,Jawa,14.0,Tidak,2023,11,El Nino 2023
2023-11-10,Kalimantan,111.0,Tidak,2023,11,El Nino 2023
2023-11-10,Sulawesi,64.0,Tidak,2023,11,El Nino 2023
2023-11-10,Bali-Nusa Tenggara,120.0,Tidak,2023,11,El Nino 2023
2023-11-10,Maluku,61.0,Tidak,2023,11,El Nino 2023
2023-11-10,Papua,131.0,Tidak,2023,11,El Nino 2023
2023-11-11,Sumatera,89.0,Tidak,2023,11,El Nino 2023
2023-11-11,Jawa,26.0,Tidak,2023,11,El Nino 2023
2023-11-11,Kalimantan,146.0,Tidak,2023,11,El Nino 2023
2023-11-11,Sulawesi,61.0,Tidak,2023,11,El Nino 2023
2023-11-11,Bali-Nusa Tenggara,71.0,Tidak,2023,11,El Nino 2023
2023-11-11,Maluku,55.0,Tidak,2023,11,El Nino 2023
2023-11-11,Papua,486.0,Tidak,2023,11,El Nino 2023
2023-11-12,Sumatera,104.0,Tidak,2023,11,El Nino 2023
2023-11-12,Jawa,17.0,Tidak,2023,11,El Nino 2023
2023-11-12,Kalimantan,28.0,Tidak,2023,11,El Nino 2023
2023-11-12,Sulawesi,71.0,Tidak,2023,11,El Nino 2023
2023-11-12,Bali-Nusa Tenggara,86.0,Tidak,2023,11,El Nino 2023
2023-11-12,Maluku,15.0,Tidak,2023,11,El Nino 2023
2023-11-12,Papua,1404.0,Tidak,2023,11,El Nino 2023
2023-11-13,Sumatera,145.0,Tidak,2023,11,El Nino 2023
2023-11-13,Jawa,21.0,Tidak,2023,11,El Nino 2023
2023-11-13,Kalimantan,51.0,Tidak,2023,11,El Nino 2023
2023-11-13,Sulawesi,116.0,Tidak,2023,11,El Nino 2023
2023-11-13,Bali-Nusa Tenggara,125.0,Tidak,2023,11,El Nino 2023
2023-11-13,Maluku,21.0,Tidak,2023,11,El Nino 2023
2023-11-13,Papua,500.0,Tidak,2023,11,El Nino 2023
2023-11-14,Sumatera,32.0,Tidak,2023,11,El Nino 2023
2023-11-14,Jawa,2.0,Tidak,2023,11,El Nino 2023
2023-11-14,Kalimantan,77.0,Tidak,2023,11,El Nino 2023
2023-11-14,Sulawesi,104.0,Tidak,2023,11,El Nino 2023
2023-11-14,Bali-Nusa Tenggara,164.0,Tidak,2023,11,El Nino 2023
2023-11-14,Maluku,33.0,Tidak,2023,11,El Nino 2023
2023-11-14,Papua,199.0,Tidak,2023,11,El Nino 2023
2023-11-15,Sumatera,73.0,Tidak,2023,11,El Nino 2023
2023-11-15,Jawa,4.0,Tidak,2023,11,El Nino 2023
2023-11-15,Kalimantan,80.0,Tidak,2023,11,El Nino 2023
2023-11-15,Sulawesi,126.0,Tidak,2023,11,El Nino 2023
2023-11-15,Bali-Nusa Tenggara,81.0,Tidak,2023,11,El Nino 2023
2023-11-15,Maluku,62.0,Tidak,2023,11,El Nino 2023
2023-11-15,Papua,213.0,Tidak,2023,11,El Nino 2023
2023-11-16,Sumatera,21.0,Tidak,2023,11,El Nino 2023
2023-11-16,Jawa,12.0,Tidak,2023,11,El Nino 2023
2023-11-16,Kalimantan,23.0,Tidak,2023,11,El Nino 2023
2023-11-16,Sulawesi,29.0,Tidak,2023,11,El Nino 2023
2023-11-16,Bali-Nusa Tenggara,35.0,Tidak,2023,11,El Nino 2023
2023-11-16,Maluku,68.0,Tidak,2023,11,El Nino 2023
2023-11-16,Papua,230.0,Tidak,2023,11,El Nino 2023
2023-11-17,Sumatera,29.0,Tidak,2023,11,El Nino 2023
2023-11-17,Jawa,30.0,Tidak,2023,11,El Nino 2023
2023-11-17,Kalimantan,41.0,Tidak,2023,11,El Nino 2023
2023-11-17,Sulawesi,26.0,Tidak,2023,11,El Nino 2023
2023-11-17,Bali-Nusa Tenggara,20.0,Tidak,2023,11,El Nino 2023
2023-11-17,Maluku,24.0,Tidak,2023,11,El Nino 2023
2023-11-17,Papua,276.0,Tidak,2023,11,El Nino 2023
2023-11-18,Sumatera,38.0,Tidak,2023,11,El Nino 2023
2023-11-18,Jawa,43.0,Tidak,2023,11,El Nino 2023
2023-11-18,Kalimantan,25.0,Tidak,2023,11,El Nino 2023
2023-11-18,Sulawesi,30.0,Tidak,2023,11,El Nino 2023
2023-11-18,Bali-Nusa Tenggara,48.0,Tidak,2023,11,El Nino 2023
2023-11-18,Maluku,59.0,Tidak,2023,11,El Nino 2023
2023-11-18,Papua,493.0,Tidak,2023,11,El Nino 2023
2023-11-19,Sumatera,70.0,Tidak,2023,11,El Nino 2023
2023-11-19,Jawa,12.0,Tidak,2023,11,El Nino 2023
2023-11-19,Kalimantan,14.0,Tidak,2023,11,El Nino 2023
2023-11-19,Sulawesi,58.0,Tidak,2023,11,El Nino 2023
2023-11-19,Bali-Nusa Tenggara,62.0,Tidak,2023,11,El Nino 2023
2023-11-19,Maluku,71.0,Tidak,2023,11,El Nino 2023
2023-11-19,Papua,160.0,Tidak,2023,11,El Nino 2023
2023-11-20,Sumatera,137.0,Tidak,2023,11,El Nino 2023
2023-11-20,Jawa,12.0,Tidak,2023,11,El Nino 2023
2023-11-20,Kalimantan,42.0,Tidak,2023,11,El Nino 2023
2023-11-20,Sulawesi,29.0,Tidak,2023,11,El Nino 2023
2023-11-20,Bali-Nusa Tenggara,50.0,Tidak,2023,11,El Nino 2023
2023-11-20,Maluku,63.0,Tidak,2023,11,El Nino 2023
2023-11-20,Papua,157.0,Tidak,2023,11,El Nino 2023
2023-11-21,Sumatera,97.0,Tidak,2023,11,El Nino 2023
2023-11-21,Jawa,23.0,Tidak,2023,11,El Nino 2023
2023-11-21,Kalimantan,22.0,Tidak,2023,11,El Nino 2023
2023-11-21,Sulawesi,41.0,Tidak,2023,11,El Nino 2023
2023-11-21,Bali-Nusa Tenggara,43.0,Tidak,2023,11,El Nino 2023
2023-11-21,Maluku,37.0,Tidak,2023,11,El Nino 2023
2023-11-21,Papua,77.0,Tidak,2023,11,El Nino 2023
2023-11-22,Sumatera,0.0,Tidak,2023,11,El Nino 2023
2023-11-22,Jawa,39.0,Tidak,2023,11,El Nino 2023
2023-11-22,Kalimantan,45.0,Tidak,2023,11,El Nino 2023
2023-11-22,Sulawesi,32.0,Tidak,2023,11,El Nino 2023
2023-11-22,Bali-Nusa Tenggara,47.0,Tidak,2023,11,El Nino 2023
2023-11-22,Maluku,8.0,Tidak,2023,11,El Nino 2023
2023-11-22,Papua,36.0,Tidak,2023,11,El Nino 2023
2023-11-23,Sumatera,13.0,Tidak,2023,11,El Nino 2023
2023-11-23,Jawa,7.0,Tidak,2023,11,El Nino 2023
2023-11-23,Kalimantan,15.0,Tidak,2023,11,El Nino 2023
2023-11-23,Sulawesi,54.0,Tidak,2023,11,El Nino 2023
2023-11-23,Bali-Nusa Tenggara,42.0,Tidak,2023,11,El Nino 2023
2023-11-23,Maluku,15.0,Tidak,2023,11,El Nino 2023
2023-11-23,Papua,92.0,Tidak,2023,11,El Nino 2023
2023-11-24,Sumatera,18.0,Tidak,2023,11,El Nino 2023
2023-11-24,Jawa,5.0,Tidak,2023,11,El Nino 2023
2023-11-24,Kalimantan,12.0,Tidak,2023,11,El Nino 2023
2023-11-24,Sulawesi,15.0,Tidak,2023,11,El Nino 2023
2023-11-24,Bali-Nusa Tenggara,40.0,Tidak,2023,11,El Nino 2023
2023-11-24,Maluku,5.0,Tidak,2023,11,El Nino 2023
2023-11-24,Papua,7.0,Tidak,2023,11,El Nino 2023
2023-11-25,Sumatera,0.0,Tidak,2023,11,El Nino 2023
2023-11-25,Jawa,4.0,Tidak,2023,11,El Nino 2023
2023-11-25,Kalimantan,20.0,Tidak,2023,11,El Nino 2023
2023-11-25,Sulawesi,22.0,Tidak,2023,11,El Nino 2023
2023-11-25,Bali-Nusa Tenggara,44.0,Tidak,2023,11,El Nino 2023
2023-11-25,Maluku,6.0,Tidak,2023,11,El Nino 2023
2023-11-25,Papua,5.0,Tidak,2023,11,El Nino 2023
2023-11-26,Sumatera,15.0,Tidak,2023,11,El Nino 2023
2023-11-26,Jawa,2.0,Tidak,2023,11,El Nino 2023
2023-11-26,Kalimantan,4.0,Tidak,2023,11,El Nino 2023
2023-11-26,Sulawesi,1.0,Tidak,2023,11,El Nino 2023
2023-11-26,Bali-Nusa Tenggara,20.0,Tidak,2023,11,El Nino 2023
2023-11-26,Maluku,8.0,Tidak,2023,11,El Nino 2023
2023-11-26,Papua,17.0,Tidak,2023,11,El Nino 2023
2023-11-27,Sumatera,2.0,Tidak,2023,11,El Nino 2023
2023-11-27,Jawa,4.0,Tidak,2023,11,El Nino 2023
2023-11-27,Kalimantan,11.0,Tidak,2023,11,El Nino 2023
2023-11-27,Sulawesi,9.0,Tidak,2023,11,El Nino 2023
2023-11-27,Bali-Nusa Tenggara,7.0,Tidak,2023,11,El Nino 2023
2023-11-27,Maluku,10.0,Tidak,2023,11,El Nino 2023
2023-11-27,Papua,23.0,Tidak,2023,11,El Nino 2023
2023-11-28,Sumatera,49.0,Tidak,2023,11,El Nino 2023
2023-11-28,Jawa,0.0,Tidak,2023,11,El Nino 2023
2023-11-28,Kalimantan,20.0,Tidak,2023,11,El Nino 2023
2023-11-28,Sulawesi,24.0,Tidak,2023,11,El Nino 2023
2023-11-28,Bali-Nusa Tenggara,5.0,Tidak,2023,11,El Nino 2023
2023-11-28,Maluku,3.0,Tidak,2023,11,El Nino 2023
2023-11-28,Papua,18.0,Tidak,2023,11,El Nino 2023
2023-11-29,Sumatera,25.0,Tidak,2023,11,El Nino 2023
2023-11-29,Jawa,3.0,Tidak,2023,11,El Nino 2023
2023-11-29,Kalimantan,36.0,Tidak,2023,11,El Nino 2023
2023-11-29,Sulawesi,24.0,Tidak,2023,11,El Nino 2023
2023-11-29,Bali-Nusa Tenggara,11.0,Tidak,2023,11,El Nino 2023
2023-11-29,Maluku,2.0,Tidak,2023,11,El Nino 2023
2023-11-29,Papua,27.0,Tidak,2023,11,El Nino 2023
2023-11-30,Sumatera,3.0,Tidak,2023,11,El Nino 2023
2023-11-30,Jawa,0.0,Tidak,2023,11,El Nino 2023
2023-11-30,Kalimantan,24.0,Tidak,2023,11,El Nino 2023
2023-11-30,Sulawesi,21.0,Tidak,2023,11,El Nino 2023
2023-11-30,Bali-Nusa Tenggara,21.0,Tidak,2023,11,El Nino 2023
2023-11-30,Maluku,12.0,Tidak,2023,11,El Nino 2023
2023-11-30,Papua,15.0,Tidak,2023,11,El Nino 2023
2023-12-01,Sumatera,4.0,Tidak,2023,12,El Nino 2023
2023-12-01,Jawa,0.0,Tidak,2023,12,El Nino 2023
2023-12-01,Kalimantan,16.0,Tidak,2023,12,El Nino 2023
2023-12-01,Sulawesi,20.0,Tidak,2023,12,El Nino 2023
2023-12-01,Bali-Nusa Tenggara,17.0,Tidak,2023,12,El Nino 2023
2023-12-01,Maluku,25.0,Tidak,2023,12,El Nino 2023
2023-12-01,Papua,34.0,Tidak,2023,12,El Nino 2023
2023-12-02,Sumatera,74.0,Tidak,2023,12,El Nino 2023
2023-12-02,Jawa,1.0,Tidak,2023,12,El Nino 2023
2023-12-02,Kalimantan,21.0,Tidak,2023,12,El Nino 2023
2023-12-02,Sulawesi,14.0,Tidak,2023,12,El Nino 2023
2023-12-02,Bali-Nusa Tenggara,9.0,Tidak,2023,12,El Nino 2023
2023-12-02,Maluku,12.0,Tidak,2023,12,El Nino 2023
2023-12-02,Papua,14.0,Tidak,2023,12,El Nino 2023
2023-12-03,Sumatera,1.0,Tidak,2023,12,El Nino 2023
2023-12-03,Jawa,0.0,Tidak,2023,12,El Nino 2023
2023-12-03,Kalimantan,33.0,Tidak,2023,12,El Nino 2023
2023-12-03,Sulawesi,25.0,Tidak,2023,12,El Nino 2023
2023-12-03,Bali-Nusa Tenggara,3.0,Tidak,2023,12,El Nino 2023
2023-12-03,Maluku,6.0,Tidak,2023,12,El Nino 2023
2023-12-03,Papua,29.0,Tidak,2023,12,El Nino 2023
2023-12-04,Sumatera,6.0,Tidak,2023,12,El Nino 2023
2023-12-04,Jawa,0.0,Tidak,2023,12,El Nino 2023
2023-12-04,Kalimantan,16.0,Tidak,2023,12,El Nino 2023
2023-12-04,Sulawesi,42.0,Tidak,2023,12,El Nino 2023
2023-12-04,Bali-Nusa Tenggara,11.0,Tidak,2023,12,El Nino 2023
2023-12-04,Maluku,3.0,Tidak,2023,12,El Nino 2023
2023-12-04,Papua,38.0,Tidak,2023,12,El Nino 2023
2023-12-05,Sumatera,54.0,Tidak,2023,12,El Nino 2023
2023-12-05,Jawa,1.0,Tidak,2023,12,El Nino 2023
2023-12-05,Kalimantan,24.0,Tidak,2023,12,El Nino 2023
2023-12-05,Sulawesi,29.0,Tidak,2023,12,El Nino 2023
2023-12-05,Bali-Nusa Tenggara,14.0,Tidak,2023,12,El Nino 2023
2023-12-05,Maluku,4.0,Tidak,2023,12,El Nino 2023
2023-12-05,Papua,4.0,Tidak,2023,12,El Nino 2023
2023-12-06,Sumatera,36.0,Tidak,2023,12,El Nino 2023
2023-12-06,Jawa,1.0,Tidak,2023,12,El Nino 2023
2023-12-06,Kalimantan,27.0,Tidak,2023,12,El Nino 2023
2023-12-06,Sulawesi,23.0,Tidak,2023,12,El Nino 2023
2023-12-06,Bali-Nusa Tenggara,9.0,Tidak,2023,12,El Nino 2023
2023-12-06,Maluku,1.0,Tidak,2023,12,El Nino 2023
2023-12-06,Papua,6.0,Tidak,2023,12,El Nino 2023
2023-12-07,Sumatera,12.0,Tidak,2023,12,El Nino 2023
2023-12-07,Jawa,3.0,Tidak,2023,12,El Nino 2023
2023-12-07,Kalimantan,19.0,Tidak,2023,12,El Nino 2023
2023-12-07,Sulawesi,7.0,Tidak,2023,12,El Nino 2023
2023-12-07,Bali-Nusa Tenggara,0.0,Tidak,2023,12,El Nino 2023
2023-12-07,Maluku,0.0,Tidak,2023,12,El Nino 2023
2023-12-07,Papua,19.0,Tidak,2023,12,El Nino 2023
2023-12-08,Sumatera,8.0,Tidak,2023,12,El Nino 2023
2023-12-08,Jawa,3.0,Tidak,2023,12,El Nino 2023
2023-12-08,Kalimantan,7.0,Tidak,2023,12,El Nino 2023
2023-12-08,Sulawesi,2.0,Tidak,2023,12,El Nino 2023
2023-12-08,Bali-Nusa Tenggara,1.0,Tidak,2023,12,El Nino 2023
2023-12-08,Maluku,1.0,Tidak,2023,12,El Nino 2023
2023-12-08,Papua,16.0,Tidak,2023,12,El Nino 2023
2023-12-09,Sumatera,4.0,Tidak,2023,12,El Nino 2023
2023-12-09,Jawa,1.0,Tidak,2023,12,El Nino 2023
2023-12-09,Kalimantan,35.0,Tidak,2023,12,El Nino 2023
2023-12-09,Sulawesi,2.0,Tidak,2023,12,El Nino 2023
2023-12-09,Bali-Nusa Tenggara,4.0,Tidak,2023,12,El Nino 2023
2023-12-09,Maluku,4.0,Tidak,2023,12,El Nino 2023
2023-12-09,Papua,9.0,Tidak,2023,12,El Nino 2023
2023-12-10,Sumatera,37.0,Tidak,2023,12,El Nino 2023
2023-12-10,Jawa,0.0,Tidak,2023,12,El Nino 2023
2023-12-10,Kalimantan,12.0,Tidak,2023,12,El Nino 2023
2023-12-10,Sulawesi,10.0,Tidak,2023,12,El Nino 2023
2023-12-10,Bali-Nusa Tenggara,0.0,Tidak,2023,12,El Nino 2023
2023-12-10,Maluku,4.0,Tidak,2023,12,El Nino 2023
2023-12-10,Papua,2.0,Tidak,2023,12,El Nino 2023
2023-12-11,Sumatera,93.0,Tidak,2023,12,El Nino 2023
2023-12-11,Jawa,7.0,Tidak,2023,12,El Nino 2023
2023-12-11,Kalimantan,4.0,Tidak,2023,12,El Nino 2023
2023-12-11,Sulawesi,25.0,Tidak,2023,12,El Nino 2023
2023-12-11,Bali-Nusa Tenggara,0.0,Tidak,2023,12,El Nino 2023
2023-12-11,Maluku,1.0,Tidak,2023,12,El Nino 2023
2023-12-11,Papua,6.0,Tidak,2023,12,El Nino 2023
2023-12-12,Sumatera,123.0,Tidak,2023,12,El Nino 2023
2023-12-12,Jawa,10.0,Tidak,2023,12,El Nino 2023
2023-12-12,Kalimantan,8.0,Tidak,2023,12,El Nino 2023
2023-12-12,Sulawesi,5.0,Tidak,2023,12,El Nino 2023
2023-12-12,Bali-Nusa Tenggara,0.0,Tidak,2023,12,El Nino 2023
2023-12-12,Maluku,5.0,Tidak,2023,12,El Nino 2023
2023-12-12,Papua,5.0,Tidak,2023,12,El Nino 2023
2023-12-13,Sumatera,64.0,Tidak,2023,12,El Nino 2023
2023-12-13,Jawa,10.0,Tidak,2023,12,El Nino 2023
2023-12-13,Kalimantan,9.0,Tidak,2023,12,El Nino 2023
2023-12-13,Sulawesi,7.0,Tidak,2023,12,El Nino 2023
2023-12-13,Bali-Nusa Tenggara,0.0,Tidak,2023,12,El Nino 2023
2023-12-13,Maluku,0.0,Tidak,2023,12,El Nino 2023
2023-12-13,Papua,4.0,Tidak,2023,12,El Nino 2023
2023-12-14,Sumatera,89.0,Tidak,2023,12,El Nino 2023
2023-12-14,Jawa,9.0,Tidak,2023,12,El Nino 2023
2023-12-14,Kalimantan,21.0,Tidak,2023,12,El Nino 2023
2023-12-14,Sulawesi,6.0,Tidak,2023,12,El Nino 2023
2023-12-14,Bali-Nusa Tenggara,5.0,Tidak,2023,12,El Nino 2023
2023-12-14,Maluku,15.0,Tidak,2023,12,El Nino 2023
2023-12-14,Papua,3.0,Tidak,2023,12,El Nino 2023
2023-12-15,Sumatera,99.0,Tidak,2023,12,El Nino 2023
2023-12-15,Jawa,16.0,Tidak,2023,12,El Nino 2023
2023-12-15,Kalimantan,31.0,Tidak,2023,12,El Nino 2023
2023-12-15,Sulawesi,29.0,Tidak,2023,12,El Nino 2023
2023-12-15,Bali-Nusa Tenggara,1.0,Tidak,2023,12,El Nino 2023
2023-12-15,Maluku,3.0,Tidak,2023,12,El Nino 2023
2023-12-15,Papua,6.0,Tidak,2023,12,El Nino 2023
2023-12-16,Sumatera,64.0,Tidak,2023,12,El Nino 2023
2023-12-16,Jawa,6.0,Tidak,2023,12,El Nino 2023
2023-12-16,Kalimantan,35.0,Tidak,2023,12,El Nino 2023
2023-12-16,Sulawesi,11.0,Tidak,2023,12,El Nino 2023
2023-12-16,Bali-Nusa Tenggara,1.0,Tidak,2023,12,El Nino 2023
2023-12-16,Maluku,0.0,Tidak,2023,12,El Nino 2023
2023-12-16,Papua,20.0,Tidak,2023,12,El Nino 2023
2023-12-17,Sumatera,58.0,Tidak,2023,12,El Nino 2023
2023-12-17,Jawa,10.0,Tidak,2023,12,El Nino 2023
2023-12-17,Kalimantan,21.0,Tidak,2023,12,El Nino 2023
2023-12-17,Sulawesi,8.0,Tidak,2023,12,El Nino 2023
2023-12-17,Bali-Nusa Tenggara,5.0,Tidak,2023,12,El Nino 2023
2023-12-17,Maluku,2.0,Tidak,2023,12,El Nino 2023
2023-12-17,Papua,39.0,Tidak,2023,12,El Nino 2023
2023-12-18,Sumatera,31.0,Tidak,2023,12,El Nino 2023
2023-12-18,Jawa,17.0,Tidak,2023,12,El Nino 2023
2023-12-18,Kalimantan,20.0,Tidak,2023,12,El Nino 2023
2023-12-18,Sulawesi,8.0,Tidak,2023,12,El Nino 2023
2023-12-18,Bali-Nusa Tenggara,2.0,Tidak,2023,12,El Nino 2023
2023-12-18,Maluku,3.0,Tidak,2023,12,El Nino 2023
2023-12-18,Papua,52.0,Tidak,2023,12,El Nino 2023
2023-12-19,Sumatera,12.0,Tidak,2023,12,El Nino 2023
2023-12-19,Jawa,28.0,Tidak,2023,12,El Nino 2023
2023-12-19,Kalimantan,21.0,Tidak,2023,12,El Nino 2023
2023-12-19,Sulawesi,9.0,Tidak,2023,12,El Nino 2023
2023-12-19,Bali-Nusa Tenggara,12.0,Tidak,2023,12,El Nino 2023
2023-12-19,Maluku,8.0,Tidak,2023,12,El Nino 2023
2023-12-19,Papua,20.0,Tidak,2023,12,El Nino 2023
2023-12-20,Sumatera,8.0,Tidak,2023,12,El Nino 2023
2023-12-20,Jawa,20.0,Tidak,2023,12,El Nino 2023
2023-12-20,Kalimantan,30.0,Tidak,2023,12,El Nino 2023
2023-12-20,Sulawesi,25.0,Tidak,2023,12,El Nino 2023
2023-12-20,Bali-Nusa Tenggara,10.0,Tidak,2023,12,El Nino 2023
2023-12-20,Maluku,0.0,Tidak,2023,12,El Nino 2023
2023-12-20,Papua,3.0,Tidak,2023,12,El Nino 2023
2023-12-21,Sumatera,18.0,Tidak,2023,12,El Nino 2023
2023-12-21,Jawa,12.0,Tidak,2023,12,El Nino 2023
2023-12-21,Kalimantan,8.0,Tidak,2023,12,El Nino 2023
2023-12-21,Sulawesi,41.0,Tidak,2023,12,El Nino 2023
2023-12-21,Bali-Nusa Tenggara,4.0,Tidak,2023,12,El Nino 2023
2023-12-21,Maluku,5.0,Tidak,2023,12,El Nino 2023
2023-12-21,Papua,11.0,Tidak,2023,12,El Nino 2023
2023-12-22,Sumatera,22.0,Tidak,2023,12,El Nino 2023
2023-12-22,Jawa,8.0,Tidak,2023,12,El Nino 2023
2023-12-22,Kalimantan,14.0,Tidak,2023,12,El Nino 2023
2023-12-22,Sulawesi,12.0,Tidak,2023,12,El Nino 2023
2023-12-22,Bali-Nusa Tenggara,6.0,Tidak,2023,12,El Nino 2023
2023-12-22,Maluku,5.0,Tidak,2023,12,El Nino 2023
2023-12-22,Papua,6.0,Tidak,2023,12,El Nino 2023
2023-12-23,Sumatera,24.0,Tidak,2023,12,El Nino 2023
2023-12-23,Jawa,14.0,Tidak,2023,12,El Nino 2023
2023-12-23,Kalimantan,17.0,Tidak,2023,12,El Nino 2023
2023-12-23,Sulawesi,4.0,Tidak,2023,12,El Nino 2023
2023-12-23,Bali-Nusa Tenggara,5.0,Tidak,2023,12,El Nino 2023
2023-12-23,Maluku,10.0,Tidak,2023,12,El Nino 2023
2023-12-23,Papua,5.0,Tidak,2023,12,El Nino 2023
2023-12-24,Sumatera,23.0,Tidak,2023,12,El Nino 2023
2023-12-24,Jawa,10.0,Tidak,2023,12,El Nino 2023
2023-12-24,Kalimantan,24.0,Tidak,2023,12,El Nino 2023
2023-12-24,Sulawesi,9.0,Tidak,2023,12,El Nino 2023
2023-12-24,Bali-Nusa Tenggara,4.0,Tidak,2023,12,El Nino 2023
2023-12-24,Maluku,1.0,Tidak,2023,12,El Nino 2023
2023-12-24,Papua,11.0,Tidak,2023,12,El Nino 2023
2023-12-25,Sumatera,5.0,Tidak,2023,12,El Nino 2023
2023-12-25,Jawa,0.0,Tidak,2023,12,El Nino 2023
2023-12-25,Kalimantan,26.0,Tidak,2023,12,El Nino 2023
2023-12-25,Sulawesi,10.0,Tidak,2023,12,El Nino 2023
2023-12-25,Bali-Nusa Tenggara,2.0,Tidak,2023,12,El Nino 2023
2023-12-25,Maluku,5.0,Tidak,2023,12,El Nino 2023
2023-12-25,Papua,34.0,Tidak,2023,12,El Nino 2023
2023-12-26,Sumatera,13.0,Tidak,2023,12,El Nino 2023
2023-12-26,Jawa,1.0,Tidak,2023,12,El Nino 2023
2023-12-26,Kalimantan,15.0,Tidak,2023,12,El Nino 2023
2023-12-26,Sulawesi,24.0,Tidak,2023,12,El Nino 2023
2023-12-26,Bali-Nusa Tenggara,3.0,Tidak,2023,12,El Nino 2023
2023-12-26,Maluku,7.0,Tidak,2023,12,El Nino 2023
2023-12-26,Papua,15.0,Tidak,2023,12,El Nino 2023
2023-12-27,Sumatera,25.0,Tidak,2023,12,El Nino 2023
2023-12-27,Jawa,3.0,Tidak,2023,12,El Nino 2023
2023-12-27,Kalimantan,23.0,Tidak,2023,12,El Nino 2023
2023-12-27,Sulawesi,9.0,Tidak,2023,12,El Nino 2023
2023-12-27,Bali-Nusa Tenggara,0.0,Tidak,2023,12,El Nino 2023
2023-12-27,Maluku,18.0,Tidak,2023,12,El Nino 2023
2023-12-27,Papua,40.0,Tidak,2023,12,El Nino 2023
2023-12-28,Sumatera,11.0,Tidak,2023,12,El Nino 2023
2023-12-28,Jawa,2.0,Tidak,2023,12,El Nino 2023
2023-12-28,Kalimantan,14.0,Tidak,2023,12,El Nino 2023
2023-12-28,Sulawesi,11.0,Tidak,2023,12,El Nino 2023
2023-12-28,Bali-Nusa Tenggara,2.0,Tidak,2023,12,El Nino 2023
2023-12-28,Maluku,9.0,Tidak,2023,12,El Nino 2023
2023-12-28,Papua,13.0,Tidak,2023,12,El Nino 2023
2023-12-29,Sumatera,9.0,Tidak,2023,12,El Nino 2023
2023-12-29,Jawa,12.0,Tidak,2023,12,El Nino 2023
2023-12-29,Kalimantan,32.0,Tidak,2023,12,El Nino 2023
2023-12-29,Sulawesi,13.0,Tidak,2023,12,El Nino 2023
2023-12-29,Bali-Nusa Tenggara,1.0,Tidak,2023,12,El Nino 2023
2023-12-29,Maluku,6.0,Tidak,2023,12,El Nino 2023
2023-12-29,Papua,2.0,Tidak,2023,12,El Nino 2023
2023-12-30,Sumatera,3.0,Tidak,2023,12,El Nino 2023
2023-12-30,Jawa,7.0,Tidak,2023,12,El Nino 2023
2023-12-30,Kalimantan,30.0,Tidak,2023,12,El Nino 2023
2023-12-30,Sulawesi,12.0,Tidak,2023,12,El Nino 2023
2023-12-30,Bali-Nusa Tenggara,7.0,Tidak,2023,12,El Nino 2023
2023-12-30,Maluku,0.0,Tidak,2023,12,El Nino 2023
2023-12-30,Papua,20.0,Tidak,2023,12,El Nino 2023
2023-12-31,Sumatera,0.0,Tidak,2023,12,El Nino 2023
2023-12-31,Jawa,1.0,Tidak,2023,12,El Nino 2023
2023-12-31,Kalimantan,28.0,Tidak,2023,12,El Nino 2023
2023-12-31,Sulawesi,7.0,Tidak,2023,12,El Nino 2023
2023-12-31,Bali-Nusa Tenggara,2.0,Tidak,2023,12,El Nino 2023
2023-12-31,Maluku,3.0,Tidak,2023,12,El Nino 2023
2023-12-31,Papua,3.0,Tidak,2023,12,El Nino 2023
2024-01-01,Sumatera,2.0,Tidak,2024,1,Non-El Nino
2024-01-01,Jawa,0.0,Tidak,2024,1,Non-El Nino
2024-01-01,Kalimantan,13.0,Tidak,2024,1,Non-El Nino
2024-01-01,Sulawesi,26.0,Tidak,2024,1,Non-El Nino
2024-01-01,Bali-Nusa Tenggara,8.0,Tidak,2024,1,Non-El Nino
2024-01-01,Maluku,2.0,Tidak,2024,1,Non-El Nino
2024-01-01,Papua,0.0,Tidak,2024,1,Non-El Nino
2024-01-02,Sumatera,10.0,Tidak,2024,1,Non-El Nino
2024-01-02,Jawa,1.0,Tidak,2024,1,Non-El Nino
2024-01-02,Kalimantan,2.0,Tidak,2024,1,Non-El Nino
2024-01-02,Sulawesi,18.0,Tidak,2024,1,Non-El Nino
2024-01-02,Bali-Nusa Tenggara,1.0,Tidak,2024,1,Non-El Nino
2024-01-02,Maluku,4.0,Tidak,2024,1,Non-El Nino
2024-01-02,Papua,20.0,Tidak,2024,1,Non-El Nino
2024-01-03,Sumatera,2.0,Tidak,2024,1,Non-El Nino
2024-01-03,Jawa,0.0,Tidak,2024,1,Non-El Nino
2024-01-03,Kalimantan,7.0,Tidak,2024,1,Non-El Nino
2024-01-03,Sulawesi,6.0,Tidak,2024,1,Non-El Nino
2024-01-03,Bali-Nusa Tenggara,0.0,Tidak,2024,1,Non-El Nino
2024-01-03,Maluku,2.0,Tidak,2024,1,Non-El Nino
2024-01-03,Papua,3.0,Tidak,2024,1,Non-El Nino
2024-01-04,Sumatera,3.0,Tidak,2024,1,Non-El Nino
2024-01-04,Jawa,1.0,Tidak,2024,1,Non-El Nino
2024-01-04,Kalimantan,8.0,Tidak,2024,1,Non-El Nino
2024-01-04,Sulawesi,9.0,Tidak,2024,1,Non-El Nino
2024-01-04,Bali-Nusa Tenggara,3.0,Tidak,2024,1,Non-El Nino
2024-01-04,Maluku,4.0,Tidak,2024,1,Non-El Nino
2024-01-04,Papua,6.0,Tidak,2024,1,Non-El Nino
2024-01-05,Sumatera,4.0,Tidak,2024,1,Non-El Nino
2024-01-05,Jawa,4.0,Tidak,2024,1,Non-El Nino
2024-01-05,Kalimantan,2.0,Tidak,2024,1,Non-El Nino
2024-01-05,Sulawesi,13.0,Tidak,2024,1,Non-El Nino
2024-01-05,Bali-Nusa Tenggara,2.0,Tidak,2024,1,Non-El Nino
2024-01-05,Maluku,0.0,Tidak,2024,1,Non-El Nino
2024-01-05,Papua,12.0,Tidak,2024,1,Non-El Nino
2024-01-06,Sumatera,3.0,Tidak,2024,1,Non-El Nino
2024-01-06,Jawa,0.0,Tidak,2024,1,Non-El Nino
2024-01-06,Kalimantan,1.0,Tidak,2024,1,Non-El Nino
2024-01-06,Sulawesi,2.0,Tidak,2024,1,Non-El Nino
2024-01-06,Bali-Nusa Tenggara,1.0,Tidak,2024,1,Non-El Nino
2024-01-06,Maluku,1.0,Tidak,2024,1,Non-El Nino
2024-01-06,Papua,1.0,Tidak,2024,1,Non-El Nino
2024-01-07,Sumatera,0.0,Tidak,2024,1,Non-El Nino
2024-01-07,Jawa,0.0,Tidak,2024,1,Non-El Nino
2024-01-07,Kalimantan,2.0,Tidak,2024,1,Non-El Nino
2024-01-07,Sulawesi,5.0,Tidak,2024,1,Non-El Nino
2024-01-07,Bali-Nusa Tenggara,4.0,Tidak,2024,1,Non-El Nino
2024-01-07,Maluku,6.0,Tidak,2024,1,Non-El Nino
2024-01-07,Papua,1.0,Tidak,2024,1,Non-El Nino
2024-01-08,Sumatera,5.0,Tidak,2024,1,Non-El Nino
2024-01-08,Jawa,0.0,Tidak,2024,1,Non-El Nino
2024-01-08,Kalimantan,3.0,Tidak,2024,1,Non-El Nino
2024-01-08,Sulawesi,2.0,Tidak,2024,1,Non-El Nino
2024-01-08,Bali-Nusa Tenggara,2.0,Tidak,2024,1,Non-El Nino
2024-01-08,Maluku,5.0,Tidak,2024,1,Non-El Nino
2024-01-08,Papua,0.0,Tidak,2024,1,Non-El Nino
2024-01-09,Sumatera,0.0,Tidak,2024,1,Non-El Nino
2024-01-09,Jawa,4.0,Tidak,2024,1,Non-El Nino
2024-01-09,Kalimantan,11.0,Tidak,2024,1,Non-El Nino
2024-01-09,Sulawesi,0.0,Tidak,2024,1,Non-El Nino
2024-01-09,Bali-Nusa Tenggara,2.0,Tidak,2024,1,Non-El Nino
2024-01-09,Maluku,2.0,Tidak,2024,1,Non-El Nino
2024-01-09,Papua,0.0,Tidak,2024,1,Non-El Nino
2024-01-10,Sumatera,8.0,Tidak,2024,1,Non-El Nino
2024-01-10,Jawa,4.0,Tidak,2024,1,Non-El Nino
2024-01-10,Kalimantan,34.0,Tidak,2024,1,Non-El Nino
2024-01-10,Sulawesi,7.0,Tidak,2024,1,Non-El Nino
2024-01-10,Bali-Nusa Tenggara,5.0,Tidak,2024,1,Non-El Nino
2024-01-10,Maluku,0.0,Tidak,2024,1,Non-El Nino
2024-01-10,Papua,5.0,Tidak,2024,1,Non-El Nino
2024-01-11,Sumatera,5.0,Tidak,2024,1,Non-El Nino
2024-01-11,Jawa,1.0,Tidak,2024,1,Non-El Nino
2024-01-11,Kalimantan,68.0,Tidak,2024,1,Non-El Nino
2024-01-11,Sulawesi,16.0,Tidak,2024,1,Non-El Nino
2024-01-11,Bali-Nusa Tenggara,2.0,Tidak,2024,1,Non-El Nino
2024-01-11,Maluku,2.0,Tidak,2024,1,Non-El Nino
2024-01-11,Papua,0.0,Tidak,2024,1,Non-El Nino
2024-01-12,Sumatera,12.0,Tidak,2024,1,Non-El Nino
2024-01-12,Jawa,4.0,Tidak,2024,1,Non-El Nino
2024-01-12,Kalimantan,18.0,Tidak,2024,1,Non-El Nino
2024-01-12,Sulawesi,6.0,Tidak,2024,1,Non-El Nino
2024-01-12,Bali-Nusa Tenggara,4.0,Tidak,2024,1,Non-El Nino
2024-01-12,Maluku,2.0,Tidak,2024,1,Non-El Nino
2024-01-12,Papua,1.0,Tidak,2024,1,Non-El Nino
2024-01-13,Sumatera,3.0,Tidak,2024,1,Non-El Nino
2024-01-13,Jawa,2.0,Tidak,2024,1,Non-El Nino
2024-01-13,Kalimantan,3.0,Tidak,2024,1,Non-El Nino
2024-01-13,Sulawesi,0.0,Tidak,2024,1,Non-El Nino
2024-01-13,Bali-Nusa Tenggara,0.0,Tidak,2024,1,Non-El Nino
2024-01-13,Maluku,1.0,Tidak,2024,1,Non-El Nino
2024-01-13,Papua,0.0,Tidak,2024,1,Non-El Nino
2024-01-14,Sumatera,7.0,Tidak,2024,1,Non-El Nino
2024-01-14,Jawa,5.0,Tidak,2024,1,Non-El Nino
2024-01-14,Kalimantan,0.0,Tidak,2024,1,Non-El Nino
2024-01-14,Sulawesi,0.0,Tidak,2024,1,Non-El Nino
2024-01-14,Bali-Nusa Tenggara,0.0,Tidak,2024,1,Non-El Nino
2024-01-14,Maluku,0.0,Tidak,2024,1,Non-El Nino
2024-01-14,Papua,1.0,Tidak,2024,1,Non-El Nino
2024-01-15,Sumatera,1.0,Tidak,2024,1,Non-El Nino
2024-01-15,Jawa,1.0,Tidak,2024,1,Non-El Nino
2024-01-15,Kalimantan,2.0,Tidak,2024,1,Non-El Nino
2024-01-15,Sulawesi,1.0,Tidak,2024,1,Non-El Nino
2024-01-15,Bali-Nusa Tenggara,4.0,Tidak,2024,1,Non-El Nino
2024-01-15,Maluku,0.0,Tidak,2024,1,Non-El Nino
2024-01-15,Papua,0.0,Tidak,2024,1,Non-El Nino
2024-01-16,Sumatera,13.0,Tidak,2024,1,Non-El Nino
2024-01-16,Jawa,1.0,Tidak,2024,1,Non-El Nino
2024-01-16,Kalimantan,0.0,Tidak,2024,1,Non-El Nino
2024-01-16,Sulawesi,14.0,Tidak,2024,1,Non-El Nino
2024-01-16,Bali-Nusa Tenggara,0.0,Tidak,2024,1,Non-El Nino
2024-01-16,Maluku,0.0,Tidak,2024,1,Non-El Nino
2024-01-16,Papua,0.0,Tidak,2024,1,Non-El Nino
2024-01-17,Sumatera,0.0,Tidak,2024,1,Non-El Nino
2024-01-17,Jawa,0.0,Tidak,2024,1,Non-El Nino
2024-01-17,Kalimantan,5.0,Tidak,2024,1,Non-El Nino
2024-01-17,Sulawesi,0.0,Tidak,2024,1,Non-El Nino
2024-01-17,Bali-Nusa Tenggara,0.0,Tidak,2024,1,Non-El Nino
2024-01-17,Maluku,1.0,Tidak,2024,1,Non-El Nino
2024-01-17,Papua,0.0,Tidak,2024,1,Non-El Nino
2024-01-18,Sumatera,1.0,Tidak,2024,1,Non-El Nino
2024-01-18,Jawa,0.0,Tidak,2024,1,Non-El Nino
2024-01-18,Kalimantan,9.0,Tidak,2024,1,Non-El Nino
2024-01-18,Sulawesi,2.0,Tidak,2024,1,Non-El Nino
2024-01-18,Bali-Nusa Tenggara,4.0,Tidak,2024,1,Non-El Nino
2024-01-18,Maluku,2.0,Tidak,2024,1,Non-El Nino
2024-01-18,Papua,1.0,Tidak,2024,1,Non-El Nino
2024-01-19,Sumatera,2.0,Tidak,2024,1,Non-El Nino
2024-01-19,Jawa,0.0,Tidak,2024,1,Non-El Nino
2024-01-19,Kalimantan,3.0,Tidak,2024,1,Non-El Nino
2024-01-19,Sulawesi,0.0,Tidak,2024,1,Non-El Nino
2024-01-19,Bali-Nusa Tenggara,0.0,Tidak,2024,1,Non-El Nino
2024-01-19,Maluku,7.0,Tidak,2024,1,Non-El Nino
2024-01-19,Papua,0.0,Tidak,2024,1,Non-El Nino
2024-01-20,Sumatera,3.0,Tidak,2024,1,Non-El Nino
2024-01-20,Jawa,8.0,Tidak,2024,1,Non-El Nino
2024-01-20,Kalimantan,1.0,Tidak,2024,1,Non-El Nino
2024-01-20,Sulawesi,0.0,Tidak,2024,1,Non-El Nino
2024-01-20,Bali-Nusa Tenggara,0.0,Tidak,2024,1,Non-El Nino
2024-01-20,Maluku,0.0,Tidak,2024,1,Non-El Nino
2024-01-20,Papua,0.0,Tidak,2024,1,Non-El Nino
2024-01-21,Sumatera,26.0,Tidak,2024,1,Non-El Nino
2024-01-21,Jawa,8.0,Tidak,2024,1,Non-El Nino
2024-01-21,Kalimantan,4.0,Tidak,2024,1,Non-El Nino
2024-01-21,Sulawesi,0.0,Tidak,2024,1,Non-El Nino
2024-01-21,Bali-Nusa Tenggara,2.0,Tidak,2024,1,Non-El Nino
2024-01-21,Maluku,0.0,Tidak,2024,1,Non-El Nino
2024-01-21,Papua,0.0,Tidak,2024,1,Non-El Nino
2024-01-22,Sumatera,62.0,Tidak,2024,1,Non-El Nino
2024-01-22,Jawa,3.0,Tidak,2024,1,Non-El Nino
2024-01-22,Kalimantan,6.0,Tidak,2024,1,Non-El Nino
2024-01-22,Sulawesi,9.0,Tidak,2024,1,Non-El Nino
2024-01-22,Bali-Nusa Tenggara,1.0,Tidak,2024,1,Non-El Nino
2024-01-22,Maluku,0.0,Tidak,2024,1,Non-El Nino
2024-01-22,Papua,0.0,Tidak,2024,1,Non-El Nino
2024-01-23,Sumatera,107.0,Tidak,2024,1,Non-El Nino
2024-01-23,Jawa,4.0,Tidak,2024,1,Non-El Nino
2024-01-23,Kalimantan,5.0,Tidak,2024,1,Non-El Nino
2024-01-23,Sulawesi,8.0,Tidak,2024,1,Non-El Nino
2024-01-23,Bali-Nusa Tenggara,0.0,Tidak,2024,1,Non-El Nino
2024-01-23,Maluku,0.0,Tidak,2024,1,Non-El Nino
2024-01-23,Papua,0.0,Tidak,2024,1,Non-El Nino
2024-01-24,Sumatera,15.0,Tidak,2024,1,Non-El Nino
2024-01-24,Jawa,0.0,Tidak,2024,1,Non-El Nino
2024-01-24,Kalimantan,22.0,Tidak,2024,1,Non-El Nino
2024-01-24,Sulawesi,0.0,Tidak,2024,1,Non-El Nino
2024-01-24,Bali-Nusa Tenggara,0.0,Tidak,2024,1,Non-El Nino
2024-01-24,Maluku,0.0,Tidak,2024,1,Non-El Nino
2024-01-24,Papua,0.0,Tidak,2024,1,Non-El Nino
2024-01-25,Sumatera,27.0,Tidak,2024,1,Non-El Nino
2024-01-25,Jawa,10.0,Tidak,2024,1,Non-El Nino
2024-01-25,Kalimantan,37.0,Tidak,2024,1,Non-El Nino
2024-01-25,Sulawesi,3.0,Tidak,2024,1,Non-El Nino
2024-01-25,Bali-Nusa Tenggara,0.0,Tidak,2024,1,Non-El Nino
2024-01-25,Maluku,1.0,Tidak,2024,1,Non-El Nino
2024-01-25,Papua,1.0,Tidak,2024,1,Non-El Nino
2024-01-26,Sumatera,57.0,Tidak,2024,1,Non-El Nino
2024-01-26,Jawa,6.0,Tidak,2024,1,Non-El Nino
2024-01-26,Kalimantan,34.0,Tidak,2024,1,Non-El Nino
2024-01-26,Sulawesi,5.0,Tidak,2024,1,Non-El Nino
2024-01-26,Bali-Nusa Tenggara,4.0,Tidak,2024,1,Non-El Nino
2024-01-26,Maluku,3.0,Tidak,2024,1,Non-El Nino
2024-01-26,Papua,0.0,Tidak,2024,1,Non-El Nino
2024-01-27,Sumatera,16.0,Tidak,2024,1,Non-El Nino
2024-01-27,Jawa,0.0,Tidak,2024,1,Non-El Nino
2024-01-27,Kalimantan,19.0,Tidak,2024,1,Non-El Nino
2024-01-27,Sulawesi,20.0,Tidak,2024,1,Non-El Nino
2024-01-27,Bali-Nusa Tenggara,6.0,Tidak,2024,1,Non-El Nino
2024-01-27,Maluku,5.0,Tidak,2024,1,Non-El Nino
2024-01-27,Papua,2.0,Tidak,2024,1,Non-El Nino
2024-01-28,Sumatera,21.0,Tidak,2024,1,Non-El Nino
2024-01-28,Jawa,7.0,Tidak,2024,1,Non-El Nino
2024-01-28,Kalimantan,44.0,Tidak,2024,1,Non-El Nino
2024-01-28,Sulawesi,14.0,Tidak,2024,1,Non-El Nino
2024-01-28,Bali-Nusa Tenggara,0.0,Tidak,2024,1,Non-El Nino
2024-01-28,Maluku,2.0,Tidak,2024,1,Non-El Nino
2024-01-28,Papua,4.0,Tidak,2024,1,Non-El Nino
2024-01-29,Sumatera,23.0,Tidak,2024,1,Non-El Nino
2024-01-29,Jawa,0.0,Tidak,2024,1,Non-El Nino
2024-01-29,Kalimantan,23.0,Tidak,2024,1,Non-El Nino
2024-01-29,Sulawesi,13.0,Tidak,2024,1,Non-El Nino
2024-01-29,Bali-Nusa Tenggara,1.0,Tidak,2024,1,Non-El Nino
2024-01-29,Maluku,26.0,Tidak,2024,1,Non-El Nino
2024-01-29,Papua,9.0,Tidak,2024,1,Non-El Nino
2024-01-30,Sumatera,14.0,Tidak,2024,1,Non-El Nino
2024-01-30,Jawa,1.0,Tidak,2024,1,Non-El Nino
2024-01-30,Kalimantan,47.0,Tidak,2024,1,Non-El Nino
2024-01-30,Sulawesi,10.0,Tidak,2024,1,Non-El Nino
2024-01-30,Bali-Nusa Tenggara,5.0,Tidak,2024,1,Non-El Nino
2024-01-30,Maluku,3.0,Tidak,2024,1,Non-El Nino
2024-01-30,Papua,4.0,Tidak,2024,1,Non-El Nino
2024-01-31,Sumatera,4.0,Tidak,2024,1,Non-El Nino
2024-01-31,Jawa,1.0,Tidak,2024,1,Non-El Nino
2024-01-31,Kalimantan,1.0,Tidak,2024,1,Non-El Nino
2024-01-31,Sulawesi,0.0,Tidak,2024,1,Non-El Nino
2024-01-31,Bali-Nusa Tenggara,9.0,Tidak,2024,1,Non-El Nino
2024-01-31,Maluku,0.0,Tidak,2024,1,Non-El Nino
2024-01-31,Papua,0.0,Tidak,2024,1,Non-El Nino
2024-02-01,Sumatera,22.0,Tidak,2024,2,Non-El Nino
2024-02-01,Jawa,1.0,Tidak,2024,2,Non-El Nino
2024-02-01,Kalimantan,11.0,Tidak,2024,2,Non-El Nino
2024-02-01,Sulawesi,22.0,Tidak,2024,2,Non-El Nino
2024-02-01,Bali-Nusa Tenggara,11.0,Tidak,2024,2,Non-El Nino
2024-02-01,Maluku,6.0,Tidak,2024,2,Non-El Nino
2024-02-01,Papua,2.0,Tidak,2024,2,Non-El Nino
2024-02-02,Sumatera,16.0,Tidak,2024,2,Non-El Nino
2024-02-02,Jawa,2.0,Tidak,2024,2,Non-El Nino
2024-02-02,Kalimantan,5.0,Tidak,2024,2,Non-El Nino
2024-02-02,Sulawesi,7.0,Tidak,2024,2,Non-El Nino
2024-02-02,Bali-Nusa Tenggara,5.0,Tidak,2024,2,Non-El Nino
2024-02-02,Maluku,13.0,Tidak,2024,2,Non-El Nino
2024-02-02,Papua,3.0,Tidak,2024,2,Non-El Nino
2024-02-03,Sumatera,6.0,Tidak,2024,2,Non-El Nino
2024-02-03,Jawa,0.0,Tidak,2024,2,Non-El Nino
2024-02-03,Kalimantan,2.0,Tidak,2024,2,Non-El Nino
2024-02-03,Sulawesi,6.0,Tidak,2024,2,Non-El Nino
2024-02-03,Bali-Nusa Tenggara,3.0,Tidak,2024,2,Non-El Nino
2024-02-03,Maluku,2.0,Tidak,2024,2,Non-El Nino
2024-02-03,Papua,3.0,Tidak,2024,2,Non-El Nino
2024-02-04,Sumatera,7.0,Tidak,2024,2,Non-El Nino
2024-02-04,Jawa,1.0,Tidak,2024,2,Non-El Nino
2024-02-04,Kalimantan,9.0,Tidak,2024,2,Non-El Nino
2024-02-04,Sulawesi,2.0,Tidak,2024,2,Non-El Nino
2024-02-04,Bali-Nusa Tenggara,0.0,Tidak,2024,2,Non-El Nino
2024-02-04,Maluku,1.0,Tidak,2024,2,Non-El Nino
2024-02-04,Papua,4.0,Tidak,2024,2,Non-El Nino
2024-02-05,Sumatera,12.0,Tidak,2024,2,Non-El Nino
2024-02-05,Jawa,14.0,Tidak,2024,2,Non-El Nino
2024-02-05,Kalimantan,6.0,Tidak,2024,2,Non-El Nino
2024-02-05,Sulawesi,0.0,Tidak,2024,2,Non-El Nino
2024-02-05,Bali-Nusa Tenggara,1.0,Tidak,2024,2,Non-El Nino
2024-02-05,Maluku,1.0,Tidak,2024,2,Non-El Nino
2024-02-05,Papua,4.0,Tidak,2024,2,Non-El Nino
2024-02-06,Sumatera,12.0,Tidak,2024,2,Non-El Nino
2024-02-06,Jawa,2.0,Tidak,2024,2,Non-El Nino
2024-02-06,Kalimantan,7.0,Tidak,2024,2,Non-El Nino
2024-02-06,Sulawesi,1.0,Tidak,2024,2,Non-El Nino
2024-02-06,Bali-Nusa Tenggara,1.0,Tidak,2024,2,Non-El Nino
2024-02-06,Maluku,0.0,Tidak,2024,2,Non-El Nino
2024-02-06,Papua,2.0,Tidak,2024,2,Non-El Nino
2024-02-07,Sumatera,19.0,Tidak,2024,2,Non-El Nino
2024-02-07,Jawa,3.0,Tidak,2024,2,Non-El Nino
2024-02-07,Kalimantan,3.0,Tidak,2024,2,Non-El Nino
2024-02-07,Sulawesi,17.0,Tidak,2024,2,Non-El Nino
2024-02-07,Bali-Nusa Tenggara,1.0,Tidak,2024,2,Non-El Nino
2024-02-07,Maluku,0.0,Tidak,2024,2,Non-El Nino
2024-02-07,Papua,0.0,Tidak,2024,2,Non-El Nino
2024-02-08,Sumatera,67.0,Tidak,2024,2,Non-El Nino
2024-02-08,Jawa,7.0,Tidak,2024,2,Non-El Nino
2024-02-08,Kalimantan,12.0,Tidak,2024,2,Non-El Nino
2024-02-08,Sulawesi,5.0,Tidak,2024,2,Non-El Nino
2024-02-08,Bali-Nusa Tenggara,0.0,Tidak,2024,2,Non-El Nino
2024-02-08,Maluku,0.0,Tidak,2024,2,Non-El Nino
2024-02-08,Papua,0.0,Tidak,2024,2,Non-El Nino
2024-02-09,Sumatera,17.0,Tidak,2024,2,Non-El Nino
2024-02-09,Jawa,19.0,Tidak,2024,2,Non-El Nino
2024-02-09,Kalimantan,8.0,Tidak,2024,2,Non-El Nino
2024-02-09,Sulawesi,9.0,Tidak,2024,2,Non-El Nino
2024-02-09,Bali-Nusa Tenggara,2.0,Tidak,2024,2,Non-El Nino
2024-02-09,Maluku,1.0,Tidak,2024,2,Non-El Nino
2024-02-09,Papua,0.0,Tidak,2024,2,Non-El Nino
2024-02-10,Sumatera,14.0,Tidak,2024,2,Non-El Nino
2024-02-10,Jawa,1.0,Tidak,2024,2,Non-El Nino
2024-02-10,Kalimantan,6.0,Tidak,2024,2,Non-El Nino
2024-02-10,Sulawesi,1.0,Tidak,2024,2,Non-El Nino
2024-02-10,Bali-Nusa Tenggara,5.0,Tidak,2024,2,Non-El Nino
2024-02-10,Maluku,3.0,Tidak,2024,2,Non-El Nino
2024-02-10,Papua,4.0,Tidak,2024,2,Non-El Nino
2024-02-11,Sumatera,41.0,Tidak,2024,2,Non-El Nino
2024-02-11,Jawa,0.0,Tidak,2024,2,Non-El Nino
2024-02-11,Kalimantan,7.0,Tidak,2024,2,Non-El Nino
2024-02-11,Sulawesi,1.0,Tidak,2024,2,Non-El Nino
2024-02-11,Bali-Nusa Tenggara,0.0,Tidak,2024,2,Non-El Nino
2024-02-11,Maluku,7.0,Tidak,2024,2,Non-El Nino
2024-02-11,Papua,3.0,Tidak,2024,2,Non-El Nino
2024-02-12,Sumatera,59.0,Tidak,2024,2,Non-El Nino
2024-02-12,Jawa,1.0,Tidak,2024,2,Non-El Nino
2024-02-12,Kalimantan,3.0,Tidak,2024,2,Non-El Nino
2024-02-12,Sulawesi,3.0,Tidak,2024,2,Non-El Nino
2024-02-12,Bali-Nusa Tenggara,0.0,Tidak,2024,2,Non-El Nino
2024-02-12,Maluku,6.0,Tidak,2024,2,Non-El Nino
2024-02-12,Papua,3.0,Tidak,2024,2,Non-El Nino
2024-02-13,Sumatera,69.0,Tidak,2024,2,Non-El Nino
2024-02-13,Jawa,0.0,Tidak,2024,2,Non-El Nino
2024-02-13,Kalimantan,17.0,Tidak,2024,2,Non-El Nino
2024-02-13,Sulawesi,3.0,Tidak,2024,2,Non-El Nino
2024-02-13,Bali-Nusa Tenggara,0.0,Tidak,2024,2,Non-El Nino
2024-02-13,Maluku,2.0,Tidak,2024,2,Non-El Nino
2024-02-13,Papua,1.0,Tidak,2024,2,Non-El Nino
2024-02-14,Sumatera,19.0,Tidak,2024,2,Non-El Nino
2024-02-14,Jawa,0.0,Tidak,2024,2,Non-El Nino
2024-02-14,Kalimantan,12.0,Tidak,2024,2,Non-El Nino
2024-02-14,Sulawesi,4.0,Tidak,2024,2,Non-El Nino
2024-02-14,Bali-Nusa Tenggara,0.0,Tidak,2024,2,Non-El Nino
2024-02-14,Maluku,3.0,Tidak,2024,2,Non-El Nino
2024-02-14,Papua,0.0,Tidak,2024,2,Non-El Nino
2024-02-15,Sumatera,8.0,Tidak,2024,2,Non-El Nino
2024-02-15,Jawa,23.0,Tidak,2024,2,Non-El Nino
2024-02-15,Kalimantan,35.0,Tidak,2024,2,Non-El Nino
2024-02-15,Sulawesi,4.0,Tidak,2024,2,Non-El Nino
2024-02-15,Bali-Nusa Tenggara,5.0,Tidak,2024,2,Non-El Nino
2024-02-15,Maluku,0.0,Tidak,2024,2,Non-El Nino
2024-02-15,Papua,0.0,Tidak,2024,2,Non-El Nino
2024-02-16,Sumatera,20.0,Tidak,2024,2,Non-El Nino
2024-02-16,Jawa,5.0,Tidak,2024,2,Non-El Nino
2024-02-16,Kalimantan,58.0,Tidak,2024,2,Non-El Nino
2024-02-16,Sulawesi,8.0,Tidak,2024,2,Non-El Nino
2024-02-16,Bali-Nusa Tenggara,2.0,Tidak,2024,2,Non-El Nino
2024-02-16,Maluku,6.0,Tidak,2024,2,Non-El Nino
2024-02-16,Papua,2.0,Tidak,2024,2,Non-El Nino
2024-02-17,Sumatera,14.0,Tidak,2024,2,Non-El Nino
2024-02-17,Jawa,2.0,Tidak,2024,2,Non-El Nino
2024-02-17,Kalimantan,59.0,Tidak,2024,2,Non-El Nino
2024-02-17,Sulawesi,24.0,Tidak,2024,2,Non-El Nino
2024-02-17,Bali-Nusa Tenggara,1.0,Tidak,2024,2,Non-El Nino
2024-02-17,Maluku,6.0,Tidak,2024,2,Non-El Nino
2024-02-17,Papua,2.0,Tidak,2024,2,Non-El Nino
2024-02-18,Sumatera,25.0,Tidak,2024,2,Non-El Nino
2024-02-18,Jawa,2.0,Tidak,2024,2,Non-El Nino
2024-02-18,Kalimantan,128.0,Tidak,2024,2,Non-El Nino
2024-02-18,Sulawesi,27.0,Tidak,2024,2,Non-El Nino
2024-02-18,Bali-Nusa Tenggara,1.0,Tidak,2024,2,Non-El Nino
2024-02-18,Maluku,7.0,Tidak,2024,2,Non-El Nino
2024-02-18,Papua,0.0,Tidak,2024,2,Non-El Nino
2024-02-19,Sumatera,28.0,Tidak,2024,2,Non-El Nino
2024-02-19,Jawa,1.0,Tidak,2024,2,Non-El Nino
2024-02-19,Kalimantan,98.0,Tidak,2024,2,Non-El Nino
2024-02-19,Sulawesi,49.0,Tidak,2024,2,Non-El Nino
2024-02-19,Bali-Nusa Tenggara,0.0,Tidak,2024,2,Non-El Nino
2024-02-19,Maluku,5.0,Tidak,2024,2,Non-El Nino
2024-02-19,Papua,1.0,Tidak,2024,2,Non-El Nino
2024-02-20,Sumatera,15.0,Tidak,2024,2,Non-El Nino
2024-02-20,Jawa,5.0,Tidak,2024,2,Non-El Nino
2024-02-20,Kalimantan,64.0,Tidak,2024,2,Non-El Nino
2024-02-20,Sulawesi,38.0,Tidak,2024,2,Non-El Nino
2024-02-20,Bali-Nusa Tenggara,2.0,Tidak,2024,2,Non-El Nino
2024-02-20,Maluku,3.0,Tidak,2024,2,Non-El Nino
2024-02-20,Papua,1.0,Tidak,2024,2,Non-El Nino
2024-02-21,Sumatera,7.0,Tidak,2024,2,Non-El Nino
2024-02-21,Jawa,9.0,Tidak,2024,2,Non-El Nino
2024-02-21,Kalimantan,120.0,Tidak,2024,2,Non-El Nino
2024-02-21,Sulawesi,13.0,Tidak,2024,2,Non-El Nino
2024-02-21,Bali-Nusa Tenggara,1.0,Tidak,2024,2,Non-El Nino
2024-02-21,Maluku,2.0,Tidak,2024,2,Non-El Nino
2024-02-21,Papua,1.0,Tidak,2024,2,Non-El Nino
2024-02-22,Sumatera,14.0,Tidak,2024,2,Non-El Nino
2024-02-22,Jawa,6.0,Tidak,2024,2,Non-El Nino
2024-02-22,Kalimantan,80.0,Tidak,2024,2,Non-El Nino
2024-02-22,Sulawesi,50.0,Tidak,2024,2,Non-El Nino
2024-02-22,Bali-Nusa Tenggara,7.0,Tidak,2024,2,Non-El Nino
2024-02-22,Maluku,4.0,Tidak,2024,2,Non-El Nino
2024-02-22,Papua,2.0,Tidak,2024,2,Non-El Nino
2024-02-23,Sumatera,13.0,Tidak,2024,2,Non-El Nino
2024-02-23,Jawa,1.0,Tidak,2024,2,Non-El Nino
2024-02-23,Kalimantan,72.0,Tidak,2024,2,Non-El Nino
2024-02-23,Sulawesi,18.0,Tidak,2024,2,Non-El Nino
2024-02-23,Bali-Nusa Tenggara,5.0,Tidak,2024,2,Non-El Nino
2024-02-23,Maluku,2.0,Tidak,2024,2,Non-El Nino
2024-02-23,Papua,0.0,Tidak,2024,2,Non-El Nino
2024-02-24,Sumatera,28.0,Tidak,2024,2,Non-El Nino
2024-02-24,Jawa,1.0,Tidak,2024,2,Non-El Nino
2024-02-24,Kalimantan,79.0,Tidak,2024,2,Non-El Nino
2024-02-24,Sulawesi,35.0,Tidak,2024,2,Non-El Nino
2024-02-24,Bali-Nusa Tenggara,1.0,Tidak,2024,2,Non-El Nino
2024-02-24,Maluku,3.0,Tidak,2024,2,Non-El Nino
2024-02-24,Papua,2.0,Tidak,2024,2,Non-El Nino
2024-02-25,Sumatera,13.0,Tidak,2024,2,Non-El Nino
2024-02-25,Jawa,0.0,Tidak,2024,2,Non-El Nino
2024-02-25,Kalimantan,52.0,Tidak,2024,2,Non-El Nino
2024-02-25,Sulawesi,14.0,Tidak,2024,2,Non-El Nino
2024-02-25,Bali-Nusa Tenggara,0.0,Tidak,2024,2,Non-El Nino
2024-02-25,Maluku,6.0,Tidak,2024,2,Non-El Nino
2024-02-25,Papua,4.0,Tidak,2024,2,Non-El Nino
2024-02-26,Sumatera,12.0,Tidak,2024,2,Non-El Nino
2024-02-26,Jawa,4.0,Tidak,2024,2,Non-El Nino
2024-02-26,Kalimantan,1.0,Tidak,2024,2,Non-El Nino
2024-02-26,Sulawesi,8.0,Tidak,2024,2,Non-El Nino
2024-02-26,Bali-Nusa Tenggara,2.0,Tidak,2024,2,Non-El Nino
2024-02-26,Maluku,3.0,Tidak,2024,2,Non-El Nino
2024-02-26,Papua,1.0,Tidak,2024,2,Non-El Nino
2024-02-27,Sumatera,26.0,Tidak,2024,2,Non-El Nino
2024-02-27,Jawa,6.0,Tidak,2024,2,Non-El Nino
2024-02-27,Kalimantan,27.0,Tidak,2024,2,Non-El Nino
2024-02-27,Sulawesi,17.0,Tidak,2024,2,Non-El Nino
2024-02-27,Bali-Nusa Tenggara,3.0,Tidak,2024,2,Non-El Nino
2024-02-27,Maluku,5.0,Tidak,2024,2,Non-El Nino
2024-02-27,Papua,4.0,Tidak,2024,2,Non-El Nino
2024-02-28,Sumatera,43.0,Tidak,2024,2,Non-El Nino
2024-02-28,Jawa,0.0,Tidak,2024,2,Non-El Nino
2024-02-28,Kalimantan,34.0,Tidak,2024,2,Non-El Nino
2024-02-28,Sulawesi,30.0,Tidak,2024,2,Non-El Nino
2024-02-28,Bali-Nusa Tenggara,5.0,Tidak,2024,2,Non-El Nino
2024-02-28,Maluku,6.0,Tidak,2024,2,Non-El Nino
2024-02-28,Papua,2.0,Tidak,2024,2,Non-El Nino
2024-02-29,Sumatera,93.0,Tidak,2024,2,Non-El Nino
2024-02-29,Jawa,2.0,Tidak,2024,2,Non-El Nino
2024-02-29,Kalimantan,54.0,Tidak,2024,2,Non-El Nino
2024-02-29,Sulawesi,15.0,Tidak,2024,2,Non-El Nino
2024-02-29,Bali-Nusa Tenggara,9.0,Tidak,2024,2,Non-El Nino
2024-02-29,Maluku,6.0,Tidak,2024,2,Non-El Nino
2024-02-29,Papua,0.0,Tidak,2024,2,Non-El Nino
2024-03-01,Sumatera,19.0,Tidak,2024,3,Non-El Nino
2024-03-01,Jawa,4.0,Tidak,2024,3,Non-El Nino
2024-03-01,Kalimantan,11.0,Tidak,2024,3,Non-El Nino
2024-03-01,Sulawesi,8.0,Tidak,2024,3,Non-El Nino
2024-03-01,Bali-Nusa Tenggara,3.0,Tidak,2024,3,Non-El Nino
2024-03-01,Maluku,0.0,Tidak,2024,3,Non-El Nino
2024-03-01,Papua,1.0,Tidak,2024,3,Non-El Nino
2024-03-02,Sumatera,2.0,Tidak,2024,3,Non-El Nino
2024-03-02,Jawa,0.0,Tidak,2024,3,Non-El Nino
2024-03-02,Kalimantan,5.0,Tidak,2024,3,Non-El Nino
2024-03-02,Sulawesi,4.0,Tidak,2024,3,Non-El Nino
2024-03-02,Bali-Nusa Tenggara,3.0,Tidak,2024,3,Non-El Nino
2024-03-02,Maluku,2.0,Tidak,2024,3,Non-El Nino
2024-03-02,Papua,0.0,Tidak,2024,3,Non-El Nino
2024-03-03,Sumatera,3.0,Tidak,2024,3,Non-El Nino
2024-03-03,Jawa,1.0,Tidak,2024,3,Non-El Nino
2024-03-03,Kalimantan,13.0,Tidak,2024,3,Non-El Nino
2024-03-03,Sulawesi,1.0,Tidak,2024,3,Non-El Nino
2024-03-03,Bali-Nusa Tenggara,1.0,Tidak,2024,3,Non-El Nino
2024-03-03,Maluku,1.0,Tidak,2024,3,Non-El Nino
2024-03-03,Papua,0.0,Tidak,2024,3,Non-El Nino
2024-03-04,Sumatera,2.0,Tidak,2024,3,Non-El Nino
2024-03-04,Jawa,4.0,Tidak,2024,3,Non-El Nino
2024-03-04,Kalimantan,7.0,Tidak,2024,3,Non-El Nino
2024-03-04,Sulawesi,5.0,Tidak,2024,3,Non-El Nino
2024-03-04,Bali-Nusa Tenggara,1.0,Tidak,2024,3,Non-El Nino
2024-03-04,Maluku,0.0,Tidak,2024,3,Non-El Nino
2024-03-04,Papua,0.0,Tidak,2024,3,Non-El Nino
2024-03-05,Sumatera,2.0,Tidak,2024,3,Non-El Nino
2024-03-05,Jawa,0.0,Tidak,2024,3,Non-El Nino
2024-03-05,Kalimantan,27.0,Tidak,2024,3,Non-El Nino
2024-03-05,Sulawesi,1.0,Tidak,2024,3,Non-El Nino
2024-03-05,Bali-Nusa Tenggara,4.0,Tidak,2024,3,Non-El Nino
2024-03-05,Maluku,4.0,Tidak,2024,3,Non-El Nino
2024-03-05,Papua,0.0,Tidak,2024,3,Non-El Nino
2024-03-06,Sumatera,7.0,Tidak,2024,3,Non-El Nino
2024-03-06,Jawa,0.0,Tidak,2024,3,Non-El Nino
2024-03-06,Kalimantan,18.0,Tidak,2024,3,Non-El Nino
2024-03-06,Sulawesi,6.0,Tidak,2024,3,Non-El Nino
2024-03-06,Bali-Nusa Tenggara,0.0,Tidak,2024,3,Non-El Nino
2024-03-06,Maluku,1.0,Tidak,2024,3,Non-El Nino
2024-03-06,Papua,0.0,Tidak,2024,3,Non-El Nino
2024-03-07,Sumatera,1.0,Tidak,2024,3,Non-El Nino
2024-03-07,Jawa,2.0,Tidak,2024,3,Non-El Nino
2024-03-07,Kalimantan,5.0,Tidak,2024,3,Non-El Nino
2024-03-07,Sulawesi,1.0,Tidak,2024,3,Non-El Nino
2024-03-07,Bali-Nusa Tenggara,0.0,Tidak,2024,3,Non-El Nino
2024-03-07,Maluku,0.0,Tidak,2024,3,Non-El Nino
2024-03-07,Papua,0.0,Tidak,2024,3,Non-El Nino
2024-03-08,Sumatera,0.0,Tidak,2024,3,Non-El Nino
2024-03-08,Jawa,0.0,Tidak,2024,3,Non-El Nino
2024-03-08,Kalimantan,7.0,Tidak,2024,3,Non-El Nino
2024-03-08,Sulawesi,2.0,Tidak,2024,3,Non-El Nino
2024-03-08,Bali-Nusa Tenggara,0.0,Tidak,2024,3,Non-El Nino
2024-03-08,Maluku,0.0,Tidak,2024,3,Non-El Nino
2024-03-08,Papua,0.0,Tidak,2024,3,Non-El Nino
2024-03-09,Sumatera,2.0,Tidak,2024,3,Non-El Nino
2024-03-09,Jawa,0.0,Tidak,2024,3,Non-El Nino
2024-03-09,Kalimantan,12.0,Tidak,2024,3,Non-El Nino
2024-03-09,Sulawesi,2.0,Tidak,2024,3,Non-El Nino
2024-03-09,Bali-Nusa Tenggara,0.0,Tidak,2024,3,Non-El Nino
2024-03-09,Maluku,1.0,Tidak,2024,3,Non-El Nino
2024-03-09,Papua,1.0,Tidak,2024,3,Non-El Nino
2024-03-10,Sumatera,1.0,Tidak,2024,3,Non-El Nino
2024-03-10,Jawa,0.0,Tidak,2024,3,Non-El Nino
2024-03-10,Kalimantan,9.0,Tidak,2024,3,Non-El Nino
2024-03-10,Sulawesi,1.0,Tidak,2024,3,Non-El Nino
2024-03-10,Bali-Nusa Tenggara,0.0,Tidak,2024,3,Non-El Nino
2024-03-10,Maluku,0.0,Tidak,2024,3,Non-El Nino
2024-03-10,Papua,0.0,Tidak,2024,3,Non-El Nino
2024-03-11,Sumatera,9.0,Tidak,2024,3,Non-El Nino
2024-03-11,Jawa,0.0,Tidak,2024,3,Non-El Nino
2024-03-11,Kalimantan,21.0,Tidak,2024,3,Non-El Nino
2024-03-11,Sulawesi,3.0,Tidak,2024,3,Non-El Nino
2024-03-11,Bali-Nusa Tenggara,0.0,Tidak,2024,3,Non-El Nino
2024-03-11,Maluku,0.0,Tidak,2024,3,Non-El Nino
2024-03-11,Papua,0.0,Tidak,2024,3,Non-El Nino
2024-03-12,Sumatera,33.0,Tidak,2024,3,Non-El Nino
2024-03-12,Jawa,0.0,Tidak,2024,3,Non-El Nino
2024-03-12,Kalimantan,11.0,Tidak,2024,3,Non-El Nino
2024-03-12,Sulawesi,4.0,Tidak,2024,3,Non-El Nino
2024-03-12,Bali-Nusa Tenggara,0.0,Tidak,2024,3,Non-El Nino
2024-03-12,Maluku,0.0,Tidak,2024,3,Non-El Nino
2024-03-12,Papua,0.0,Tidak,2024,3,Non-El Nino
2024-03-13,Sumatera,40.0,Tidak,2024,3,Non-El Nino
2024-03-13,Jawa,0.0,Tidak,2024,3,Non-El Nino
2024-03-13,Kalimantan,14.0,Tidak,2024,3,Non-El Nino
2024-03-13,Sulawesi,2.0,Tidak,2024,3,Non-El Nino
2024-03-13,Bali-Nusa Tenggara,0.0,Tidak,2024,3,Non-El Nino
2024-03-13,Maluku,0.0,Tidak,2024,3,Non-El Nino
2024-03-13,Papua,1.0,Tidak,2024,3,Non-El Nino
2024-03-14,Sumatera,52.0,Tidak,2024,3,Non-El Nino
2024-03-14,Jawa,0.0,Tidak,2024,3,Non-El Nino
2024-03-14,Kalimantan,14.0,Tidak,2024,3,Non-El Nino
2024-03-14,Sulawesi,0.0,Tidak,2024,3,Non-El Nino
2024-03-14,Bali-Nusa Tenggara,0.0,Tidak,2024,3,Non-El Nino
2024-03-14,Maluku,0.0,Tidak,2024,3,Non-El Nino
2024-03-14,Papua,0.0,Tidak,2024,3,Non-El Nino
2024-03-15,Sumatera,34.0,Tidak,2024,3,Non-El Nino
2024-03-15,Jawa,0.0,Tidak,2024,3,Non-El Nino
2024-03-15,Kalimantan,10.0,Tidak,2024,3,Non-El Nino
2024-03-15,Sulawesi,13.0,Tidak,2024,3,Non-El Nino
2024-03-15,Bali-Nusa Tenggara,0.0,Tidak,2024,3,Non-El Nino
2024-03-15,Maluku,0.0,Tidak,2024,3,Non-El Nino
2024-03-15,Papua,0.0,Tidak,2024,3,Non-El Nino
2024-03-16,Sumatera,67.0,Tidak,2024,3,Non-El Nino
2024-03-16,Jawa,0.0,Tidak,2024,3,Non-El Nino
2024-03-16,Kalimantan,40.0,Tidak,2024,3,Non-El Nino
2024-03-16,Sulawesi,6.0,Tidak,2024,3,Non-El Nino
2024-03-16,Bali-Nusa Tenggara,0.0,Tidak,2024,3,Non-El Nino
2024-03-16,Maluku,2.0,Tidak,2024,3,Non-El Nino
2024-03-16,Papua,0.0,Tidak,2024,3,Non-El Nino
2024-03-17,Sumatera,108.0,Tidak,2024,3,Non-El Nino
2024-03-17,Jawa,1.0,Tidak,2024,3,Non-El Nino
2024-03-17,Kalimantan,76.0,Tidak,2024,3,Non-El Nino
2024-03-17,Sulawesi,13.0,Tidak,2024,3,Non-El Nino
2024-03-17,Bali-Nusa Tenggara,0.0,Tidak,2024,3,Non-El Nino
2024-03-17,Maluku,0.0,Tidak,2024,3,Non-El Nino
2024-03-17,Papua,0.0,Tidak,2024,3,Non-El Nino
2024-03-18,Sumatera,122.0,Tidak,2024,3,Non-El Nino
2024-03-18,Jawa,7.0,Tidak,2024,3,Non-El Nino
2024-03-18,Kalimantan,163.0,Tidak,2024,3,Non-El Nino
2024-03-18,Sulawesi,13.0,Tidak,2024,3,Non-El Nino
2024-03-18,Bali-Nusa Tenggara,0.0,Tidak,2024,3,Non-El Nino
2024-03-18,Maluku,5.0,Tidak,2024,3,Non-El Nino
2024-03-18,Papua,0.0,Tidak,2024,3,Non-El Nino
2024-03-19,Sumatera,113.0,Tidak,2024,3,Non-El Nino
2024-03-19,Jawa,11.0,Tidak,2024,3,Non-El Nino
2024-03-19,Kalimantan,54.0,Tidak,2024,3,Non-El Nino
2024-03-19,Sulawesi,9.0,Tidak,2024,3,Non-El Nino
2024-03-19,Bali-Nusa Tenggara,2.0,Tidak,2024,3,Non-El Nino
2024-03-19,Maluku,3.0,Tidak,2024,3,Non-El Nino
2024-03-19,Papua,2.0,Tidak,2024,3,Non-El Nino
2024-03-20,Sumatera,111.0,Tidak,2024,3,Non-El Nino
2024-03-20,Jawa,9.0,Tidak,2024,3,Non-El Nino
2024-03-20,Kalimantan,31.0,Tidak,2024,3,Non-El Nino
2024-03-20,Sulawesi,10.0,Tidak,2024,3,Non-El Nino
2024-03-20,Bali-Nusa Tenggara,4.0,Tidak,2024,3,Non-El Nino
2024-03-20,Maluku,1.0,Tidak,2024,3,Non-El Nino
2024-03-20,Papua,0.0,Tidak,2024,3,Non-El Nino
2024-03-21,Sumatera,189.0,Tidak,2024,3,Non-El Nino
2024-03-21,Jawa,2.0,Tidak,2024,3,Non-El Nino
2024-03-21,Kalimantan,30.0,Tidak,2024,3,Non-El Nino
2024-03-21,Sulawesi,2.0,Tidak,2024,3,Non-El Nino
2024-03-21,Bali-Nusa Tenggara,10.0,Tidak,2024,3,Non-El Nino
2024-03-21,Maluku,0.0,Tidak,2024,3,Non-El Nino
2024-03-21,Papua,0.0,Tidak,2024,3,Non-El Nino
2024-03-22,Sumatera,134.0,Tidak,2024,3,Non-El Nino
2024-03-22,Jawa,2.0,Tidak,2024,3,Non-El Nino
2024-03-22,Kalimantan,88.0,Tidak,2024,3,Non-El Nino
2024-03-22,Sulawesi,0.0,Tidak,2024,3,Non-El Nino
2024-03-22,Bali-Nusa Tenggara,7.0,Tidak,2024,3,Non-El Nino
2024-03-22,Maluku,3.0,Tidak,2024,3,Non-El Nino
2024-03-22,Papua,3.0,Tidak,2024,3,Non-El Nino
2024-03-23,Sumatera,115.0,Tidak,2024,3,Non-El Nino
2024-03-23,Jawa,10.0,Tidak,2024,3,Non-El Nino
2024-03-23,Kalimantan,50.0,Tidak,2024,3,Non-El Nino
2024-03-23,Sulawesi,7.0,Tidak,2024,3,Non-El Nino
2024-03-23,Bali-Nusa Tenggara,3.0,Tidak,2024,3,Non-El Nino
2024-03-23,Maluku,3.0,Tidak,2024,3,Non-El Nino
2024-03-23,Papua,0.0,Tidak,2024,3,Non-El Nino
2024-03-24,Sumatera,140.0,Tidak,2024,3,Non-El Nino
2024-03-24,Jawa,5.0,Tidak,2024,3,Non-El Nino
2024-03-24,Kalimantan,73.0,Tidak,2024,3,Non-El Nino
2024-03-24,Sulawesi,7.0,Tidak,2024,3,Non-El Nino
2024-03-24,Bali-Nusa Tenggara,7.0,Tidak,2024,3,Non-El Nino
2024-03-24,Maluku,3.0,Tidak,2024,3,Non-El Nino
2024-03-24,Papua,1.0,Tidak,2024,3,Non-El Nino
2024-03-25,Sumatera,96.0,Tidak,2024,3,Non-El Nino
2024-03-25,Jawa,2.0,Tidak,2024,3,Non-El Nino
2024-03-25,Kalimantan,108.0,Tidak,2024,3,Non-El Nino
2024-03-25,Sulawesi,29.0,Tidak,2024,3,Non-El Nino
2024-03-25,Bali-Nusa Tenggara,5.0,Tidak,2024,3,Non-El Nino
2024-03-25,Maluku,1.0,Tidak,2024,3,Non-El Nino
2024-03-25,Papua,4.0,Tidak,2024,3,Non-El Nino
2024-03-26,Sumatera,52.0,Tidak,2024,3,Non-El Nino
2024-03-26,Jawa,0.0,Tidak,2024,3,Non-El Nino
2024-03-26,Kalimantan,42.0,Tidak,2024,3,Non-El Nino
2024-03-26,Sulawesi,4.0,Tidak,2024,3,Non-El Nino
2024-03-26,Bali-Nusa Tenggara,4.0,Tidak,2024,3,Non-El Nino
2024-03-26,Maluku,0.0,Tidak,2024,3,Non-El Nino
2024-03-26,Papua,4.0,Tidak,2024,3,Non-El Nino
2024-03-27,Sumatera,71.0,Tidak,2024,3,Non-El Nino
2024-03-27,Jawa,3.0,Tidak,2024,3,Non-El Nino
2024-03-27,Kalimantan,13.0,Tidak,2024,3,Non-El Nino
2024-03-27,Sulawesi,4.0,Tidak,2024,3,Non-El Nino
2024-03-27,Bali-Nusa Tenggara,4.0,Tidak,2024,3,Non-El Nino
2024-03-27,Maluku,2.0,Tidak,2024,3,Non-El Nino
2024-03-27,Papua,1.0,Tidak,2024,3,Non-El Nino
2024-03-28,Sumatera,36.0,Tidak,2024,3,Non-El Nino
2024-03-28,Jawa,8.0,Tidak,2024,3,Non-El Nino
2024-03-28,Kalimantan,5.0,Tidak,2024,3,Non-El Nino
2024-03-28,Sulawesi,8.0,Tidak,2024,3,Non-El Nino
2024-03-28,Bali-Nusa Tenggara,2.0,Tidak,2024,3,Non-El Nino
2024-03-28,Maluku,0.0,Tidak,2024,3,Non-El Nino
2024-03-28,Papua,2.0,Tidak,2024,3,Non-El Nino
2024-03-29,Sumatera,28.0,Tidak,2024,3,Non-El Nino
2024-03-29,Jawa,16.0,Tidak,2024,3,Non-El Nino
2024-03-29,Kalimantan,15.0,Tidak,2024,3,Non-El Nino
2024-03-29,Sulawesi,8.0,Tidak,2024,3,Non-El Nino
2024-03-29,Bali-Nusa Tenggara,4.0,Tidak,2024,3,Non-El Nino
2024-03-29,Maluku,0.0,Tidak,2024,3,Non-El Nino
2024-03-29,Papua,0.0,Tidak,2024,3,Non-El Nino
2024-03-30,Sumatera,10.0,Tidak,2024,3,Non-El Nino
2024-03-30,Jawa,7.0,Tidak,2024,3,Non-El Nino
2024-03-30,Kalimantan,14.0,Tidak,2024,3,Non-El Nino
2024-03-30,Sulawesi,14.0,Tidak,2024,3,Non-El Nino
2024-03-30,Bali-Nusa Tenggara,2.0,Tidak,2024,3,Non-El Nino
2024-03-30,Maluku,2.0,Tidak,2024,3,Non-El Nino
2024-03-30,Papua,2.0,Tidak,2024,3,Non-El Nino
2024-03-31,Sumatera,8.0,Tidak,2024,3,Non-El Nino
2024-03-31,Jawa,0.0,Tidak,2024,3,Non-El Nino
2024-03-31,Kalimantan,22.0,Tidak,2024,3,Non-El Nino
2024-03-31,Sulawesi,14.0,Tidak,2024,3,Non-El Nino
2024-03-31,Bali-Nusa Tenggara,0.0,Tidak,2024,3,Non-El Nino
2024-03-31,Maluku,0.0,Tidak,2024,3,Non-El Nino
2024-03-31,Papua,1.0,Tidak,2024,3,Non-El Nino
2024-04-01,Sumatera,24.0,Tidak,2024,4,Non-El Nino
2024-04-01,Jawa,0.0,Tidak,2024,4,Non-El Nino
2024-04-01,Kalimantan,15.0,Tidak,2024,4,Non-El Nino
2024-04-01,Sulawesi,5.0,Tidak,2024,4,Non-El Nino
2024-04-01,Bali-Nusa Tenggara,1.0,Tidak,2024,4,Non-El Nino
2024-04-01,Maluku,0.0,Tidak,2024,4,Non-El Nino
2024-04-01,Papua,0.0,Tidak,2024,4,Non-El Nino
2024-04-02,Sumatera,46.0,Tidak,2024,4,Non-El Nino
2024-04-02,Jawa,0.0,Tidak,2024,4,Non-El Nino
2024-04-02,Kalimantan,15.0,Tidak,2024,4,Non-El Nino
2024-04-02,Sulawesi,3.0,Tidak,2024,4,Non-El Nino
2024-04-02,Bali-Nusa Tenggara,0.0,Tidak,2024,4,Non-El Nino
2024-04-02,Maluku,0.0,Tidak,2024,4,Non-El Nino
2024-04-02,Papua,1.0,Tidak,2024,4,Non-El Nino
2024-04-03,Sumatera,21.0,Tidak,2024,4,Non-El Nino
2024-04-03,Jawa,10.0,Tidak,2024,4,Non-El Nino
2024-04-03,Kalimantan,46.0,Tidak,2024,4,Non-El Nino
2024-04-03,Sulawesi,3.0,Tidak,2024,4,Non-El Nino
2024-04-03,Bali-Nusa Tenggara,0.0,Tidak,2024,4,Non-El Nino
2024-04-03,Maluku,0.0,Tidak,2024,4,Non-El Nino
2024-04-03,Papua,0.0,Tidak,2024,4,Non-El Nino
2024-04-04,Sumatera,11.0,Tidak,2024,4,Non-El Nino
2024-04-04,Jawa,7.0,Tidak,2024,4,Non-El Nino
2024-04-04,Kalimantan,91.0,Tidak,2024,4,Non-El Nino
2024-04-04,Sulawesi,9.0,Tidak,2024,4,Non-El Nino
2024-04-04,Bali-Nusa Tenggara,0.0,Tidak,2024,4,Non-El Nino
2024-04-04,Maluku,0.0,Tidak,2024,4,Non-El Nino
2024-04-04,Papua,0.0,Tidak,2024,4,Non-El Nino
2024-04-05,Sumatera,31.0,Tidak,2024,4,Non-El Nino
2024-04-05,Jawa,1.0,Tidak,2024,4,Non-El Nino
2024-04-05,Kalimantan,71.0,Tidak,2024,4,Non-El Nino
2024-04-05,Sulawesi,11.0,Tidak,2024,4,Non-El Nino
2024-04-05,Bali-Nusa Tenggara,0.0,Tidak,2024,4,Non-El Nino
2024-04-05,Maluku,0.0,Tidak,2024,4,Non-El Nino
2024-04-05,Papua,0.0,Tidak,2024,4,Non-El Nino
2024-04-06,Sumatera,66.0,Tidak,2024,4,Non-El Nino
2024-04-06,Jawa,1.0,Tidak,2024,4,Non-El Nino
2024-04-06,Kalimantan,49.0,Tidak,2024,4,Non-El Nino
2024-04-06,Sulawesi,11.0,Tidak,2024,4,Non-El Nino
2024-04-06,Bali-Nusa Tenggara,2.0,Tidak,2024,4,Non-El Nino
2024-04-06,Maluku,0.0,Tidak,2024,4,Non-El Nino
2024-04-06,Papua,0.0,Tidak,2024,4,Non-El Nino
2024-04-07,Sumatera,35.0,Tidak,2024,4,Non-El Nino
2024-04-07,Jawa,1.0,Tidak,2024,4,Non-El Nino
2024-04-07,Kalimantan,14.0,Tidak,2024,4,Non-El Nino
2024-04-07,Sulawesi,0.0,Tidak,2024,4,Non-El Nino
2024-04-07,Bali-Nusa Tenggara,3.0,Tidak,2024,4,Non-El Nino
2024-04-07,Maluku,0.0,Tidak,2024,4,Non-El Nino
2024-04-07,Papua,1.0,Tidak,2024,4,Non-El Nino
2024-04-08,Sumatera,12.0,Tidak,2024,4,Non-El Nino
2024-04-08,Jawa,4.0,Tidak,2024,4,Non-El Nino
2024-04-08,Kalimantan,36.0,Tidak,2024,4,Non-El Nino
2024-04-08,Sulawesi,0.0,Tidak,2024,4,Non-El Nino
2024-04-08,Bali-Nusa Tenggara,2.0,Tidak,2024,4,Non-El Nino
2024-04-08,Maluku,2.0,Tidak,2024,4,Non-El Nino
2024-04-08,Papua,3.0,Tidak,2024,4,Non-El Nino
2024-04-09,Sumatera,8.0,Tidak,2024,4,Non-El Nino
2024-04-09,Jawa,0.0,Tidak,2024,4,Non-El Nino
2024-04-09,Kalimantan,9.0,Tidak,2024,4,Non-El Nino
2024-04-09,Sulawesi,2.0,Tidak,2024,4,Non-El Nino
2024-04-09,Bali-Nusa Tenggara,0.0,Tidak,2024,4,Non-El Nino
2024-04-09,Maluku,0.0,Tidak,2024,4,Non-El Nino
2024-04-09,Papua,1.0,Tidak,2024,4,Non-El Nino
2024-04-10,Sumatera,0.0,Tidak,2024,4,Non-El Nino
2024-04-10,Jawa,0.0,Tidak,2024,4,Non-El Nino
2024-04-10,Kalimantan,24.0,Tidak,2024,4,Non-El Nino
2024-04-10,Sulawesi,0.0,Tidak,2024,4,Non-El Nino
2024-04-10,Bali-Nusa Tenggara,2.0,Tidak,2024,4,Non-El Nino
2024-04-10,Maluku,1.0,Tidak,2024,4,Non-El Nino
2024-04-10,Papua,0.0,Tidak,2024,4,Non-El Nino
2024-04-11,Sumatera,8.0,Tidak,2024,4,Non-El Nino
2024-04-11,Jawa,0.0,Tidak,2024,4,Non-El Nino
2024-04-11,Kalimantan,67.0,Tidak,2024,4,Non-El Nino
2024-04-11,Sulawesi,13.0,Tidak,2024,4,Non-El Nino
2024-04-11,Bali-Nusa Tenggara,3.0,Tidak,2024,4,Non-El Nino
2024-04-11,Maluku,1.0,Tidak,2024,4,Non-El Nino
2024-04-11,Papua,0.0,Tidak,2024,4,Non-El Nino
2024-04-12,Sumatera,22.0,Tidak,2024,4,Non-El Nino
2024-04-12,Jawa,0.0,Tidak,2024,4,Non-El Nino
2024-04-12,Kalimantan,64.0,Tidak,2024,4,Non-El Nino
2024-04-12,Sulawesi,5.0,Tidak,2024,4,Non-El Nino
2024-04-12,Bali-Nusa Tenggara,7.0,Tidak,2024,4,Non-El Nino
2024-04-12,Maluku,4.0,Tidak,2024,4,Non-El Nino
2024-04-12,Papua,0.0,Tidak,2024,4,Non-El Nino
2024-04-13,Sumatera,43.0,Tidak,2024,4,Non-El Nino
2024-04-13,Jawa,5.0,Tidak,2024,4,Non-El Nino
2024-04-13,Kalimantan,70.0,Tidak,2024,4,Non-El Nino
2024-04-13,Sulawesi,7.0,Tidak,2024,4,Non-El Nino
2024-04-13,Bali-Nusa Tenggara,2.0,Tidak,2024,4,Non-El Nino
2024-04-13,Maluku,5.0,Tidak,2024,4,Non-El Nino
2024-04-13,Papua,3.0,Tidak,2024,4,Non-El Nino
2024-04-14,Sumatera,9.0,Tidak,2024,4,Non-El Nino
2024-04-14,Jawa,2.0,Tidak,2024,4,Non-El Nino
2024-04-14,Kalimantan,80.0,Tidak,2024,4,Non-El Nino
2024-04-14,Sulawesi,2.0,Tidak,2024,4,Non-El Nino
2024-04-14,Bali-Nusa Tenggara,4.0,Tidak,2024,4,Non-El Nino
2024-04-14,Maluku,1.0,Tidak,2024,4,Non-El Nino
2024-04-14,Papua,1.0,Tidak,2024,4,Non-El Nino
2024-04-15,Sumatera,22.0,Tidak,2024,4,Non-El Nino
2024-04-15,Jawa,5.0,Tidak,2024,4,Non-El Nino
2024-04-15,Kalimantan,135.0,Tidak,2024,4,Non-El Nino
2024-04-15,Sulawesi,3.0,Tidak,2024,4,Non-El Nino
2024-04-15,Bali-Nusa Tenggara,3.0,Tidak,2024,4,Non-El Nino
2024-04-15,Maluku,1.0,Tidak,2024,4,Non-El Nino
2024-04-15,Papua,0.0,Tidak,2024,4,Non-El Nino
2024-04-16,Sumatera,19.0,Tidak,2024,4,Non-El Nino
2024-04-16,Jawa,2.0,Tidak,2024,4,Non-El Nino
2024-04-16,Kalimantan,118.0,Tidak,2024,4,Non-El Nino
2024-04-16,Sulawesi,20.0,Tidak,2024,4,Non-El Nino
2024-04-16,Bali-Nusa Tenggara,0.0,Tidak,2024,4,Non-El Nino
2024-04-16,Maluku,2.0,Tidak,2024,4,Non-El Nino
2024-04-16,Papua,0.0,Tidak,2024,4,Non-El Nino
2024-04-17,Sumatera,4.0,Tidak,2024,4,Non-El Nino
2024-04-17,Jawa,3.0,Tidak,2024,4,Non-El Nino
2024-04-17,Kalimantan,207.0,Tidak,2024,4,Non-El Nino
2024-04-17,Sulawesi,9.0,Tidak,2024,4,Non-El Nino
2024-04-17,Bali-Nusa Tenggara,3.0,Tidak,2024,4,Non-El Nino
2024-04-17,Maluku,2.0,Tidak,2024,4,Non-El Nino
2024-04-17,Papua,0.0,Tidak,2024,4,Non-El Nino
2024-04-18,Sumatera,5.0,Tidak,2024,4,Non-El Nino
2024-04-18,Jawa,0.0,Tidak,2024,4,Non-El Nino
2024-04-18,Kalimantan,101.0,Tidak,2024,4,Non-El Nino
2024-04-18,Sulawesi,8.0,Tidak,2024,4,Non-El Nino
2024-04-18,Bali-Nusa Tenggara,2.0,Tidak,2024,4,Non-El Nino
2024-04-18,Maluku,1.0,Tidak,2024,4,Non-El Nino
2024-04-18,Papua,0.0,Tidak,2024,4,Non-El Nino
2024-04-19,Sumatera,3.0,Tidak,2024,4,Non-El Nino
2024-04-19,Jawa,1.0,Tidak,2024,4,Non-El Nino
2024-04-19,Kalimantan,18.0,Tidak,2024,4,Non-El Nino
2024-04-19,Sulawesi,4.0,Tidak,2024,4,Non-El Nino
2024-04-19,Bali-Nusa Tenggara,0.0,Tidak,2024,4,Non-El Nino
2024-04-19,Maluku,3.0,Tidak,2024,4,Non-El Nino
2024-04-19,Papua,1.0,Tidak,2024,4,Non-El Nino
2024-04-20,Sumatera,6.0,Tidak,2024,4,Non-El Nino
2024-04-20,Jawa,2.0,Tidak,2024,4,Non-El Nino
2024-04-20,Kalimantan,50.0,Tidak,2024,4,Non-El Nino
2024-04-20,Sulawesi,6.0,Tidak,2024,4,Non-El Nino
2024-04-20,Bali-Nusa Tenggara,1.0,Tidak,2024,4,Non-El Nino
2024-04-20,Maluku,3.0,Tidak,2024,4,Non-El Nino
2024-04-20,Papua,2.0,Tidak,2024,4,Non-El Nino
2024-04-21,Sumatera,10.0,Tidak,2024,4,Non-El Nino
2024-04-21,Jawa,4.0,Tidak,2024,4,Non-El Nino
2024-04-21,Kalimantan,62.0,Tidak,2024,4,Non-El Nino
2024-04-21,Sulawesi,16.0,Tidak,2024,4,Non-El Nino
2024-04-21,Bali-Nusa Tenggara,0.0,Tidak,2024,4,Non-El Nino
2024-04-21,Maluku,0.0,Tidak,2024,4,Non-El Nino
2024-04-21,Papua,4.0,Tidak,2024,4,Non-El Nino
2024-04-22,Sumatera,28.0,Tidak,2024,4,Non-El Nino
2024-04-22,Jawa,1.0,Tidak,2024,4,Non-El Nino
2024-04-22,Kalimantan,47.0,Tidak,2024,4,Non-El Nino
2024-04-22,Sulawesi,8.0,Tidak,2024,4,Non-El Nino
2024-04-22,Bali-Nusa Tenggara,0.0,Tidak,2024,4,Non-El Nino
2024-04-22,Maluku,0.0,Tidak,2024,4,Non-El Nino
2024-04-22,Papua,3.0,Tidak,2024,4,Non-El Nino
2024-04-23,Sumatera,21.0,Tidak,2024,4,Non-El Nino
2024-04-23,Jawa,0.0,Tidak,2024,4,Non-El Nino
2024-04-23,Kalimantan,29.0,Tidak,2024,4,Non-El Nino
2024-04-23,Sulawesi,5.0,Tidak,2024,4,Non-El Nino
2024-04-23,Bali-Nusa Tenggara,1.0,Tidak,2024,4,Non-El Nino
2024-04-23,Maluku,3.0,Tidak,2024,4,Non-El Nino
2024-04-23,Papua,10.0,Tidak,2024,4,Non-El Nino
2024-04-24,Sumatera,7.0,Tidak,2024,4,Non-El Nino
2024-04-24,Jawa,0.0,Tidak,2024,4,Non-El Nino
2024-04-24,Kalimantan,5.0,Tidak,2024,4,Non-El Nino
2024-04-24,Sulawesi,1.0,Tidak,2024,4,Non-El Nino
2024-04-24,Bali-Nusa Tenggara,1.0,Tidak,2024,4,Non-El Nino
2024-04-24,Maluku,4.0,Tidak,2024,4,Non-El Nino
2024-04-24,Papua,7.0,Tidak,2024,4,Non-El Nino
2024-04-25,Sumatera,11.0,Tidak,2024,4,Non-El Nino
2024-04-25,Jawa,0.0,Tidak,2024,4,Non-El Nino
2024-04-25,Kalimantan,16.0,Tidak,2024,4,Non-El Nino
2024-04-25,Sulawesi,3.0,Tidak,2024,4,Non-El Nino
2024-04-25,Bali-Nusa Tenggara,2.0,Tidak,2024,4,Non-El Nino
2024-04-25,Maluku,2.0,Tidak,2024,4,Non-El Nino
2024-04-25,Papua,15.0,Tidak,2024,4,Non-El Nino
2024-04-26,Sumatera,5.0,Tidak,2024,4,Non-El Nino
2024-04-26,Jawa,0.0,Tidak,2024,4,Non-El Nino
2024-04-26,Kalimantan,37.0,Tidak,2024,4,Non-El Nino
2024-04-26,Sulawesi,10.0,Tidak,2024,4,Non-El Nino
2024-04-26,Bali-Nusa Tenggara,3.0,Tidak,2024,4,Non-El Nino
2024-04-26,Maluku,1.0,Tidak,2024,4,Non-El Nino
2024-04-26,Papua,17.0,Tidak,2024,4,Non-El Nino
2024-04-27,Sumatera,18.0,Tidak,2024,4,Non-El Nino
2024-04-27,Jawa,0.0,Tidak,2024,4,Non-El Nino
2024-04-27,Kalimantan,20.0,Tidak,2024,4,Non-El Nino
2024-04-27,Sulawesi,12.0,Tidak,2024,4,Non-El Nino
2024-04-27,Bali-Nusa Tenggara,2.0,Tidak,2024,4,Non-El Nino
2024-04-27,Maluku,0.0,Tidak,2024,4,Non-El Nino
2024-04-27,Papua,1.0,Tidak,2024,4,Non-El Nino
2024-04-28,Sumatera,6.0,Tidak,2024,4,Non-El Nino
2024-04-28,Jawa,2.0,Tidak,2024,4,Non-El Nino
2024-04-28,Kalimantan,14.0,Tidak,2024,4,Non-El Nino
2024-04-28,Sulawesi,2.0,Tidak,2024,4,Non-El Nino
2024-04-28,Bali-Nusa Tenggara,3.0,Tidak,2024,4,Non-El Nino
2024-04-28,Maluku,1.0,Tidak,2024,4,Non-El Nino
2024-04-28,Papua,0.0,Tidak,2024,4,Non-El Nino
2024-04-29,Sumatera,9.0,Tidak,2024,4,Non-El Nino
2024-04-29,Jawa,2.0,Tidak,2024,4,Non-El Nino
2024-04-29,Kalimantan,4.0,Tidak,2024,4,Non-El Nino
2024-04-29,Sulawesi,1.0,Tidak,2024,4,Non-El Nino
2024-04-29,Bali-Nusa Tenggara,3.0,Tidak,2024,4,Non-El Nino
2024-04-29,Maluku,1.0,Tidak,2024,4,Non-El Nino
2024-04-29,Papua,1.0,Tidak,2024,4,Non-El Nino
2024-04-30,Sumatera,14.0,Tidak,2024,4,Non-El Nino
2024-04-30,Jawa,0.0,Tidak,2024,4,Non-El Nino
2024-04-30,Kalimantan,14.0,Tidak,2024,4,Non-El Nino
2024-04-30,Sulawesi,1.0,Tidak,2024,4,Non-El Nino
2024-04-30,Bali-Nusa Tenggara,3.0,Tidak,2024,4,Non-El Nino
2024-04-30,Maluku,0.0,Tidak,2024,4,Non-El Nino
2024-04-30,Papua,0.0,Tidak,2024,4,Non-El Nino
2024-05-01,Sumatera,3.0,Tidak,2024,5,Non-El Nino
2024-05-01,Jawa,5.0,Tidak,2024,5,Non-El Nino
2024-05-01,Kalimantan,63.0,Tidak,2024,5,Non-El Nino
2024-05-01,Sulawesi,0.0,Tidak,2024,5,Non-El Nino
2024-05-01,Bali-Nusa Tenggara,3.0,Tidak,2024,5,Non-El Nino
2024-05-01,Maluku,0.0,Tidak,2024,5,Non-El Nino
2024-05-01,Papua,0.0,Tidak,2024,5,Non-El Nino
2024-05-02,Sumatera,13.0,Tidak,2024,5,Non-El Nino
2024-05-02,Jawa,3.0,Tidak,2024,5,Non-El Nino
2024-05-02,Kalimantan,18.0,Tidak,2024,5,Non-El Nino
2024-05-02,Sulawesi,0.0,Tidak,2024,5,Non-El Nino
2024-05-02,Bali-Nusa Tenggara,0.0,Tidak,2024,5,Non-El Nino
2024-05-02,Maluku,0.0,Tidak,2024,5,Non-El Nino
2024-05-02,Papua,1.0,Tidak,2024,5,Non-El Nino
2024-05-03,Sumatera,15.0,Tidak,2024,5,Non-El Nino
2024-05-03,Jawa,0.0,Tidak,2024,5,Non-El Nino
2024-05-03,Kalimantan,1.0,Tidak,2024,5,Non-El Nino
2024-05-03,Sulawesi,0.0,Tidak,2024,5,Non-El Nino
2024-05-03,Bali-Nusa Tenggara,4.0,Tidak,2024,5,Non-El Nino
2024-05-03,Maluku,0.0,Tidak,2024,5,Non-El Nino
2024-05-03,Papua,0.0,Tidak,2024,5,Non-El Nino
2024-05-04,Sumatera,5.0,Tidak,2024,5,Non-El Nino
2024-05-04,Jawa,5.0,Tidak,2024,5,Non-El Nino
2024-05-04,Kalimantan,5.0,Tidak,2024,5,Non-El Nino
2024-05-04,Sulawesi,0.0,Tidak,2024,5,Non-El Nino
2024-05-04,Bali-Nusa Tenggara,0.0,Tidak,2024,5,Non-El Nino
2024-05-04,Maluku,2.0,Tidak,2024,5,Non-El Nino
2024-05-04,Papua,1.0,Tidak,2024,5,Non-El Nino
2024-05-05,Sumatera,35.0,Tidak,2024,5,Non-El Nino
2024-05-05,Jawa,9.0,Tidak,2024,5,Non-El Nino
2024-05-05,Kalimantan,0.0,Tidak,2024,5,Non-El Nino
2024-05-05,Sulawesi,1.0,Tidak,2024,5,Non-El Nino
2024-05-05,Bali-Nusa Tenggara,0.0,Tidak,2024,5,Non-El Nino
2024-05-05,Maluku,0.0,Tidak,2024,5,Non-El Nino
2024-05-05,Papua,0.0,Tidak,2024,5,Non-El Nino
2024-05-06,Sumatera,21.0,Tidak,2024,5,Non-El Nino
2024-05-06,Jawa,15.0,Tidak,2024,5,Non-El Nino
2024-05-06,Kalimantan,14.0,Tidak,2024,5,Non-El Nino
2024-05-06,Sulawesi,0.0,Tidak,2024,5,Non-El Nino
2024-05-06,Bali-Nusa Tenggara,1.0,Tidak,2024,5,Non-El Nino
2024-05-06,Maluku,0.0,Tidak,2024,5,Non-El Nino
2024-05-06,Papua,0.0,Tidak,2024,5,Non-El Nino
2024-05-07,Sumatera,3.0,Tidak,2024,5,Non-El Nino
2024-05-07,Jawa,4.0,Tidak,2024,5,Non-El Nino
2024-05-07,Kalimantan,11.0,Tidak,2024,5,Non-El Nino
2024-05-07,Sulawesi,11.0,Tidak,2024,5,Non-El Nino
2024-05-07,Bali-Nusa Tenggara,6.0,Tidak,2024,5,Non-El Nino
2024-05-07,Maluku,2.0,Tidak,2024,5,Non-El Nino
2024-05-07,Papua,0.0,Tidak,2024,5,Non-El Nino
2024-05-08,Sumatera,9.0,Tidak,2024,5,Non-El Nino
2024-05-08,Jawa,3.0,Tidak,2024,5,Non-El Nino
2024-05-08,Kalimantan,2.0,Tidak,2024,5,Non-El Nino
2024-05-08,Sulawesi,1.0,Tidak,2024,5,Non-El Nino
2024-05-08,Bali-Nusa Tenggara,5.0,Tidak,2024,5,Non-El Nino
2024-05-08,Maluku,0.0,Tidak,2024,5,Non-El Nino
2024-05-08,Papua,0.0,Tidak,2024,5,Non-El Nino
2024-05-09,Sumatera,27.0,Tidak,2024,5,Non-El Nino
2024-05-09,Jawa,6.0,Tidak,2024,5,Non-El Nino
2024-05-09,Kalimantan,27.0,Tidak,2024,5,Non-El Nino
2024-05-09,Sulawesi,1.0,Tidak,2024,5,Non-El Nino
2024-05-09,Bali-Nusa Tenggara,1.0,Tidak,2024,5,Non-El Nino
2024-05-09,Maluku,2.0,Tidak,2024,5,Non-El Nino
2024-05-09,Papua,0.0,Tidak,2024,5,Non-El Nino
2024-05-10,Sumatera,20.0,Tidak,2024,5,Non-El Nino
2024-05-10,Jawa,9.0,Tidak,2024,5,Non-El Nino
2024-05-10,Kalimantan,36.0,Tidak,2024,5,Non-El Nino
2024-05-10,Sulawesi,0.0,Tidak,2024,5,Non-El Nino
2024-05-10,Bali-Nusa Tenggara,4.0,Tidak,2024,5,Non-El Nino
2024-05-10,Maluku,0.0,Tidak,2024,5,Non-El Nino
2024-05-10,Papua,4.0,Tidak,2024,5,Non-El Nino
2024-05-11,Sumatera,13.0,Tidak,2024,5,Non-El Nino
2024-05-11,Jawa,6.0,Tidak,2024,5,Non-El Nino
2024-05-11,Kalimantan,29.0,Tidak,2024,5,Non-El Nino
2024-05-11,Sulawesi,2.0,Tidak,2024,5,Non-El Nino
2024-05-11,Bali-Nusa Tenggara,12.0,Tidak,2024,5,Non-El Nino
2024-05-11,Maluku,2.0,Tidak,2024,5,Non-El Nino
2024-05-11,Papua,0.0,Tidak,2024,5,Non-El Nino
2024-05-12,Sumatera,14.0,Tidak,2024,5,Non-El Nino
2024-05-12,Jawa,0.0,Tidak,2024,5,Non-El Nino
2024-05-12,Kalimantan,14.0,Tidak,2024,5,Non-El Nino
2024-05-12,Sulawesi,1.0,Tidak,2024,5,Non-El Nino
2024-05-12,Bali-Nusa Tenggara,4.0,Tidak,2024,5,Non-El Nino
2024-05-12,Maluku,0.0,Tidak,2024,5,Non-El Nino
2024-05-12,Papua,0.0,Tidak,2024,5,Non-El Nino
2024-05-13,Sumatera,8.0,Tidak,2024,5,Non-El Nino
2024-05-13,Jawa,2.0,Tidak,2024,5,Non-El Nino
2024-05-13,Kalimantan,25.0,Tidak,2024,5,Non-El Nino
2024-05-13,Sulawesi,14.0,Tidak,2024,5,Non-El Nino
2024-05-13,Bali-Nusa Tenggara,8.0,Tidak,2024,5,Non-El Nino
2024-05-13,Maluku,0.0,Tidak,2024,5,Non-El Nino
2024-05-13,Papua,2.0,Tidak,2024,5,Non-El Nino
2024-05-14,Sumatera,14.0,Tidak,2024,5,Non-El Nino
2024-05-14,Jawa,2.0,Tidak,2024,5,Non-El Nino
2024-05-14,Kalimantan,38.0,Tidak,2024,5,Non-El Nino
2024-05-14,Sulawesi,8.0,Tidak,2024,5,Non-El Nino
2024-05-14,Bali-Nusa Tenggara,6.0,Tidak,2024,5,Non-El Nino
2024-05-14,Maluku,2.0,Tidak,2024,5,Non-El Nino
2024-05-14,Papua,0.0,Tidak,2024,5,Non-El Nino
2024-05-15,Sumatera,13.0,Tidak,2024,5,Non-El Nino
2024-05-15,Jawa,2.0,Tidak,2024,5,Non-El Nino
2024-05-15,Kalimantan,29.0,Tidak,2024,5,Non-El Nino
2024-05-15,Sulawesi,0.0,Tidak,2024,5,Non-El Nino
2024-05-15,Bali-Nusa Tenggara,5.0,Tidak,2024,5,Non-El Nino
2024-05-15,Maluku,2.0,Tidak,2024,5,Non-El Nino
2024-05-15,Papua,0.0,Tidak,2024,5,Non-El Nino
2024-05-16,Sumatera,8.0,Tidak,2024,5,Non-El Nino
2024-05-16,Jawa,21.0,Tidak,2024,5,Non-El Nino
2024-05-16,Kalimantan,26.0,Tidak,2024,5,Non-El Nino
2024-05-16,Sulawesi,4.0,Tidak,2024,5,Non-El Nino
2024-05-16,Bali-Nusa Tenggara,5.0,Tidak,2024,5,Non-El Nino
2024-05-16,Maluku,4.0,Tidak,2024,5,Non-El Nino
2024-05-16,Papua,0.0,Tidak,2024,5,Non-El Nino
2024-05-17,Sumatera,15.0,Tidak,2024,5,Non-El Nino
2024-05-17,Jawa,6.0,Tidak,2024,5,Non-El Nino
2024-05-17,Kalimantan,13.0,Tidak,2024,5,Non-El Nino
2024-05-17,Sulawesi,7.0,Tidak,2024,5,Non-El Nino
2024-05-17,Bali-Nusa Tenggara,12.0,Tidak,2024,5,Non-El Nino
2024-05-17,Maluku,1.0,Tidak,2024,5,Non-El Nino
2024-05-17,Papua,2.0,Tidak,2024,5,Non-El Nino
2024-05-18,Sumatera,28.0,Tidak,2024,5,Non-El Nino
2024-05-18,Jawa,2.0,Tidak,2024,5,Non-El Nino
2024-05-18,Kalimantan,11.0,Tidak,2024,5,Non-El Nino
2024-05-18,Sulawesi,14.0,Tidak,2024,5,Non-El Nino
2024-05-18,Bali-Nusa Tenggara,16.0,Tidak,2024,5,Non-El Nino
2024-05-18,Maluku,0.0,Tidak,2024,5,Non-El Nino
2024-05-18,Papua,2.0,Tidak,2024,5,Non-El Nino
2024-05-19,Sumatera,42.0,Tidak,2024,5,Non-El Nino
2024-05-19,Jawa,5.0,Tidak,2024,5,Non-El Nino
2024-05-19,Kalimantan,8.0,Tidak,2024,5,Non-El Nino
2024-05-19,Sulawesi,10.0,Tidak,2024,5,Non-El Nino
2024-05-19,Bali-Nusa Tenggara,12.0,Tidak,2024,5,Non-El Nino
2024-05-19,Maluku,1.0,Tidak,2024,5,Non-El Nino
2024-05-19,Papua,1.0,Tidak,2024,5,Non-El Nino
2024-05-20,Sumatera,9.0,Tidak,2024,5,Non-El Nino
2024-05-20,Jawa,9.0,Tidak,2024,5,Non-El Nino
2024-05-20,Kalimantan,6.0,Tidak,2024,5,Non-El Nino
2024-05-20,Sulawesi,5.0,Tidak,2024,5,Non-El Nino
2024-05-20,Bali-Nusa Tenggara,8.0,Tidak,2024,5,Non-El Nino
2024-05-20,Maluku,3.0,Tidak,2024,5,Non-El Nino
2024-05-20,Papua,0.0,Tidak,2024,5,Non-El Nino
2024-05-21,Sumatera,14.0,Tidak,2024,5,Non-El Nino
2024-05-21,Jawa,13.0,Tidak,2024,5,Non-El Nino
2024-05-21,Kalimantan,11.0,Tidak,2024,5,Non-El Nino
2024-05-21,Sulawesi,3.0,Tidak,2024,5,Non-El Nino
2024-05-21,Bali-Nusa Tenggara,7.0,Tidak,2024,5,Non-El Nino
2024-05-21,Maluku,0.0,Tidak,2024,5,Non-El Nino
2024-05-21,Papua,0.0,Tidak,2024,5,Non-El Nino
2024-05-22,Sumatera,0.0,Tidak,2024,5,Non-El Nino
2024-05-22,Jawa,4.0,Tidak,2024,5,Non-El Nino
2024-05-22,Kalimantan,13.0,Tidak,2024,5,Non-El Nino
2024-05-22,Sulawesi,2.0,Tidak,2024,5,Non-El Nino
2024-05-22,Bali-Nusa Tenggara,5.0,Tidak,2024,5,Non-El Nino
2024-05-22,Maluku,1.0,Tidak,2024,5,Non-El Nino
2024-05-22,Papua,4.0,Tidak,2024,5,Non-El Nino
2024-05-23,Sumatera,14.0,Tidak,2024,5,Non-El Nino
2024-05-23,Jawa,1.0,Tidak,2024,5,Non-El Nino
2024-05-23,Kalimantan,14.0,Tidak,2024,5,Non-El Nino
2024-05-23,Sulawesi,4.0,Tidak,2024,5,Non-El Nino
2024-05-23,Bali-Nusa Tenggara,9.0,Tidak,2024,5,Non-El Nino
2024-05-23,Maluku,2.0,Tidak,2024,5,Non-El Nino
2024-05-23,Papua,0.0,Tidak,2024,5,Non-El Nino
2024-05-24,Sumatera,0.0,Tidak,2024,5,Non-El Nino
2024-05-24,Jawa,0.0,Tidak,2024,5,Non-El Nino
2024-05-24,Kalimantan,14.0,Tidak,2024,5,Non-El Nino
2024-05-24,Sulawesi,5.0,Tidak,2024,5,Non-El Nino
2024-05-24,Bali-Nusa Tenggara,16.0,Tidak,2024,5,Non-El Nino
2024-05-24,Maluku,1.0,Tidak,2024,5,Non-El Nino
2024-05-24,Papua,0.0,Tidak,2024,5,Non-El Nino
2024-05-25,Sumatera,3.0,Tidak,2024,5,Non-El Nino
2024-05-25,Jawa,4.0,Tidak,2024,5,Non-El Nino
2024-05-25,Kalimantan,12.0,Tidak,2024,5,Non-El Nino
2024-05-25,Sulawesi,0.0,Tidak,2024,5,Non-El Nino
2024-05-25,Bali-Nusa Tenggara,4.0,Tidak,2024,5,Non-El Nino
2024-05-25,Maluku,0.0,Tidak,2024,5,Non-El Nino
2024-05-25,Papua,3.0,Tidak,2024,5,Non-El Nino
2024-05-26,Sumatera,2.0,Tidak,2024,5,Non-El Nino
2024-05-26,Jawa,9.0,Tidak,2024,5,Non-El Nino
2024-05-26,Kalimantan,8.0,Tidak,2024,5,Non-El Nino
2024-05-26,Sulawesi,3.0,Tidak,2024,5,Non-El Nino
2024-05-26,Bali-Nusa Tenggara,12.0,Tidak,2024,5,Non-El Nino
2024-05-26,Maluku,0.0,Tidak,2024,5,Non-El Nino
2024-05-26,Papua,0.0,Tidak,2024,5,Non-El Nino
2024-05-27,Sumatera,21.0,Tidak,2024,5,Non-El Nino
2024-05-27,Jawa,20.0,Tidak,2024,5,Non-El Nino
2024-05-27,Kalimantan,1.0,Tidak,2024,5,Non-El Nino
2024-05-27,Sulawesi,0.0,Tidak,2024,5,Non-El Nino
2024-05-27,Bali-Nusa Tenggara,12.0,Tidak,2024,5,Non-El Nino
2024-05-27,Maluku,2.0,Tidak,2024,5,Non-El Nino
2024-05-27,Papua,2.0,Tidak,2024,5,Non-El Nino
2024-05-28,Sumatera,49.0,Tidak,2024,5,Non-El Nino
2024-05-28,Jawa,20.0,Tidak,2024,5,Non-El Nino
2024-05-28,Kalimantan,11.0,Tidak,2024,5,Non-El Nino
2024-05-28,Sulawesi,0.0,Tidak,2024,5,Non-El Nino
2024-05-28,Bali-Nusa Tenggara,29.0,Tidak,2024,5,Non-El Nino
2024-05-28,Maluku,6.0,Tidak,2024,5,Non-El Nino
2024-05-28,Papua,20.0,Tidak,2024,5,Non-El Nino
2024-05-29,Sumatera,48.0,Tidak,2024,5,Non-El Nino
2024-05-29,Jawa,13.0,Tidak,2024,5,Non-El Nino
2024-05-29,Kalimantan,2.0,Tidak,2024,5,Non-El Nino
2024-05-29,Sulawesi,11.0,Tidak,2024,5,Non-El Nino
2024-05-29,Bali-Nusa Tenggara,15.0,Tidak,2024,5,Non-El Nino
2024-05-29,Maluku,6.0,Tidak,2024,5,Non-El Nino
2024-05-29,Papua,8.0,Tidak,2024,5,Non-El Nino
2024-05-30,Sumatera,,Ya,2024,5,Non-El Nino
2024-05-30,Jawa,,Ya,2024,5,Non-El Nino
2024-05-30,Kalimantan,,Ya,2024,5,Non-El Nino
2024-05-30,Sulawesi,,Ya,2024,5,Non-El Nino
2024-05-30,Bali-Nusa Tenggara,,Ya,2024,5,Non-El Nino
2024-05-30,Maluku,,Ya,2024,5,Non-El Nino
2024-05-30,Papua,,Ya,2024,5,Non-El Nino
2024-05-31,Sumatera,,Ya,2024,5,Non-El Nino
2024-05-31,Jawa,,Ya,2024,5,Non-El Nino
2024-05-31,Kalimantan,,Ya,2024,5,Non-El Nino
2024-05-31,Sulawesi,,Ya,2024,5,Non-El Nino
2024-05-31,Bali-Nusa Tenggara,,Ya,2024,5,Non-El Nino
2024-05-31,Maluku,,Ya,2024,5,Non-El Nino
2024-05-31,Papua,,Ya,2024,5,Non-El Nino
2024-06-01,Sumatera,,Ya,2024,6,Non-El Nino
2024-06-01,Jawa,,Ya,2024,6,Non-El Nino
2024-06-01,Kalimantan,,Ya,2024,6,Non-El Nino
2024-06-01,Sulawesi,,Ya,2024,6,Non-El Nino
2024-06-01,Bali-Nusa Tenggara,,Ya,2024,6,Non-El Nino
2024-06-01,Maluku,,Ya,2024,6,Non-El Nino
2024-06-01,Papua,,Ya,2024,6,Non-El Nino
2024-06-02,Sumatera,,Ya,2024,6,Non-El Nino
2024-06-02,Jawa,,Ya,2024,6,Non-El Nino
2024-06-02,Kalimantan,,Ya,2024,6,Non-El Nino
2024-06-02,Sulawesi,,Ya,2024,6,Non-El Nino
2024-06-02,Bali-Nusa Tenggara,,Ya,2024,6,Non-El Nino
2024-06-02,Maluku,,Ya,2024,6,Non-El Nino
2024-06-02,Papua,,Ya,2024,6,Non-El Nino
2024-06-03,Sumatera,,Ya,2024,6,Non-El Nino
2024-06-03,Jawa,,Ya,2024,6,Non-El Nino
2024-06-03,Kalimantan,,Ya,2024,6,Non-El Nino
2024-06-03,Sulawesi,,Ya,2024,6,Non-El Nino
2024-06-03,Bali-Nusa Tenggara,,Ya,2024,6,Non-El Nino
2024-06-03,Maluku,,Ya,2024,6,Non-El Nino
2024-06-03,Papua,,Ya,2024,6,Non-El Nino
2024-06-04,Sumatera,22.0,Tidak,2024,6,Non-El Nino
2024-06-04,Jawa,10.0,Tidak,2024,6,Non-El Nino
2024-06-04,Kalimantan,2.0,Tidak,2024,6,Non-El Nino
2024-06-04,Sulawesi,0.0,Tidak,2024,6,Non-El Nino
2024-06-04,Bali-Nusa Tenggara,11.0,Tidak,2024,6,Non-El Nino
2024-06-04,Maluku,1.0,Tidak,2024,6,Non-El Nino
2024-06-04,Papua,1.0,Tidak,2024,6,Non-El Nino
2024-06-05,Sumatera,59.0,Tidak,2024,6,Non-El Nino
2024-06-05,Jawa,8.0,Tidak,2024,6,Non-El Nino
2024-06-05,Kalimantan,3.0,Tidak,2024,6,Non-El Nino
2024-06-05,Sulawesi,0.0,Tidak,2024,6,Non-El Nino
2024-06-05,Bali-Nusa Tenggara,2.0,Tidak,2024,6,Non-El Nino
2024-06-05,Maluku,1.0,Tidak,2024,6,Non-El Nino
2024-06-05,Papua,0.0,Tidak,2024,6,Non-El Nino
2024-06-06,Sumatera,14.0,Tidak,2024,6,Non-El Nino
2024-06-06,Jawa,27.0,Tidak,2024,6,Non-El Nino
2024-06-06,Kalimantan,5.0,Tidak,2024,6,Non-El Nino
2024-06-06,Sulawesi,5.0,Tidak,2024,6,Non-El Nino
2024-06-06,Bali-Nusa Tenggara,5.0,Tidak,2024,6,Non-El Nino
2024-06-06,Maluku,1.0,Tidak,2024,6,Non-El Nino
2024-06-06,Papua,2.0,Tidak,2024,6,Non-El Nino
2024-06-07,Sumatera,19.0,Tidak,2024,6,Non-El Nino
2024-06-07,Jawa,10.0,Tidak,2024,6,Non-El Nino
2024-06-07,Kalimantan,14.0,Tidak,2024,6,Non-El Nino
2024-06-07,Sulawesi,0.0,Tidak,2024,6,Non-El Nino
2024-06-07,Bali-Nusa Tenggara,1.0,Tidak,2024,6,Non-El Nino
2024-06-07,Maluku,1.0,Tidak,2024,6,Non-El Nino
2024-06-07,Papua,11.0,Tidak,2024,6,Non-El Nino
2024-06-08,Sumatera,21.0,Tidak,2024,6,Non-El Nino
2024-06-08,Jawa,4.0,Tidak,2024,6,Non-El Nino
2024-06-08,Kalimantan,9.0,Tidak,2024,6,Non-El Nino
2024-06-08,Sulawesi,5.0,Tidak,2024,6,Non-El Nino
2024-06-08,Bali-Nusa Tenggara,19.0,Tidak,2024,6,Non-El Nino
2024-06-08,Maluku,0.0,Tidak,2024,6,Non-El Nino
2024-06-08,Papua,2.0,Tidak,2024,6,Non-El Nino
2024-06-09,Sumatera,23.0,Tidak,2024,6,Non-El Nino
2024-06-09,Jawa,7.0,Tidak,2024,6,Non-El Nino
2024-06-09,Kalimantan,46.0,Tidak,2024,6,Non-El Nino
2024-06-09,Sulawesi,5.0,Tidak,2024,6,Non-El Nino
2024-06-09,Bali-Nusa Tenggara,10.0,Tidak,2024,6,Non-El Nino
2024-06-09,Maluku,0.0,Tidak,2024,6,Non-El Nino
2024-06-09,Papua,3.0,Tidak,2024,6,Non-El Nino
2024-06-10,Sumatera,28.0,Tidak,2024,6,Non-El Nino
2024-06-10,Jawa,6.0,Tidak,2024,6,Non-El Nino
2024-06-10,Kalimantan,15.0,Tidak,2024,6,Non-El Nino
2024-06-10,Sulawesi,5.0,Tidak,2024,6,Non-El Nino
2024-06-10,Bali-Nusa Tenggara,10.0,Tidak,2024,6,Non-El Nino
2024-06-10,Maluku,3.0,Tidak,2024,6,Non-El Nino
2024-06-10,Papua,5.0,Tidak,2024,6,Non-El Nino
2024-06-11,Sumatera,16.0,Tidak,2024,6,Non-El Nino
2024-06-11,Jawa,8.0,Tidak,2024,6,Non-El Nino
2024-06-11,Kalimantan,31.0,Tidak,2024,6,Non-El Nino
2024-06-11,Sulawesi,0.0,Tidak,2024,6,Non-El Nino
2024-06-11,Bali-Nusa Tenggara,21.0,Tidak,2024,6,Non-El Nino
2024-06-11,Maluku,3.0,Tidak,2024,6,Non-El Nino
2024-06-11,Papua,0.0,Tidak,2024,6,Non-El Nino
2024-06-12,Sumatera,14.0,Tidak,2024,6,Non-El Nino
2024-06-12,Jawa,10.0,Tidak,2024,6,Non-El Nino
2024-06-12,Kalimantan,10.0,Tidak,2024,6,Non-El Nino
2024-06-12,Sulawesi,0.0,Tidak,2024,6,Non-El Nino
2024-06-12,Bali-Nusa Tenggara,41.0,Tidak,2024,6,Non-El Nino
2024-06-12,Maluku,2.0,Tidak,2024,6,Non-El Nino
2024-06-12,Papua,0.0,Tidak,2024,6,Non-El Nino
2024-06-13,Sumatera,21.0,Tidak,2024,6,Non-El Nino
2024-06-13,Jawa,15.0,Tidak,2024,6,Non-El Nino
2024-06-13,Kalimantan,0.0,Tidak,2024,6,Non-El Nino
2024-06-13,Sulawesi,2.0,Tidak,2024,6,Non-El Nino
2024-06-13,Bali-Nusa Tenggara,36.0,Tidak,2024,6,Non-El Nino
2024-06-13,Maluku,1.0,Tidak,2024,6,Non-El Nino
2024-06-13,Papua,0.0,Tidak,2024,6,Non-El Nino
2024-06-14,Sumatera,23.0,Tidak,2024,6,Non-El Nino
2024-06-14,Jawa,5.0,Tidak,2024,6,Non-El Nino
2024-06-14,Kalimantan,5.0,Tidak,2024,6,Non-El Nino
2024-06-14,Sulawesi,2.0,Tidak,2024,6,Non-El Nino
2024-06-14,Bali-Nusa Tenggara,45.0,Tidak,2024,6,Non-El Nino
2024-06-14,Maluku,1.0,Tidak,2024,6,Non-El Nino
2024-06-14,Papua,0.0,Tidak,2024,6,Non-El Nino
2024-06-15,Sumatera,24.0,Tidak,2024,6,Non-El Nino
2024-06-15,Jawa,2.0,Tidak,2024,6,Non-El Nino
2024-06-15,Kalimantan,28.0,Tidak,2024,6,Non-El Nino
2024-06-15,Sulawesi,1.0,Tidak,2024,6,Non-El Nino
2024-06-15,Bali-Nusa Tenggara,25.0,Tidak,2024,6,Non-El Nino
2024-06-15,Maluku,0.0,Tidak,2024,6,Non-El Nino
2024-06-15,Papua,5.0,Tidak,2024,6,Non-El Nino
2024-06-16,Sumatera,10.0,Tidak,2024,6,Non-El Nino
2024-06-16,Jawa,13.0,Tidak,2024,6,Non-El Nino
2024-06-16,Kalimantan,27.0,Tidak,2024,6,Non-El Nino
2024-06-16,Sulawesi,3.0,Tidak,2024,6,Non-El Nino
2024-06-16,Bali-Nusa Tenggara,50.0,Tidak,2024,6,Non-El Nino
2024-06-16,Maluku,1.0,Tidak,2024,6,Non-El Nino
2024-06-16,Papua,1.0,Tidak,2024,6,Non-El Nino
2024-06-17,Sumatera,4.0,Tidak,2024,6,Non-El Nino
2024-06-17,Jawa,7.0,Tidak,2024,6,Non-El Nino
2024-06-17,Kalimantan,41.0,Tidak,2024,6,Non-El Nino
2024-06-17,Sulawesi,0.0,Tidak,2024,6,Non-El Nino
2024-06-17,Bali-Nusa Tenggara,29.0,Tidak,2024,6,Non-El Nino
2024-06-17,Maluku,6.0,Tidak,2024,6,Non-El Nino
2024-06-17,Papua,6.0,Tidak,2024,6,Non-El Nino
2024-06-18,Sumatera,14.0,Tidak,2024,6,Non-El Nino
2024-06-18,Jawa,29.0,Tidak,2024,6,Non-El Nino
2024-06-18,Kalimantan,21.0,Tidak,2024,6,Non-El Nino
2024-06-18,Sulawesi,6.0,Tidak,2024,6,Non-El Nino
2024-06-18,Bali-Nusa Tenggara,61.0,Tidak,2024,6,Non-El Nino
2024-06-18,Maluku,2.0,Tidak,2024,6,Non-El Nino
2024-06-18,Papua,1.0,Tidak,2024,6,Non-El Nino
2024-06-19,Sumatera,16.0,Tidak,2024,6,Non-El Nino
2024-06-19,Jawa,26.0,Tidak,2024,6,Non-El Nino
2024-06-19,Kalimantan,6.0,Tidak,2024,6,Non-El Nino
2024-06-19,Sulawesi,7.0,Tidak,2024,6,Non-El Nino
2024-06-19,Bali-Nusa Tenggara,107.0,Tidak,2024,6,Non-El Nino
2024-06-19,Maluku,2.0,Tidak,2024,6,Non-El Nino
2024-06-19,Papua,0.0,Tidak,2024,6,Non-El Nino
2024-06-20,Sumatera,25.0,Tidak,2024,6,Non-El Nino
2024-06-20,Jawa,31.0,Tidak,2024,6,Non-El Nino
2024-06-20,Kalimantan,14.0,Tidak,2024,6,Non-El Nino
2024-06-20,Sulawesi,2.0,Tidak,2024,6,Non-El Nino
2024-06-20,Bali-Nusa Tenggara,32.0,Tidak,2024,6,Non-El Nino
2024-06-20,Maluku,2.0,Tidak,2024,6,Non-El Nino
2024-06-20,Papua,3.0,Tidak,2024,6,Non-El Nino
2024-06-21,Sumatera,5.0,Tidak,2024,6,Non-El Nino
2024-06-21,Jawa,18.0,Tidak,2024,6,Non-El Nino
2024-06-21,Kalimantan,19.0,Tidak,2024,6,Non-El Nino
2024-06-21,Sulawesi,4.0,Tidak,2024,6,Non-El Nino
2024-06-21,Bali-Nusa Tenggara,25.0,Tidak,2024,6,Non-El Nino
2024-06-21,Maluku,2.0,Tidak,2024,6,Non-El Nino
2024-06-21,Papua,9.0,Tidak,2024,6,Non-El Nino
2024-06-22,Sumatera,17.0,Tidak,2024,6,Non-El Nino
2024-06-22,Jawa,26.0,Tidak,2024,6,Non-El Nino
2024-06-22,Kalimantan,17.0,Tidak,2024,6,Non-El Nino
2024-06-22,Sulawesi,3.0,Tidak,2024,6,Non-El Nino
2024-06-22,Bali-Nusa Tenggara,44.0,Tidak,2024,6,Non-El Nino
2024-06-22,Maluku,1.0,Tidak,2024,6,Non-El Nino
2024-06-22,Papua,17.0,Tidak,2024,6,Non-El Nino
2024-06-23,Sumatera,29.0,Tidak,2024,6,Non-El Nino
2024-06-23,Jawa,6.0,Tidak,2024,6,Non-El Nino
2024-06-23,Kalimantan,6.0,Tidak,2024,6,Non-El Nino
2024-06-23,Sulawesi,1.0,Tidak,2024,6,Non-El Nino
2024-06-23,Bali-Nusa Tenggara,34.0,Tidak,2024,6,Non-El Nino
2024-06-23,Maluku,0.0,Tidak,2024,6,Non-El Nino
2024-06-23,Papua,8.0,Tidak,2024,6,Non-El Nino
2024-06-24,Sumatera,18.0,Tidak,2024,6,Non-El Nino
2024-06-24,Jawa,3.0,Tidak,2024,6,Non-El Nino
2024-06-24,Kalimantan,0.0,Tidak,2024,6,Non-El Nino
2024-06-24,Sulawesi,4.0,Tidak,2024,6,Non-El Nino
2024-06-24,Bali-Nusa Tenggara,22.0,Tidak,2024,6,Non-El Nino
2024-06-24,Maluku,2.0,Tidak,2024,6,Non-El Nino
2024-06-24,Papua,9.0,Tidak,2024,6,Non-El Nino
2024-06-25,Sumatera,48.0,Tidak,2024,6,Non-El Nino
2024-06-25,Jawa,8.0,Tidak,2024,6,Non-El Nino
2024-06-25,Kalimantan,17.0,Tidak,2024,6,Non-El Nino
2024-06-25,Sulawesi,5.0,Tidak,2024,6,Non-El Nino
2024-06-25,Bali-Nusa Tenggara,25.0,Tidak,2024,6,Non-El Nino
2024-06-25,Maluku,0.0,Tidak,2024,6,Non-El Nino
2024-06-25,Papua,0.0,Tidak,2024,6,Non-El Nino
2024-06-26,Sumatera,128.0,Tidak,2024,6,Non-El Nino
2024-06-26,Jawa,18.0,Tidak,2024,6,Non-El Nino
2024-06-26,Kalimantan,19.0,Tidak,2024,6,Non-El Nino
2024-06-26,Sulawesi,2.0,Tidak,2024,6,Non-El Nino
2024-06-26,Bali-Nusa Tenggara,30.0,Tidak,2024,6,Non-El Nino
2024-06-26,Maluku,1.0,Tidak,2024,6,Non-El Nino
2024-06-26,Papua,0.0,Tidak,2024,6,Non-El Nino
2024-06-27,Sumatera,63.0,Tidak,2024,6,Non-El Nino
2024-06-27,Jawa,25.0,Tidak,2024,6,Non-El Nino
2024-06-27,Kalimantan,31.0,Tidak,2024,6,Non-El Nino
2024-06-27,Sulawesi,3.0,Tidak,2024,6,Non-El Nino
2024-06-27,Bali-Nusa Tenggara,34.0,Tidak,2024,6,Non-El Nino
2024-06-27,Maluku,3.0,Tidak,2024,6,Non-El Nino
2024-06-27,Papua,0.0,Tidak,2024,6,Non-El Nino
2024-06-28,Sumatera,17.0,Tidak,2024,6,Non-El Nino
2024-06-28,Jawa,18.0,Tidak,2024,6,Non-El Nino
2024-06-28,Kalimantan,9.0,Tidak,2024,6,Non-El Nino
2024-06-28,Sulawesi,0.0,Tidak,2024,6,Non-El Nino
2024-06-28,Bali-Nusa Tenggara,9.0,Tidak,2024,6,Non-El Nino
2024-06-28,Maluku,0.0,Tidak,2024,6,Non-El Nino
2024-06-28,Papua,3.0,Tidak,2024,6,Non-El Nino
2024-06-29,Sumatera,22.0,Tidak,2024,6,Non-El Nino
2024-06-29,Jawa,17.0,Tidak,2024,6,Non-El Nino
2024-06-29,Kalimantan,4.0,Tidak,2024,6,Non-El Nino
2024-06-29,Sulawesi,0.0,Tidak,2024,6,Non-El Nino
2024-06-29,Bali-Nusa Tenggara,74.0,Tidak,2024,6,Non-El Nino
2024-06-29,Maluku,0.0,Tidak,2024,6,Non-El Nino
2024-06-29,Papua,3.0,Tidak,2024,6,Non-El Nino
2024-06-30,Sumatera,1.0,Tidak,2024,6,Non-El Nino
2024-06-30,Jawa,23.0,Tidak,2024,6,Non-El Nino
2024-06-30,Kalimantan,0.0,Tidak,2024,6,Non-El Nino
2024-06-30,Sulawesi,0.0,Tidak,2024,6,Non-El Nino
2024-06-30,Bali-Nusa Tenggara,23.0,Tidak,2024,6,Non-El Nino
2024-06-30,Maluku,0.0,Tidak,2024,6,Non-El Nino
2024-06-30,Papua,0.0,Tidak,2024,6,Non-El Nino
2024-07-01,Sumatera,31.0,Tidak,2024,7,Non-El Nino
2024-07-01,Jawa,5.0,Tidak,2024,7,Non-El Nino
2024-07-01,Kalimantan,3.0,Tidak,2024,7,Non-El Nino
2024-07-01,Sulawesi,1.0,Tidak,2024,7,Non-El Nino
2024-07-01,Bali-Nusa Tenggara,2.0,Tidak,2024,7,Non-El Nino
2024-07-01,Maluku,0.0,Tidak,2024,7,Non-El Nino
2024-07-01,Papua,0.0,Tidak,2024,7,Non-El Nino
2024-07-02,Sumatera,73.0,Tidak,2024,7,Non-El Nino
2024-07-02,Jawa,15.0,Tidak,2024,7,Non-El Nino
2024-07-02,Kalimantan,0.0,Tidak,2024,7,Non-El Nino
2024-07-02,Sulawesi,0.0,Tidak,2024,7,Non-El Nino
2024-07-02,Bali-Nusa Tenggara,3.0,Tidak,2024,7,Non-El Nino
2024-07-02,Maluku,0.0,Tidak,2024,7,Non-El Nino
2024-07-02,Papua,2.0,Tidak,2024,7,Non-El Nino
2024-07-03,Sumatera,63.0,Tidak,2024,7,Non-El Nino
2024-07-03,Jawa,7.0,Tidak,2024,7,Non-El Nino
2024-07-03,Kalimantan,4.0,Tidak,2024,7,Non-El Nino
2024-07-03,Sulawesi,0.0,Tidak,2024,7,Non-El Nino
2024-07-03,Bali-Nusa Tenggara,13.0,Tidak,2024,7,Non-El Nino
2024-07-03,Maluku,0.0,Tidak,2024,7,Non-El Nino
2024-07-03,Papua,12.0,Tidak,2024,7,Non-El Nino
2024-07-04,Sumatera,31.0,Tidak,2024,7,Non-El Nino
2024-07-04,Jawa,2.0,Tidak,2024,7,Non-El Nino
2024-07-04,Kalimantan,29.0,Tidak,2024,7,Non-El Nino
2024-07-04,Sulawesi,0.0,Tidak,2024,7,Non-El Nino
2024-07-04,Bali-Nusa Tenggara,82.0,Tidak,2024,7,Non-El Nino
2024-07-04,Maluku,1.0,Tidak,2024,7,Non-El Nino
2024-07-04,Papua,36.0,Tidak,2024,7,Non-El Nino
2024-07-05,Sumatera,60.0,Tidak,2024,7,Non-El Nino
2024-07-05,Jawa,12.0,Tidak,2024,7,Non-El Nino
2024-07-05,Kalimantan,11.0,Tidak,2024,7,Non-El Nino
2024-07-05,Sulawesi,8.0,Tidak,2024,7,Non-El Nino
2024-07-05,Bali-Nusa Tenggara,90.0,Tidak,2024,7,Non-El Nino
2024-07-05,Maluku,1.0,Tidak,2024,7,Non-El Nino
2024-07-05,Papua,3.0,Tidak,2024,7,Non-El Nino
2024-07-06,Sumatera,54.0,Tidak,2024,7,Non-El Nino
2024-07-06,Jawa,5.0,Tidak,2024,7,Non-El Nino
2024-07-06,Kalimantan,12.0,Tidak,2024,7,Non-El Nino
2024-07-06,Sulawesi,0.0,Tidak,2024,7,Non-El Nino
2024-07-06,Bali-Nusa Tenggara,51.0,Tidak,2024,7,Non-El Nino
2024-07-06,Maluku,0.0,Tidak,2024,7,Non-El Nino
2024-07-06,Papua,0.0,Tidak,2024,7,Non-El Nino
2024-07-07,Sumatera,30.0,Tidak,2024,7,Non-El Nino
2024-07-07,Jawa,14.0,Tidak,2024,7,Non-El Nino
2024-07-07,Kalimantan,2.0,Tidak,2024,7,Non-El Nino
2024-07-07,Sulawesi,0.0,Tidak,2024,7,Non-El Nino
2024-07-07,Bali-Nusa Tenggara,44.0,Tidak,2024,7,Non-El Nino
2024-07-07,Maluku,1.0,Tidak,2024,7,Non-El Nino
2024-07-07,Papua,1.0,Tidak,2024,7,Non-El Nino
2024-07-08,Sumatera,4.0,Tidak,2024,7,Non-El Nino
2024-07-08,Jawa,33.0,Tidak,2024,7,Non-El Nino
2024-07-08,Kalimantan,5.0,Tidak,2024,7,Non-El Nino
2024-07-08,Sulawesi,0.0,Tidak,2024,7,Non-El Nino
2024-07-08,Bali-Nusa Tenggara,36.0,Tidak,2024,7,Non-El Nino
2024-07-08,Maluku,0.0,Tidak,2024,7,Non-El Nino
2024-07-08,Papua,1.0,Tidak,2024,7,Non-El Nino
2024-07-09,Sumatera,8.0,Tidak,2024,7,Non-El Nino
2024-07-09,Jawa,47.0,Tidak,2024,7,Non-El Nino
2024-07-09,Kalimantan,1.0,Tidak,2024,7,Non-El Nino
2024-07-09,Sulawesi,4.0,Tidak,2024,7,Non-El Nino
2024-07-09,Bali-Nusa Tenggara,26.0,Tidak,2024,7,Non-El Nino
2024-07-09,Maluku,2.0,Tidak,2024,7,Non-El Nino
2024-07-09,Papua,12.0,Tidak,2024,7,Non-El Nino
2024-07-10,Sumatera,,Ya,2024,7,Non-El Nino
2024-07-10,Jawa,,Ya,2024,7,Non-El Nino
2024-07-10,Kalimantan,,Ya,2024,7,Non-El Nino
2024-07-10,Sulawesi,,Ya,2024,7,Non-El Nino
2024-07-10,Bali-Nusa Tenggara,,Ya,2024,7,Non-El Nino
2024-07-10,Maluku,,Ya,2024,7,Non-El Nino
2024-07-10,Papua,,Ya,2024,7,Non-El Nino
2024-07-11,Sumatera,,Ya,2024,7,Non-El Nino
2024-07-11,Jawa,,Ya,2024,7,Non-El Nino
2024-07-11,Kalimantan,,Ya,2024,7,Non-El Nino
2024-07-11,Sulawesi,,Ya,2024,7,Non-El Nino
2024-07-11,Bali-Nusa Tenggara,,Ya,2024,7,Non-El Nino
2024-07-11,Maluku,,Ya,2024,7,Non-El Nino
2024-07-11,Papua,,Ya,2024,7,Non-El Nino
2024-07-12,Sumatera,,Ya,2024,7,Non-El Nino
2024-07-12,Jawa,,Ya,2024,7,Non-El Nino
2024-07-12,Kalimantan,,Ya,2024,7,Non-El Nino
2024-07-12,Sulawesi,,Ya,2024,7,Non-El Nino
2024-07-12,Bali-Nusa Tenggara,,Ya,2024,7,Non-El Nino
2024-07-12,Maluku,,Ya,2024,7,Non-El Nino
2024-07-12,Papua,,Ya,2024,7,Non-El Nino
2024-07-13,Sumatera,,Ya,2024,7,Non-El Nino
2024-07-13,Jawa,,Ya,2024,7,Non-El Nino
2024-07-13,Kalimantan,,Ya,2024,7,Non-El Nino
2024-07-13,Sulawesi,,Ya,2024,7,Non-El Nino
2024-07-13,Bali-Nusa Tenggara,,Ya,2024,7,Non-El Nino
2024-07-13,Maluku,,Ya,2024,7,Non-El Nino
2024-07-13,Papua,,Ya,2024,7,Non-El Nino
2024-07-14,Sumatera,,Ya,2024,7,Non-El Nino
2024-07-14,Jawa,,Ya,2024,7,Non-El Nino
2024-07-14,Kalimantan,,Ya,2024,7,Non-El Nino
2024-07-14,Sulawesi,,Ya,2024,7,Non-El Nino
2024-07-14,Bali-Nusa Tenggara,,Ya,2024,7,Non-El Nino
2024-07-14,Maluku,,Ya,2024,7,Non-El Nino
2024-07-14,Papua,,Ya,2024,7,Non-El Nino
2024-07-15,Sumatera,,Ya,2024,7,Non-El Nino
2024-07-15,Jawa,,Ya,2024,7,Non-El Nino
2024-07-15,Kalimantan,,Ya,2024,7,Non-El Nino
2024-07-15,Sulawesi,,Ya,2024,7,Non-El Nino
2024-07-15,Bali-Nusa Tenggara,,Ya,2024,7,Non-El Nino
2024-07-15,Maluku,,Ya,2024,7,Non-El Nino
2024-07-15,Papua,,Ya,2024,7,Non-El Nino
2024-07-16,Sumatera,16.0,Tidak,2024,7,Non-El Nino
2024-07-16,Jawa,16.0,Tidak,2024,7,Non-El Nino
2024-07-16,Kalimantan,14.0,Tidak,2024,7,Non-El Nino
2024-07-16,Sulawesi,1.0,Tidak,2024,7,Non-El Nino
2024-07-16,Bali-Nusa Tenggara,5.0,Tidak,2024,7,Non-El Nino
2024-07-16,Maluku,0.0,Tidak,2024,7,Non-El Nino
2024-07-16,Papua,0.0,Tidak,2024,7,Non-El Nino
2024-07-17,Sumatera,118.0,Tidak,2024,7,Non-El Nino
2024-07-17,Jawa,26.0,Tidak,2024,7,Non-El Nino
2024-07-17,Kalimantan,73.0,Tidak,2024,7,Non-El Nino
2024-07-17,Sulawesi,23.0,Tidak,2024,7,Non-El Nino
2024-07-17,Bali-Nusa Tenggara,102.0,Tidak,2024,7,Non-El Nino
2024-07-17,Maluku,28.0,Tidak,2024,7,Non-El Nino
2024-07-17,Papua,8.0,Tidak,2024,7,Non-El Nino
2024-07-18,Sumatera,229.0,Tidak,2024,7,Non-El Nino
2024-07-18,Jawa,52.0,Tidak,2024,7,Non-El Nino
2024-07-18,Kalimantan,17.0,Tidak,2024,7,Non-El Nino
2024-07-18,Sulawesi,13.0,Tidak,2024,7,Non-El Nino
2024-07-18,Bali-Nusa Tenggara,59.0,Tidak,2024,7,Non-El Nino
2024-07-18,Maluku,6.0,Tidak,2024,7,Non-El Nino
2024-07-18,Papua,0.0,Tidak,2024,7,Non-El Nino
2024-07-19,Sumatera,72.0,Tidak,2024,7,Non-El Nino
2024-07-19,Jawa,98.0,Tidak,2024,7,Non-El Nino
2024-07-19,Kalimantan,108.0,Tidak,2024,7,Non-El Nino
2024-07-19,Sulawesi,9.0,Tidak,2024,7,Non-El Nino
2024-07-19,Bali-Nusa Tenggara,73.0,Tidak,2024,7,Non-El Nino
2024-07-19,Maluku,2.0,Tidak,2024,7,Non-El Nino
2024-07-19,Papua,2.0,Tidak,2024,7,Non-El Nino
2024-07-20,Sumatera,131.0,Tidak,2024,7,Non-El Nino
2024-07-20,Jawa,68.0,Tidak,2024,7,Non-El Nino
2024-07-20,Kalimantan,210.0,Tidak,2024,7,Non-El Nino
2024-07-20,Sulawesi,23.0,Tidak,2024,7,Non-El Nino
2024-07-20,Bali-Nusa Tenggara,85.0,Tidak,2024,7,Non-El Nino
2024-07-20,Maluku,0.0,Tidak,2024,7,Non-El Nino
2024-07-20,Papua,4.0,Tidak,2024,7,Non-El Nino
2024-07-21,Sumatera,164.0,Tidak,2024,7,Non-El Nino
2024-07-21,Jawa,46.0,Tidak,2024,7,Non-El Nino
2024-07-21,Kalimantan,69.0,Tidak,2024,7,Non-El Nino
2024-07-21,Sulawesi,4.0,Tidak,2024,7,Non-El Nino
2024-07-21,Bali-Nusa Tenggara,65.0,Tidak,2024,7,Non-El Nino
2024-07-21,Maluku,0.0,Tidak,2024,7,Non-El Nino
2024-07-21,Papua,0.0,Tidak,2024,7,Non-El Nino
2024-07-22,Sumatera,345.0,Tidak,2024,7,Non-El Nino
2024-07-22,Jawa,39.0,Tidak,2024,7,Non-El Nino
2024-07-22,Kalimantan,52.0,Tidak,2024,7,Non-El Nino
2024-07-22,Sulawesi,4.0,Tidak,2024,7,Non-El Nino
2024-07-22,Bali-Nusa Tenggara,80.0,Tidak,2024,7,Non-El Nino
2024-07-22,Maluku,4.0,Tidak,2024,7,Non-El Nino
2024-07-22,Papua,0.0,Tidak,2024,7,Non-El Nino
2024-07-23,Sumatera,414.0,Tidak,2024,7,Non-El Nino
2024-07-23,Jawa,30.0,Tidak,2024,7,Non-El Nino
2024-07-23,Kalimantan,38.0,Tidak,2024,7,Non-El Nino
2024-07-23,Sulawesi,4.0,Tidak,2024,7,Non-El Nino
2024-07-23,Bali-Nusa Tenggara,61.0,Tidak,2024,7,Non-El Nino
2024-07-23,Maluku,0.0,Tidak,2024,7,Non-El Nino
2024-07-23,Papua,0.0,Tidak,2024,7,Non-El Nino
2024-07-24,Sumatera,,Ya,2024,7,Non-El Nino
2024-07-24,Jawa,,Ya,2024,7,Non-El Nino
2024-07-24,Kalimantan,,Ya,2024,7,Non-El Nino
2024-07-24,Sulawesi,,Ya,2024,7,Non-El Nino
2024-07-24,Bali-Nusa Tenggara,,Ya,2024,7,Non-El Nino
2024-07-24,Maluku,,Ya,2024,7,Non-El Nino
2024-07-24,Papua,,Ya,2024,7,Non-El Nino
2024-07-25,Sumatera,,Ya,2024,7,Non-El Nino
2024-07-25,Jawa,,Ya,2024,7,Non-El Nino
2024-07-25,Kalimantan,,Ya,2024,7,Non-El Nino
2024-07-25,Sulawesi,,Ya,2024,7,Non-El Nino
2024-07-25,Bali-Nusa Tenggara,,Ya,2024,7,Non-El Nino
2024-07-25,Maluku,,Ya,2024,7,Non-El Nino
2024-07-25,Papua,,Ya,2024,7,Non-El Nino
2024-07-26,Sumatera,,Ya,2024,7,Non-El Nino
2024-07-26,Jawa,,Ya,2024,7,Non-El Nino
2024-07-26,Kalimantan,,Ya,2024,7,Non-El Nino
2024-07-26,Sulawesi,,Ya,2024,7,Non-El Nino
2024-07-26,Bali-Nusa Tenggara,,Ya,2024,7,Non-El Nino
2024-07-26,Maluku,,Ya,2024,7,Non-El Nino
2024-07-26,Papua,,Ya,2024,7,Non-El Nino
2024-07-27,Sumatera,,Ya,2024,7,Non-El Nino
2024-07-27,Jawa,,Ya,2024,7,Non-El Nino
2024-07-27,Kalimantan,,Ya,2024,7,Non-El Nino
2024-07-27,Sulawesi,,Ya,2024,7,Non-El Nino
2024-07-27,Bali-Nusa Tenggara,,Ya,2024,7,Non-El Nino
2024-07-27,Maluku,,Ya,2024,7,Non-El Nino
2024-07-27,Papua,,Ya,2024,7,Non-El Nino
2024-07-28,Sumatera,,Ya,2024,7,Non-El Nino
2024-07-28,Jawa,,Ya,2024,7,Non-El Nino
2024-07-28,Kalimantan,,Ya,2024,7,Non-El Nino
2024-07-28,Sulawesi,,Ya,2024,7,Non-El Nino
2024-07-28,Bali-Nusa Tenggara,,Ya,2024,7,Non-El Nino
2024-07-28,Maluku,,Ya,2024,7,Non-El Nino
2024-07-28,Papua,,Ya,2024,7,Non-El Nino
2024-07-29,Sumatera,89.0,Tidak,2024,7,Non-El Nino
2024-07-29,Jawa,10.0,Tidak,2024,7,Non-El Nino
2024-07-29,Kalimantan,77.0,Tidak,2024,7,Non-El Nino
2024-07-29,Sulawesi,2.0,Tidak,2024,7,Non-El Nino
2024-07-29,Bali-Nusa Tenggara,2.0,Tidak,2024,7,Non-El Nino
2024-07-29,Maluku,4.0,Tidak,2024,7,Non-El Nino
2024-07-29,Papua,1.0,Tidak,2024,7,Non-El Nino
2024-07-30,Sumatera,198.0,Tidak,2024,7,Non-El Nino
2024-07-30,Jawa,105.0,Tidak,2024,7,Non-El Nino
2024-07-30,Kalimantan,68.0,Tidak,2024,7,Non-El Nino
2024-07-30,Sulawesi,15.0,Tidak,2024,7,Non-El Nino
2024-07-30,Bali-Nusa Tenggara,9.0,Tidak,2024,7,Non-El Nino
2024-07-30,Maluku,5.0,Tidak,2024,7,Non-El Nino
2024-07-30,Papua,27.0,Tidak,2024,7,Non-El Nino
2024-07-31,Sumatera,112.0,Tidak,2024,7,Non-El Nino
2024-07-31,Jawa,28.0,Tidak,2024,7,Non-El Nino
2024-07-31,Kalimantan,335.0,Tidak,2024,7,Non-El Nino
2024-07-31,Sulawesi,13.0,Tidak,2024,7,Non-El Nino
2024-07-31,Bali-Nusa Tenggara,46.0,Tidak,2024,7,Non-El Nino
2024-07-31,Maluku,3.0,Tidak,2024,7,Non-El Nino
2024-07-31,Papua,25.0,Tidak,2024,7,Non-El Nino
2024-08-01,Sumatera,125.0,Tidak,2024,8,Non-El Nino
2024-08-01,Jawa,8.0,Tidak,2024,8,Non-El Nino
2024-08-01,Kalimantan,142.0,Tidak,2024,8,Non-El Nino
2024-08-01,Sulawesi,20.0,Tidak,2024,8,Non-El Nino
2024-08-01,Bali-Nusa Tenggara,62.0,Tidak,2024,8,Non-El Nino
2024-08-01,Maluku,2.0,Tidak,2024,8,Non-El Nino
2024-08-01,Papua,14.0,Tidak,2024,8,Non-El Nino
2024-08-02,Sumatera,82.0,Tidak,2024,8,Non-El Nino
2024-08-02,Jawa,9.0,Tidak,2024,8,Non-El Nino
2024-08-02,Kalimantan,9.0,Tidak,2024,8,Non-El Nino
2024-08-02,Sulawesi,15.0,Tidak,2024,8,Non-El Nino
2024-08-02,Bali-Nusa Tenggara,43.0,Tidak,2024,8,Non-El Nino
2024-08-02,Maluku,4.0,Tidak,2024,8,Non-El Nino
2024-08-02,Papua,4.0,Tidak,2024,8,Non-El Nino
2024-08-03,Sumatera,93.0,Tidak,2024,8,Non-El Nino
2024-08-03,Jawa,78.0,Tidak,2024,8,Non-El Nino
2024-08-03,Kalimantan,75.0,Tidak,2024,8,Non-El Nino
2024-08-03,Sulawesi,16.0,Tidak,2024,8,Non-El Nino
2024-08-03,Bali-Nusa Tenggara,44.0,Tidak,2024,8,Non-El Nino
2024-08-03,Maluku,8.0,Tidak,2024,8,Non-El Nino
2024-08-03,Papua,7.0,Tidak,2024,8,Non-El Nino
2024-08-04,Sumatera,83.0,Tidak,2024,8,Non-El Nino
2024-08-04,Jawa,128.0,Tidak,2024,8,Non-El Nino
2024-08-04,Kalimantan,294.0,Tidak,2024,8,Non-El Nino
2024-08-04,Sulawesi,7.0,Tidak,2024,8,Non-El Nino
2024-08-04,Bali-Nusa Tenggara,49.0,Tidak,2024,8,Non-El Nino
2024-08-04,Maluku,1.0,Tidak,2024,8,Non-El Nino
2024-08-04,Papua,7.0,Tidak,2024,8,Non-El Nino
2024-08-05,Sumatera,131.0,Tidak,2024,8,Non-El Nino
2024-08-05,Jawa,116.0,Tidak,2024,8,Non-El Nino
2024-08-05,Kalimantan,235.0,Tidak,2024,8,Non-El Nino
2024-08-05,Sulawesi,2.0,Tidak,2024,8,Non-El Nino
2024-08-05,Bali-Nusa Tenggara,84.0,Tidak,2024,8,Non-El Nino
2024-08-05,Maluku,1.0,Tidak,2024,8,Non-El Nino
2024-08-05,Papua,1.0,Tidak,2024,8,Non-El Nino
2024-08-06,Sumatera,138.0,Tidak,2024,8,Non-El Nino
2024-08-06,Jawa,64.0,Tidak,2024,8,Non-El Nino
2024-08-06,Kalimantan,108.0,Tidak,2024,8,Non-El Nino
2024-08-06,Sulawesi,2.0,Tidak,2024,8,Non-El Nino
2024-08-06,Bali-Nusa Tenggara,73.0,Tidak,2024,8,Non-El Nino
2024-08-06,Maluku,1.0,Tidak,2024,8,Non-El Nino
2024-08-06,Papua,16.0,Tidak,2024,8,Non-El Nino
2024-08-07,Sumatera,15.0,Tidak,2024,8,Non-El Nino
2024-08-07,Jawa,22.0,Tidak,2024,8,Non-El Nino
2024-08-07,Kalimantan,19.0,Tidak,2024,8,Non-El Nino
2024-08-07,Sulawesi,0.0,Tidak,2024,8,Non-El Nino
2024-08-07,Bali-Nusa Tenggara,115.0,Tidak,2024,8,Non-El Nino
2024-08-07,Maluku,9.0,Tidak,2024,8,Non-El Nino
2024-08-07,Papua,1.0,Tidak,2024,8,Non-El Nino
2024-08-08,Sumatera,64.0,Tidak,2024,8,Non-El Nino
2024-08-08,Jawa,21.0,Tidak,2024,8,Non-El Nino
2024-08-08,Kalimantan,57.0,Tidak,2024,8,Non-El Nino
2024-08-08,Sulawesi,8.0,Tidak,2024,8,Non-El Nino
2024-08-08,Bali-Nusa Tenggara,47.0,Tidak,2024,8,Non-El Nino
2024-08-08,Maluku,22.0,Tidak,2024,8,Non-El Nino
2024-08-08,Papua,3.0,Tidak,2024,8,Non-El Nino
2024-08-09,Sumatera,43.0,Tidak,2024,8,Non-El Nino
2024-08-09,Jawa,67.0,Tidak,2024,8,Non-El Nino
2024-08-09,Kalimantan,64.0,Tidak,2024,8,Non-El Nino
2024-08-09,Sulawesi,8.0,Tidak,2024,8,Non-El Nino
2024-08-09,Bali-Nusa Tenggara,177.0,Tidak,2024,8,Non-El Nino
2024-08-09,Maluku,16.0,Tidak,2024,8,Non-El Nino
2024-08-09,Papua,20.0,Tidak,2024,8,Non-El Nino
2024-08-10,Sumatera,48.0,Tidak,2024,8,Non-El Nino
2024-08-10,Jawa,105.0,Tidak,2024,8,Non-El Nino
2024-08-10,Kalimantan,197.0,Tidak,2024,8,Non-El Nino
2024-08-10,Sulawesi,13.0,Tidak,2024,8,Non-El Nino
2024-08-10,Bali-Nusa Tenggara,266.0,Tidak,2024,8,Non-El Nino
2024-08-10,Maluku,9.0,Tidak,2024,8,Non-El Nino
2024-08-10,Papua,19.0,Tidak,2024,8,Non-El Nino
2024-08-11,Sumatera,43.0,Tidak,2024,8,Non-El Nino
2024-08-11,Jawa,94.0,Tidak,2024,8,Non-El Nino
2024-08-11,Kalimantan,124.0,Tidak,2024,8,Non-El Nino
2024-08-11,Sulawesi,44.0,Tidak,2024,8,Non-El Nino
2024-08-11,Bali-Nusa Tenggara,156.0,Tidak,2024,8,Non-El Nino
2024-08-11,Maluku,5.0,Tidak,2024,8,Non-El Nino
2024-08-11,Papua,12.0,Tidak,2024,8,Non-El Nino
2024-08-12,Sumatera,113.0,Tidak,2024,8,Non-El Nino
2024-08-12,Jawa,94.0,Tidak,2024,8,Non-El Nino
2024-08-12,Kalimantan,118.0,Tidak,2024,8,Non-El Nino
2024-08-12,Sulawesi,4.0,Tidak,2024,8,Non-El Nino
2024-08-12,Bali-Nusa Tenggara,101.0,Tidak,2024,8,Non-El Nino
2024-08-12,Maluku,4.0,Tidak,2024,8,Non-El Nino
2024-08-12,Papua,13.0,Tidak,2024,8,Non-El Nino
2024-08-13,Sumatera,160.0,Tidak,2024,8,Non-El Nino
2024-08-13,Jawa,85.0,Tidak,2024,8,Non-El Nino
2024-08-13,Kalimantan,179.0,Tidak,2024,8,Non-El Nino
2024-08-13,Sulawesi,13.0,Tidak,2024,8,Non-El Nino
2024-08-13,Bali-Nusa Tenggara,126.0,Tidak,2024,8,Non-El Nino
2024-08-13,Maluku,13.0,Tidak,2024,8,Non-El Nino
2024-08-13,Papua,15.0,Tidak,2024,8,Non-El Nino
2024-08-14,Sumatera,102.0,Tidak,2024,8,Non-El Nino
2024-08-14,Jawa,147.0,Tidak,2024,8,Non-El Nino
2024-08-14,Kalimantan,306.0,Tidak,2024,8,Non-El Nino
2024-08-14,Sulawesi,28.0,Tidak,2024,8,Non-El Nino
2024-08-14,Bali-Nusa Tenggara,106.0,Tidak,2024,8,Non-El Nino
2024-08-14,Maluku,19.0,Tidak,2024,8,Non-El Nino
2024-08-14,Papua,19.0,Tidak,2024,8,Non-El Nino
2024-08-15,Sumatera,44.0,Tidak,2024,8,Non-El Nino
2024-08-15,Jawa,233.0,Tidak,2024,8,Non-El Nino
2024-08-15,Kalimantan,250.0,Tidak,2024,8,Non-El Nino
2024-08-15,Sulawesi,37.0,Tidak,2024,8,Non-El Nino
2024-08-15,Bali-Nusa Tenggara,154.0,Tidak,2024,8,Non-El Nino
2024-08-15,Maluku,20.0,Tidak,2024,8,Non-El Nino
2024-08-15,Papua,8.0,Tidak,2024,8,Non-El Nino
2024-08-16,Sumatera,24.0,Tidak,2024,8,Non-El Nino
2024-08-16,Jawa,106.0,Tidak,2024,8,Non-El Nino
2024-08-16,Kalimantan,119.0,Tidak,2024,8,Non-El Nino
2024-08-16,Sulawesi,23.0,Tidak,2024,8,Non-El Nino
2024-08-16,Bali-Nusa Tenggara,146.0,Tidak,2024,8,Non-El Nino
2024-08-16,Maluku,4.0,Tidak,2024,8,Non-El Nino
2024-08-16,Papua,8.0,Tidak,2024,8,Non-El Nino
2024-08-17,Sumatera,112.0,Tidak,2024,8,Non-El Nino
2024-08-17,Jawa,66.0,Tidak,2024,8,Non-El Nino
2024-08-17,Kalimantan,124.0,Tidak,2024,8,Non-El Nino
2024-08-17,Sulawesi,47.0,Tidak,2024,8,Non-El Nino
2024-08-17,Bali-Nusa Tenggara,155.0,Tidak,2024,8,Non-El Nino
2024-08-17,Maluku,13.0,Tidak,2024,8,Non-El Nino
2024-08-17,Papua,12.0,Tidak,2024,8,Non-El Nino
2024-08-18,Sumatera,140.0,Tidak,2024,8,Non-El Nino
2024-08-18,Jawa,61.0,Tidak,2024,8,Non-El Nino
2024-08-18,Kalimantan,136.0,Tidak,2024,8,Non-El Nino
2024-08-18,Sulawesi,38.0,Tidak,2024,8,Non-El Nino
2024-08-18,Bali-Nusa Tenggara,128.0,Tidak,2024,8,Non-El Nino
2024-08-18,Maluku,21.0,Tidak,2024,8,Non-El Nino
2024-08-18,Papua,14.0,Tidak,2024,8,Non-El Nino
2024-08-19,Sumatera,94.0,Tidak,2024,8,Non-El Nino
2024-08-19,Jawa,167.0,Tidak,2024,8,Non-El Nino
2024-08-19,Kalimantan,136.0,Tidak,2024,8,Non-El Nino
2024-08-19,Sulawesi,16.0,Tidak,2024,8,Non-El Nino
2024-08-19,Bali-Nusa Tenggara,75.0,Tidak,2024,8,Non-El Nino
2024-08-19,Maluku,14.0,Tidak,2024,8,Non-El Nino
2024-08-19,Papua,16.0,Tidak,2024,8,Non-El Nino
2024-08-20,Sumatera,131.0,Tidak,2024,8,Non-El Nino
2024-08-20,Jawa,264.0,Tidak,2024,8,Non-El Nino
2024-08-20,Kalimantan,47.0,Tidak,2024,8,Non-El Nino
2024-08-20,Sulawesi,15.0,Tidak,2024,8,Non-El Nino
2024-08-20,Bali-Nusa Tenggara,69.0,Tidak,2024,8,Non-El Nino
2024-08-20,Maluku,6.0,Tidak,2024,8,Non-El Nino
2024-08-20,Papua,8.0,Tidak,2024,8,Non-El Nino
2024-08-21,Sumatera,94.0,Tidak,2024,8,Non-El Nino
2024-08-21,Jawa,144.0,Tidak,2024,8,Non-El Nino
2024-08-21,Kalimantan,20.0,Tidak,2024,8,Non-El Nino
2024-08-21,Sulawesi,9.0,Tidak,2024,8,Non-El Nino
2024-08-21,Bali-Nusa Tenggara,109.0,Tidak,2024,8,Non-El Nino
2024-08-21,Maluku,5.0,Tidak,2024,8,Non-El Nino
2024-08-21,Papua,16.0,Tidak,2024,8,Non-El Nino
2024-08-22,Sumatera,96.0,Tidak,2024,8,Non-El Nino
2024-08-22,Jawa,43.0,Tidak,2024,8,Non-El Nino
2024-08-22,Kalimantan,0.0,Tidak,2024,8,Non-El Nino
2024-08-22,Sulawesi,12.0,Tidak,2024,8,Non-El Nino
2024-08-22,Bali-Nusa Tenggara,144.0,Tidak,2024,8,Non-El Nino
2024-08-22,Maluku,25.0,Tidak,2024,8,Non-El Nino
2024-08-22,Papua,3.0,Tidak,2024,8,Non-El Nino
2024-08-23,Sumatera,153.0,Tidak,2024,8,Non-El Nino
2024-08-23,Jawa,59.0,Tidak,2024,8,Non-El Nino
2024-08-23,Kalimantan,19.0,Tidak,2024,8,Non-El Nino
2024-08-23,Sulawesi,4.0,Tidak,2024,8,Non-El Nino
2024-08-23,Bali-Nusa Tenggara,107.0,Tidak,2024,8,Non-El Nino
2024-08-23,Maluku,3.0,Tidak,2024,8,Non-El Nino
2024-08-23,Papua,2.0,Tidak,2024,8,Non-El Nino
2024-08-24,Sumatera,96.0,Tidak,2024,8,Non-El Nino
2024-08-24,Jawa,169.0,Tidak,2024,8,Non-El Nino
2024-08-24,Kalimantan,46.0,Tidak,2024,8,Non-El Nino
2024-08-24,Sulawesi,12.0,Tidak,2024,8,Non-El Nino
2024-08-24,Bali-Nusa Tenggara,42.0,Tidak,2024,8,Non-El Nino
2024-08-24,Maluku,9.0,Tidak,2024,8,Non-El Nino
2024-08-24,Papua,1.0,Tidak,2024,8,Non-El Nino
2024-08-25,Sumatera,143.0,Tidak,2024,8,Non-El Nino
2024-08-25,Jawa,124.0,Tidak,2024,8,Non-El Nino
2024-08-25,Kalimantan,131.0,Tidak,2024,8,Non-El Nino
2024-08-25,Sulawesi,7.0,Tidak,2024,8,Non-El Nino
2024-08-25,Bali-Nusa Tenggara,81.0,Tidak,2024,8,Non-El Nino
2024-08-25,Maluku,2.0,Tidak,2024,8,Non-El Nino
2024-08-25,Papua,2.0,Tidak,2024,8,Non-El Nino
2024-08-26,Sumatera,184.0,Tidak,2024,8,Non-El Nino
2024-08-26,Jawa,141.0,Tidak,2024,8,Non-El Nino
2024-08-26,Kalimantan,52.0,Tidak,2024,8,Non-El Nino
2024-08-26,Sulawesi,14.0,Tidak,2024,8,Non-El Nino
2024-08-26,Bali-Nusa Tenggara,252.0,Tidak,2024,8,Non-El Nino
2024-08-26,Maluku,13.0,Tidak,2024,8,Non-El Nino
2024-08-26,Papua,15.0,Tidak,2024,8,Non-El Nino
2024-08-27,Sumatera,248.0,Tidak,2024,8,Non-El Nino
2024-08-27,Jawa,88.0,Tidak,2024,8,Non-El Nino
2024-08-27,Kalimantan,28.0,Tidak,2024,8,Non-El Nino
2024-08-27,Sulawesi,10.0,Tidak,2024,8,Non-El Nino
2024-08-27,Bali-Nusa Tenggara,211.0,Tidak,2024,8,Non-El Nino
2024-08-27,Maluku,19.0,Tidak,2024,8,Non-El Nino
2024-08-27,Papua,15.0,Tidak,2024,8,Non-El Nino
2024-08-28,Sumatera,24.0,Tidak,2024,8,Non-El Nino
2024-08-28,Jawa,15.0,Tidak,2024,8,Non-El Nino
2024-08-28,Kalimantan,16.0,Tidak,2024,8,Non-El Nino
2024-08-28,Sulawesi,19.0,Tidak,2024,8,Non-El Nino
2024-08-28,Bali-Nusa Tenggara,297.0,Tidak,2024,8,Non-El Nino
2024-08-28,Maluku,8.0,Tidak,2024,8,Non-El Nino
2024-08-28,Papua,55.0,Tidak,2024,8,Non-El Nino
2024-08-29,Sumatera,72.0,Tidak,2024,8,Non-El Nino
2024-08-29,Jawa,69.0,Tidak,2024,8,Non-El Nino
2024-08-29,Kalimantan,4.0,Tidak,2024,8,Non-El Nino
2024-08-29,Sulawesi,25.0,Tidak,2024,8,Non-El Nino
2024-08-29,Bali-Nusa Tenggara,111.0,Tidak,2024,8,Non-El Nino
2024-08-29,Maluku,14.0,Tidak,2024,8,Non-El Nino
2024-08-29,Papua,28.0,Tidak,2024,8,Non-El Nino
2024-08-30,Sumatera,163.0,Tidak,2024,8,Non-El Nino
2024-08-30,Jawa,233.0,Tidak,2024,8,Non-El Nino
2024-08-30,Kalimantan,38.0,Tidak,2024,8,Non-El Nino
2024-08-30,Sulawesi,3.0,Tidak,2024,8,Non-El Nino
2024-08-30,Bali-Nusa Tenggara,52.0,Tidak,2024,8,Non-El Nino
2024-08-30,Maluku,12.0,Tidak,2024,8,Non-El Nino
2024-08-30,Papua,6.0,Tidak,2024,8,Non-El Nino
2024-08-31,Sumatera,198.0,Tidak,2024,8,Non-El Nino
2024-08-31,Jawa,210.0,Tidak,2024,8,Non-El Nino
2024-08-31,Kalimantan,396.0,Tidak,2024,8,Non-El Nino
2024-08-31,Sulawesi,10.0,Tidak,2024,8,Non-El Nino
2024-08-31,Bali-Nusa Tenggara,98.0,Tidak,2024,8,Non-El Nino
2024-08-31,Maluku,37.0,Tidak,2024,8,Non-El Nino
2024-08-31,Papua,43.0,Tidak,2024,8,Non-El Nino
2024-09-01,Sumatera,152.0,Tidak,2024,9,Non-El Nino
2024-09-01,Jawa,71.0,Tidak,2024,9,Non-El Nino
2024-09-01,Kalimantan,932.0,Tidak,2024,9,Non-El Nino
2024-09-01,Sulawesi,46.0,Tidak,2024,9,Non-El Nino
2024-09-01,Bali-Nusa Tenggara,229.0,Tidak,2024,9,Non-El Nino
2024-09-01,Maluku,10.0,Tidak,2024,9,Non-El Nino
2024-09-01,Papua,3.0,Tidak,2024,9,Non-El Nino
2024-09-02,Sumatera,179.0,Tidak,2024,9,Non-El Nino
2024-09-02,Jawa,79.0,Tidak,2024,9,Non-El Nino
2024-09-02,Kalimantan,1136.0,Tidak,2024,9,Non-El Nino
2024-09-02,Sulawesi,35.0,Tidak,2024,9,Non-El Nino
2024-09-02,Bali-Nusa Tenggara,419.0,Tidak,2024,9,Non-El Nino
2024-09-02,Maluku,11.0,Tidak,2024,9,Non-El Nino
2024-09-02,Papua,21.0,Tidak,2024,9,Non-El Nino
2024-09-03,Sumatera,503.0,Tidak,2024,9,Non-El Nino
2024-09-03,Jawa,146.0,Tidak,2024,9,Non-El Nino
2024-09-03,Kalimantan,2159.0,Tidak,2024,9,Non-El Nino
2024-09-03,Sulawesi,11.0,Tidak,2024,9,Non-El Nino
2024-09-03,Bali-Nusa Tenggara,239.0,Tidak,2024,9,Non-El Nino
2024-09-03,Maluku,7.0,Tidak,2024,9,Non-El Nino
2024-09-03,Papua,1.0,Tidak,2024,9,Non-El Nino
2024-09-04,Sumatera,235.0,Tidak,2024,9,Non-El Nino
2024-09-04,Jawa,114.0,Tidak,2024,9,Non-El Nino
2024-09-04,Kalimantan,1372.0,Tidak,2024,9,Non-El Nino
2024-09-04,Sulawesi,35.0,Tidak,2024,9,Non-El Nino
2024-09-04,Bali-Nusa Tenggara,182.0,Tidak,2024,9,Non-El Nino
2024-09-04,Maluku,12.0,Tidak,2024,9,Non-El Nino
2024-09-04,Papua,4.0,Tidak,2024,9,Non-El Nino
2024-09-05,Sumatera,181.0,Tidak,2024,9,Non-El Nino
2024-09-05,Jawa,196.0,Tidak,2024,9,Non-El Nino
2024-09-05,Kalimantan,223.0,Tidak,2024,9,Non-El Nino
2024-09-05,Sulawesi,27.0,Tidak,2024,9,Non-El Nino
2024-09-05,Bali-Nusa Tenggara,127.0,Tidak,2024,9,Non-El Nino
2024-09-05,Maluku,12.0,Tidak,2024,9,Non-El Nino
2024-09-05,Papua,129.0,Tidak,2024,9,Non-El Nino
2024-09-06,Sumatera,239.0,Tidak,2024,9,Non-El Nino
2024-09-06,Jawa,145.0,Tidak,2024,9,Non-El Nino
2024-09-06,Kalimantan,1074.0,Tidak,2024,9,Non-El Nino
2024-09-06,Sulawesi,26.0,Tidak,2024,9,Non-El Nino
2024-09-06,Bali-Nusa Tenggara,116.0,Tidak,2024,9,Non-El Nino
2024-09-06,Maluku,8.0,Tidak,2024,9,Non-El Nino
2024-09-06,Papua,10.0,Tidak,2024,9,Non-El Nino
2024-09-07,Sumatera,434.0,Tidak,2024,9,Non-El Nino
2024-09-07,Jawa,76.0,Tidak,2024,9,Non-El Nino
2024-09-07,Kalimantan,1372.0,Tidak,2024,9,Non-El Nino
2024-09-07,Sulawesi,19.0,Tidak,2024,9,Non-El Nino
2024-09-07,Bali-Nusa Tenggara,271.0,Tidak,2024,9,Non-El Nino
2024-09-07,Maluku,4.0,Tidak,2024,9,Non-El Nino
2024-09-07,Papua,31.0,Tidak,2024,9,Non-El Nino
2024-09-08,Sumatera,161.0,Tidak,2024,9,Non-El Nino
2024-09-08,Jawa,29.0,Tidak,2024,9,Non-El Nino
2024-09-08,Kalimantan,386.0,Tidak,2024,9,Non-El Nino
2024-09-08,Sulawesi,8.0,Tidak,2024,9,Non-El Nino
2024-09-08,Bali-Nusa Tenggara,113.0,Tidak,2024,9,Non-El Nino
2024-09-08,Maluku,12.0,Tidak,2024,9,Non-El Nino
2024-09-08,Papua,24.0,Tidak,2024,9,Non-El Nino
2024-09-09,Sumatera,55.0,Tidak,2024,9,Non-El Nino
2024-09-09,Jawa,31.0,Tidak,2024,9,Non-El Nino
2024-09-09,Kalimantan,75.0,Tidak,2024,9,Non-El Nino
2024-09-09,Sulawesi,27.0,Tidak,2024,9,Non-El Nino
2024-09-09,Bali-Nusa Tenggara,118.0,Tidak,2024,9,Non-El Nino
2024-09-09,Maluku,34.0,Tidak,2024,9,Non-El Nino
2024-09-09,Papua,47.0,Tidak,2024,9,Non-El Nino
2024-09-10,Sumatera,17.0,Tidak,2024,9,Non-El Nino
2024-09-10,Jawa,43.0,Tidak,2024,9,Non-El Nino
2024-09-10,Kalimantan,83.0,Tidak,2024,9,Non-El Nino
2024-09-10,Sulawesi,43.0,Tidak,2024,9,Non-El Nino
2024-09-10,Bali-Nusa Tenggara,95.0,Tidak,2024,9,Non-El Nino
2024-09-10,Maluku,28.0,Tidak,2024,9,Non-El Nino
2024-09-10,Papua,193.0,Tidak,2024,9,Non-El Nino
2024-09-11,Sumatera,16.0,Tidak,2024,9,Non-El Nino
2024-09-11,Jawa,71.0,Tidak,2024,9,Non-El Nino
2024-09-11,Kalimantan,347.0,Tidak,2024,9,Non-El Nino
2024-09-11,Sulawesi,74.0,Tidak,2024,9,Non-El Nino
2024-09-11,Bali-Nusa Tenggara,285.0,Tidak,2024,9,Non-El Nino
2024-09-11,Maluku,31.0,Tidak,2024,9,Non-El Nino
2024-09-11,Papua,163.0,Tidak,2024,9,Non-El Nino
2024-09-12,Sumatera,24.0,Tidak,2024,9,Non-El Nino
2024-09-12,Jawa,78.0,Tidak,2024,9,Non-El Nino
2024-09-12,Kalimantan,355.0,Tidak,2024,9,Non-El Nino
2024-09-12,Sulawesi,153.0,Tidak,2024,9,Non-El Nino
2024-09-12,Bali-Nusa Tenggara,286.0,Tidak,2024,9,Non-El Nino
2024-09-12,Maluku,7.0,Tidak,2024,9,Non-El Nino
2024-09-12,Papua,45.0,Tidak,2024,9,Non-El Nino
2024-09-13,Sumatera,52.0,Tidak,2024,9,Non-El Nino
2024-09-13,Jawa,104.0,Tidak,2024,9,Non-El Nino
2024-09-13,Kalimantan,989.0,Tidak,2024,9,Non-El Nino
2024-09-13,Sulawesi,155.0,Tidak,2024,9,Non-El Nino
2024-09-13,Bali-Nusa Tenggara,271.0,Tidak,2024,9,Non-El Nino
2024-09-13,Maluku,22.0,Tidak,2024,9,Non-El Nino
2024-09-13,Papua,23.0,Tidak,2024,9,Non-El Nino
2024-09-14,Sumatera,99.0,Tidak,2024,9,Non-El Nino
2024-09-14,Jawa,108.0,Tidak,2024,9,Non-El Nino
2024-09-14,Kalimantan,1376.0,Tidak,2024,9,Non-El Nino
2024-09-14,Sulawesi,83.0,Tidak,2024,9,Non-El Nino
2024-09-14,Bali-Nusa Tenggara,234.0,Tidak,2024,9,Non-El Nino
2024-09-14,Maluku,50.0,Tidak,2024,9,Non-El Nino
2024-09-14,Papua,8.0,Tidak,2024,9,Non-El Nino
2024-09-15,Sumatera,27.0,Tidak,2024,9,Non-El Nino
2024-09-15,Jawa,192.0,Tidak,2024,9,Non-El Nino
2024-09-15,Kalimantan,1031.0,Tidak,2024,9,Non-El Nino
2024-09-15,Sulawesi,51.0,Tidak,2024,9,Non-El Nino
2024-09-15,Bali-Nusa Tenggara,176.0,Tidak,2024,9,Non-El Nino
2024-09-15,Maluku,4.0,Tidak,2024,9,Non-El Nino
2024-09-15,Papua,9.0,Tidak,2024,9,Non-El Nino
2024-09-16,Sumatera,16.0,Tidak,2024,9,Non-El Nino
2024-09-16,Jawa,172.0,Tidak,2024,9,Non-El Nino
2024-09-16,Kalimantan,1020.0,Tidak,2024,9,Non-El Nino
2024-09-16,Sulawesi,64.0,Tidak,2024,9,Non-El Nino
2024-09-16,Bali-Nusa Tenggara,100.0,Tidak,2024,9,Non-El Nino
2024-09-16,Maluku,13.0,Tidak,2024,9,Non-El Nino
2024-09-16,Papua,5.0,Tidak,2024,9,Non-El Nino
2024-09-17,Sumatera,27.0,Tidak,2024,9,Non-El Nino
2024-09-17,Jawa,112.0,Tidak,2024,9,Non-El Nino
2024-09-17,Kalimantan,714.0,Tidak,2024,9,Non-El Nino
2024-09-17,Sulawesi,116.0,Tidak,2024,9,Non-El Nino
2024-09-17,Bali-Nusa Tenggara,185.0,Tidak,2024,9,Non-El Nino
2024-09-17,Maluku,4.0,Tidak,2024,9,Non-El Nino
2024-09-17,Papua,5.0,Tidak,2024,9,Non-El Nino
2024-09-18,Sumatera,284.0,Tidak,2024,9,Non-El Nino
2024-09-18,Jawa,68.0,Tidak,2024,9,Non-El Nino
2024-09-18,Kalimantan,268.0,Tidak,2024,9,Non-El Nino
2024-09-18,Sulawesi,83.0,Tidak,2024,9,Non-El Nino
2024-09-18,Bali-Nusa Tenggara,53.0,Tidak,2024,9,Non-El Nino
2024-09-18,Maluku,9.0,Tidak,2024,9,Non-El Nino
2024-09-18,Papua,37.0,Tidak,2024,9,Non-El Nino
2024-09-19,Sumatera,238.0,Tidak,2024,9,Non-El Nino
2024-09-19,Jawa,128.0,Tidak,2024,9,Non-El Nino
2024-09-19,Kalimantan,416.0,Tidak,2024,9,Non-El Nino
2024-09-19,Sulawesi,65.0,Tidak,2024,9,Non-El Nino
2024-09-19,Bali-Nusa Tenggara,82.0,Tidak,2024,9,Non-El Nino
2024-09-19,Maluku,7.0,Tidak,2024,9,Non-El Nino
2024-09-19,Papua,3.0,Tidak,2024,9,Non-El Nino
2024-09-20,Sumatera,289.0,Tidak,2024,9,Non-El Nino
2024-09-20,Jawa,168.0,Tidak,2024,9,Non-El Nino
2024-09-20,Kalimantan,450.0,Tidak,2024,9,Non-El Nino
2024-09-20,Sulawesi,23.0,Tidak,2024,9,Non-El Nino
2024-09-20,Bali-Nusa Tenggara,85.0,Tidak,2024,9,Non-El Nino
2024-09-20,Maluku,18.0,Tidak,2024,9,Non-El Nino
2024-09-20,Papua,11.0,Tidak,2024,9,Non-El Nino
2024-09-21,Sumatera,132.0,Tidak,2024,9,Non-El Nino
2024-09-21,Jawa,117.0,Tidak,2024,9,Non-El Nino
2024-09-21,Kalimantan,418.0,Tidak,2024,9,Non-El Nino
2024-09-21,Sulawesi,15.0,Tidak,2024,9,Non-El Nino
2024-09-21,Bali-Nusa Tenggara,69.0,Tidak,2024,9,Non-El Nino
2024-09-21,Maluku,19.0,Tidak,2024,9,Non-El Nino
2024-09-21,Papua,66.0,Tidak,2024,9,Non-El Nino
2024-09-22,Sumatera,77.0,Tidak,2024,9,Non-El Nino
2024-09-22,Jawa,14.0,Tidak,2024,9,Non-El Nino
2024-09-22,Kalimantan,476.0,Tidak,2024,9,Non-El Nino
2024-09-22,Sulawesi,50.0,Tidak,2024,9,Non-El Nino
2024-09-22,Bali-Nusa Tenggara,97.0,Tidak,2024,9,Non-El Nino
2024-09-22,Maluku,6.0,Tidak,2024,9,Non-El Nino
2024-09-22,Papua,36.0,Tidak,2024,9,Non-El Nino
2024-09-23,Sumatera,112.0,Tidak,2024,9,Non-El Nino
2024-09-23,Jawa,20.0,Tidak,2024,9,Non-El Nino
2024-09-23,Kalimantan,160.0,Tidak,2024,9,Non-El Nino
2024-09-23,Sulawesi,95.0,Tidak,2024,9,Non-El Nino
2024-09-23,Bali-Nusa Tenggara,202.0,Tidak,2024,9,Non-El Nino
2024-09-23,Maluku,13.0,Tidak,2024,9,Non-El Nino
2024-09-23,Papua,9.0,Tidak,2024,9,Non-El Nino
2024-09-24,Sumatera,105.0,Tidak,2024,9,Non-El Nino
2024-09-24,Jawa,11.0,Tidak,2024,9,Non-El Nino
2024-09-24,Kalimantan,221.0,Tidak,2024,9,Non-El Nino
2024-09-24,Sulawesi,47.0,Tidak,2024,9,Non-El Nino
2024-09-24,Bali-Nusa Tenggara,134.0,Tidak,2024,9,Non-El Nino
2024-09-24,Maluku,8.0,Tidak,2024,9,Non-El Nino
2024-09-24,Papua,7.0,Tidak,2024,9,Non-El Nino
2024-09-25,Sumatera,59.0,Tidak,2024,9,Non-El Nino
2024-09-25,Jawa,43.0,Tidak,2024,9,Non-El Nino
2024-09-25,Kalimantan,35.0,Tidak,2024,9,Non-El Nino
2024-09-25,Sulawesi,55.0,Tidak,2024,9,Non-El Nino
2024-09-25,Bali-Nusa Tenggara,86.0,Tidak,2024,9,Non-El Nino
2024-09-25,Maluku,9.0,Tidak,2024,9,Non-El Nino
2024-09-25,Papua,19.0,Tidak,2024,9,Non-El Nino
2024-09-26,Sumatera,,Ya,2024,9,Non-El Nino
2024-09-26,Jawa,,Ya,2024,9,Non-El Nino
2024-09-26,Kalimantan,,Ya,2024,9,Non-El Nino
2024-09-26,Sulawesi,,Ya,2024,9,Non-El Nino
2024-09-26,Bali-Nusa Tenggara,,Ya,2024,9,Non-El Nino
2024-09-26,Maluku,,Ya,2024,9,Non-El Nino
2024-09-26,Papua,,Ya,2024,9,Non-El Nino
2024-09-27,Sumatera,20.0,Tidak,2024,9,Non-El Nino
2024-09-27,Jawa,8.0,Tidak,2024,9,Non-El Nino
2024-09-27,Kalimantan,5.0,Tidak,2024,9,Non-El Nino
2024-09-27,Sulawesi,0.0,Tidak,2024,9,Non-El Nino
2024-09-27,Bali-Nusa Tenggara,0.0,Tidak,2024,9,Non-El Nino
2024-09-27,Maluku,0.0,Tidak,2024,9,Non-El Nino
2024-09-27,Papua,0.0,Tidak,2024,9,Non-El Nino
2024-09-28,Sumatera,39.0,Tidak,2024,9,Non-El Nino
2024-09-28,Jawa,43.0,Tidak,2024,9,Non-El Nino
2024-09-28,Kalimantan,184.0,Tidak,2024,9,Non-El Nino
2024-09-28,Sulawesi,52.0,Tidak,2024,9,Non-El Nino
2024-09-28,Bali-Nusa Tenggara,255.0,Tidak,2024,9,Non-El Nino
2024-09-28,Maluku,15.0,Tidak,2024,9,Non-El Nino
2024-09-28,Papua,22.0,Tidak,2024,9,Non-El Nino
2024-09-29,Sumatera,11.0,Tidak,2024,9,Non-El Nino
2024-09-29,Jawa,43.0,Tidak,2024,9,Non-El Nino
2024-09-29,Kalimantan,107.0,Tidak,2024,9,Non-El Nino
2024-09-29,Sulawesi,41.0,Tidak,2024,9,Non-El Nino
2024-09-29,Bali-Nusa Tenggara,225.0,Tidak,2024,9,Non-El Nino
2024-09-29,Maluku,17.0,Tidak,2024,9,Non-El Nino
2024-09-29,Papua,34.0,Tidak,2024,9,Non-El Nino
2024-09-30,Sumatera,7.0,Tidak,2024,9,Non-El Nino
2024-09-30,Jawa,43.0,Tidak,2024,9,Non-El Nino
2024-09-30,Kalimantan,29.0,Tidak,2024,9,Non-El Nino
2024-09-30,Sulawesi,64.0,Tidak,2024,9,Non-El Nino
2024-09-30,Bali-Nusa Tenggara,201.0,Tidak,2024,9,Non-El Nino
2024-09-30,Maluku,33.0,Tidak,2024,9,Non-El Nino
2024-09-30,Papua,308.0,Tidak,2024,9,Non-El Nino
2024-10-01,Sumatera,26.0,Tidak,2024,10,Non-El Nino
2024-10-01,Jawa,19.0,Tidak,2024,10,Non-El Nino
2024-10-01,Kalimantan,75.0,Tidak,2024,10,Non-El Nino
2024-10-01,Sulawesi,7.0,Tidak,2024,10,Non-El Nino
2024-10-01,Bali-Nusa Tenggara,129.0,Tidak,2024,10,Non-El Nino
2024-10-01,Maluku,47.0,Tidak,2024,10,Non-El Nino
2024-10-01,Papua,195.0,Tidak,2024,10,Non-El Nino
2024-10-02,Sumatera,22.0,Tidak,2024,10,Non-El Nino
2024-10-02,Jawa,52.0,Tidak,2024,10,Non-El Nino
2024-10-02,Kalimantan,52.0,Tidak,2024,10,Non-El Nino
2024-10-02,Sulawesi,10.0,Tidak,2024,10,Non-El Nino
2024-10-02,Bali-Nusa Tenggara,268.0,Tidak,2024,10,Non-El Nino
2024-10-02,Maluku,1.0,Tidak,2024,10,Non-El Nino
2024-10-02,Papua,31.0,Tidak,2024,10,Non-El Nino
2024-10-03,Sumatera,62.0,Tidak,2024,10,Non-El Nino
2024-10-03,Jawa,13.0,Tidak,2024,10,Non-El Nino
2024-10-03,Kalimantan,16.0,Tidak,2024,10,Non-El Nino
2024-10-03,Sulawesi,16.0,Tidak,2024,10,Non-El Nino
2024-10-03,Bali-Nusa Tenggara,331.0,Tidak,2024,10,Non-El Nino
2024-10-03,Maluku,3.0,Tidak,2024,10,Non-El Nino
2024-10-03,Papua,98.0,Tidak,2024,10,Non-El Nino
2024-10-04,Sumatera,8.0,Tidak,2024,10,Non-El Nino
2024-10-04,Jawa,16.0,Tidak,2024,10,Non-El Nino
2024-10-04,Kalimantan,22.0,Tidak,2024,10,Non-El Nino
2024-10-04,Sulawesi,62.0,Tidak,2024,10,Non-El Nino
2024-10-04,Bali-Nusa Tenggara,478.0,Tidak,2024,10,Non-El Nino
2024-10-04,Maluku,36.0,Tidak,2024,10,Non-El Nino
2024-10-04,Papua,145.0,Tidak,2024,10,Non-El Nino
2024-10-05,Sumatera,12.0,Tidak,2024,10,Non-El Nino
2024-10-05,Jawa,45.0,Tidak,2024,10,Non-El Nino
2024-10-05,Kalimantan,57.0,Tidak,2024,10,Non-El Nino
2024-10-05,Sulawesi,56.0,Tidak,2024,10,Non-El Nino
2024-10-05,Bali-Nusa Tenggara,208.0,Tidak,2024,10,Non-El Nino
2024-10-05,Maluku,53.0,Tidak,2024,10,Non-El Nino
2024-10-05,Papua,199.0,Tidak,2024,10,Non-El Nino
2024-10-06,Sumatera,35.0,Tidak,2024,10,Non-El Nino
2024-10-06,Jawa,68.0,Tidak,2024,10,Non-El Nino
2024-10-06,Kalimantan,73.0,Tidak,2024,10,Non-El Nino
2024-10-06,Sulawesi,114.0,Tidak,2024,10,Non-El Nino
2024-10-06,Bali-Nusa Tenggara,298.0,Tidak,2024,10,Non-El Nino
2024-10-06,Maluku,25.0,Tidak,2024,10,Non-El Nino
2024-10-06,Papua,50.0,Tidak,2024,10,Non-El Nino
2024-10-07,Sumatera,29.0,Tidak,2024,10,Non-El Nino
2024-10-07,Jawa,76.0,Tidak,2024,10,Non-El Nino
2024-10-07,Kalimantan,74.0,Tidak,2024,10,Non-El Nino
2024-10-07,Sulawesi,44.0,Tidak,2024,10,Non-El Nino
2024-10-07,Bali-Nusa Tenggara,222.0,Tidak,2024,10,Non-El Nino
2024-10-07,Maluku,16.0,Tidak,2024,10,Non-El Nino
2024-10-07,Papua,28.0,Tidak,2024,10,Non-El Nino
2024-10-08,Sumatera,99.0,Tidak,2024,10,Non-El Nino
2024-10-08,Jawa,34.0,Tidak,2024,10,Non-El Nino
2024-10-08,Kalimantan,17.0,Tidak,2024,10,Non-El Nino
2024-10-08,Sulawesi,28.0,Tidak,2024,10,Non-El Nino
2024-10-08,Bali-Nusa Tenggara,382.0,Tidak,2024,10,Non-El Nino
2024-10-08,Maluku,11.0,Tidak,2024,10,Non-El Nino
2024-10-08,Papua,13.0,Tidak,2024,10,Non-El Nino
2024-10-09,Sumatera,100.0,Tidak,2024,10,Non-El Nino
2024-10-09,Jawa,44.0,Tidak,2024,10,Non-El Nino
2024-10-09,Kalimantan,137.0,Tidak,2024,10,Non-El Nino
2024-10-09,Sulawesi,77.0,Tidak,2024,10,Non-El Nino
2024-10-09,Bali-Nusa Tenggara,386.0,Tidak,2024,10,Non-El Nino
2024-10-09,Maluku,15.0,Tidak,2024,10,Non-El Nino
2024-10-09,Papua,22.0,Tidak,2024,10,Non-El Nino
2024-10-10,Sumatera,80.0,Tidak,2024,10,Non-El Nino
2024-10-10,Jawa,32.0,Tidak,2024,10,Non-El Nino
2024-10-10,Kalimantan,29.0,Tidak,2024,10,Non-El Nino
2024-10-10,Sulawesi,18.0,Tidak,2024,10,Non-El Nino
2024-10-10,Bali-Nusa Tenggara,285.0,Tidak,2024,10,Non-El Nino
2024-10-10,Maluku,57.0,Tidak,2024,10,Non-El Nino
2024-10-10,Papua,24.0,Tidak,2024,10,Non-El Nino
2024-10-11,Sumatera,24.0,Tidak,2024,10,Non-El Nino
2024-10-11,Jawa,53.0,Tidak,2024,10,Non-El Nino
2024-10-11,Kalimantan,74.0,Tidak,2024,10,Non-El Nino
2024-10-11,Sulawesi,36.0,Tidak,2024,10,Non-El Nino
2024-10-11,Bali-Nusa Tenggara,244.0,Tidak,2024,10,Non-El Nino
2024-10-11,Maluku,28.0,Tidak,2024,10,Non-El Nino
2024-10-11,Papua,7.0,Tidak,2024,10,Non-El Nino
2024-10-12,Sumatera,9.0,Tidak,2024,10,Non-El Nino
2024-10-12,Jawa,64.0,Tidak,2024,10,Non-El Nino
2024-10-12,Kalimantan,109.0,Tidak,2024,10,Non-El Nino
2024-10-12,Sulawesi,29.0,Tidak,2024,10,Non-El Nino
2024-10-12,Bali-Nusa Tenggara,260.0,Tidak,2024,10,Non-El Nino
2024-10-12,Maluku,14.0,Tidak,2024,10,Non-El Nino
2024-10-12,Papua,16.0,Tidak,2024,10,Non-El Nino
2024-10-13,Sumatera,3.0,Tidak,2024,10,Non-El Nino
2024-10-13,Jawa,44.0,Tidak,2024,10,Non-El Nino
2024-10-13,Kalimantan,135.0,Tidak,2024,10,Non-El Nino
2024-10-13,Sulawesi,28.0,Tidak,2024,10,Non-El Nino
2024-10-13,Bali-Nusa Tenggara,206.0,Tidak,2024,10,Non-El Nino
2024-10-13,Maluku,9.0,Tidak,2024,10,Non-El Nino
2024-10-13,Papua,60.0,Tidak,2024,10,Non-El Nino
2024-10-14,Sumatera,15.0,Tidak,2024,10,Non-El Nino
2024-10-14,Jawa,25.0,Tidak,2024,10,Non-El Nino
2024-10-14,Kalimantan,32.0,Tidak,2024,10,Non-El Nino
2024-10-14,Sulawesi,25.0,Tidak,2024,10,Non-El Nino
2024-10-14,Bali-Nusa Tenggara,287.0,Tidak,2024,10,Non-El Nino
2024-10-14,Maluku,29.0,Tidak,2024,10,Non-El Nino
2024-10-14,Papua,122.0,Tidak,2024,10,Non-El Nino
2024-10-15,Sumatera,31.0,Tidak,2024,10,Non-El Nino
2024-10-15,Jawa,25.0,Tidak,2024,10,Non-El Nino
2024-10-15,Kalimantan,75.0,Tidak,2024,10,Non-El Nino
2024-10-15,Sulawesi,36.0,Tidak,2024,10,Non-El Nino
2024-10-15,Bali-Nusa Tenggara,299.0,Tidak,2024,10,Non-El Nino
2024-10-15,Maluku,40.0,Tidak,2024,10,Non-El Nino
2024-10-15,Papua,56.0,Tidak,2024,10,Non-El Nino
2024-10-16,Sumatera,139.0,Tidak,2024,10,Non-El Nino
2024-10-16,Jawa,44.0,Tidak,2024,10,Non-El Nino
2024-10-16,Kalimantan,19.0,Tidak,2024,10,Non-El Nino
2024-10-16,Sulawesi,51.0,Tidak,2024,10,Non-El Nino
2024-10-16,Bali-Nusa Tenggara,163.0,Tidak,2024,10,Non-El Nino
2024-10-16,Maluku,41.0,Tidak,2024,10,Non-El Nino
2024-10-16,Papua,85.0,Tidak,2024,10,Non-El Nino
2024-10-17,Sumatera,164.0,Tidak,2024,10,Non-El Nino
2024-10-17,Jawa,63.0,Tidak,2024,10,Non-El Nino
2024-10-17,Kalimantan,1.0,Tidak,2024,10,Non-El Nino
2024-10-17,Sulawesi,19.0,Tidak,2024,10,Non-El Nino
2024-10-17,Bali-Nusa Tenggara,109.0,Tidak,2024,10,Non-El Nino
2024-10-17,Maluku,13.0,Tidak,2024,10,Non-El Nino
2024-10-17,Papua,16.0,Tidak,2024,10,Non-El Nino
2024-10-18,Sumatera,191.0,Tidak,2024,10,Non-El Nino
2024-10-18,Jawa,60.0,Tidak,2024,10,Non-El Nino
2024-10-18,Kalimantan,13.0,Tidak,2024,10,Non-El Nino
2024-10-18,Sulawesi,48.0,Tidak,2024,10,Non-El Nino
2024-10-18,Bali-Nusa Tenggara,137.0,Tidak,2024,10,Non-El Nino
2024-10-18,Maluku,18.0,Tidak,2024,10,Non-El Nino
2024-10-18,Papua,18.0,Tidak,2024,10,Non-El Nino
2024-10-19,Sumatera,133.0,Tidak,2024,10,Non-El Nino
2024-10-19,Jawa,15.0,Tidak,2024,10,Non-El Nino
2024-10-19,Kalimantan,47.0,Tidak,2024,10,Non-El Nino
2024-10-19,Sulawesi,137.0,Tidak,2024,10,Non-El Nino
2024-10-19,Bali-Nusa Tenggara,177.0,Tidak,2024,10,Non-El Nino
2024-10-19,Maluku,25.0,Tidak,2024,10,Non-El Nino
2024-10-19,Papua,31.0,Tidak,2024,10,Non-El Nino
2024-10-20,Sumatera,160.0,Tidak,2024,10,Non-El Nino
2024-10-20,Jawa,10.0,Tidak,2024,10,Non-El Nino
2024-10-20,Kalimantan,32.0,Tidak,2024,10,Non-El Nino
2024-10-20,Sulawesi,154.0,Tidak,2024,10,Non-El Nino
2024-10-20,Bali-Nusa Tenggara,224.0,Tidak,2024,10,Non-El Nino
2024-10-20,Maluku,44.0,Tidak,2024,10,Non-El Nino
2024-10-20,Papua,54.0,Tidak,2024,10,Non-El Nino
2024-10-21,Sumatera,171.0,Tidak,2024,10,Non-El Nino
2024-10-21,Jawa,16.0,Tidak,2024,10,Non-El Nino
2024-10-21,Kalimantan,6.0,Tidak,2024,10,Non-El Nino
2024-10-21,Sulawesi,51.0,Tidak,2024,10,Non-El Nino
2024-10-21,Bali-Nusa Tenggara,152.0,Tidak,2024,10,Non-El Nino
2024-10-21,Maluku,21.0,Tidak,2024,10,Non-El Nino
2024-10-21,Papua,104.0,Tidak,2024,10,Non-El Nino
2024-10-22,Sumatera,183.0,Tidak,2024,10,Non-El Nino
2024-10-22,Jawa,40.0,Tidak,2024,10,Non-El Nino
2024-10-22,Kalimantan,84.0,Tidak,2024,10,Non-El Nino
2024-10-22,Sulawesi,64.0,Tidak,2024,10,Non-El Nino
2024-10-22,Bali-Nusa Tenggara,125.0,Tidak,2024,10,Non-El Nino
2024-10-22,Maluku,63.0,Tidak,2024,10,Non-El Nino
2024-10-22,Papua,91.0,Tidak,2024,10,Non-El Nino
2024-10-23,Sumatera,45.0,Tidak,2024,10,Non-El Nino
2024-10-23,Jawa,24.0,Tidak,2024,10,Non-El Nino
2024-10-23,Kalimantan,322.0,Tidak,2024,10,Non-El Nino
2024-10-23,Sulawesi,102.0,Tidak,2024,10,Non-El Nino
2024-10-23,Bali-Nusa Tenggara,95.0,Tidak,2024,10,Non-El Nino
2024-10-23,Maluku,63.0,Tidak,2024,10,Non-El Nino
2024-10-23,Papua,19.0,Tidak,2024,10,Non-El Nino
2024-10-24,Sumatera,64.0,Tidak,2024,10,Non-El Nino
2024-10-24,Jawa,24.0,Tidak,2024,10,Non-El Nino
2024-10-24,Kalimantan,522.0,Tidak,2024,10,Non-El Nino
2024-10-24,Sulawesi,173.0,Tidak,2024,10,Non-El Nino
2024-10-24,Bali-Nusa Tenggara,183.0,Tidak,2024,10,Non-El Nino
2024-10-24,Maluku,30.0,Tidak,2024,10,Non-El Nino
2024-10-24,Papua,130.0,Tidak,2024,10,Non-El Nino
2024-10-25,Sumatera,91.0,Tidak,2024,10,Non-El Nino
2024-10-25,Jawa,12.0,Tidak,2024,10,Non-El Nino
2024-10-25,Kalimantan,231.0,Tidak,2024,10,Non-El Nino
2024-10-25,Sulawesi,185.0,Tidak,2024,10,Non-El Nino
2024-10-25,Bali-Nusa Tenggara,239.0,Tidak,2024,10,Non-El Nino
2024-10-25,Maluku,37.0,Tidak,2024,10,Non-El Nino
2024-10-25,Papua,223.0,Tidak,2024,10,Non-El Nino
2024-10-26,Sumatera,592.0,Tidak,2024,10,Non-El Nino
2024-10-26,Jawa,22.0,Tidak,2024,10,Non-El Nino
2024-10-26,Kalimantan,309.0,Tidak,2024,10,Non-El Nino
2024-10-26,Sulawesi,86.0,Tidak,2024,10,Non-El Nino
2024-10-26,Bali-Nusa Tenggara,218.0,Tidak,2024,10,Non-El Nino
2024-10-26,Maluku,82.0,Tidak,2024,10,Non-El Nino
2024-10-26,Papua,155.0,Tidak,2024,10,Non-El Nino
2024-10-27,Sumatera,534.0,Tidak,2024,10,Non-El Nino
2024-10-27,Jawa,33.0,Tidak,2024,10,Non-El Nino
2024-10-27,Kalimantan,294.0,Tidak,2024,10,Non-El Nino
2024-10-27,Sulawesi,94.0,Tidak,2024,10,Non-El Nino
2024-10-27,Bali-Nusa Tenggara,123.0,Tidak,2024,10,Non-El Nino
2024-10-27,Maluku,35.0,Tidak,2024,10,Non-El Nino
2024-10-27,Papua,16.0,Tidak,2024,10,Non-El Nino
2024-10-28,Sumatera,327.0,Tidak,2024,10,Non-El Nino
2024-10-28,Jawa,68.0,Tidak,2024,10,Non-El Nino
2024-10-28,Kalimantan,432.0,Tidak,2024,10,Non-El Nino
2024-10-28,Sulawesi,65.0,Tidak,2024,10,Non-El Nino
2024-10-28,Bali-Nusa Tenggara,123.0,Tidak,2024,10,Non-El Nino
2024-10-28,Maluku,20.0,Tidak,2024,10,Non-El Nino
2024-10-28,Papua,11.0,Tidak,2024,10,Non-El Nino
2024-10-29,Sumatera,342.0,Tidak,2024,10,Non-El Nino
2024-10-29,Jawa,67.0,Tidak,2024,10,Non-El Nino
2024-10-29,Kalimantan,257.0,Tidak,2024,10,Non-El Nino
2024-10-29,Sulawesi,94.0,Tidak,2024,10,Non-El Nino
2024-10-29,Bali-Nusa Tenggara,122.0,Tidak,2024,10,Non-El Nino
2024-10-29,Maluku,12.0,Tidak,2024,10,Non-El Nino
2024-10-29,Papua,4.0,Tidak,2024,10,Non-El Nino
2024-10-30,Sumatera,238.0,Tidak,2024,10,Non-El Nino
2024-10-30,Jawa,41.0,Tidak,2024,10,Non-El Nino
2024-10-30,Kalimantan,129.0,Tidak,2024,10,Non-El Nino
2024-10-30,Sulawesi,146.0,Tidak,2024,10,Non-El Nino
2024-10-30,Bali-Nusa Tenggara,92.0,Tidak,2024,10,Non-El Nino
2024-10-30,Maluku,9.0,Tidak,2024,10,Non-El Nino
2024-10-30,Papua,18.0,Tidak,2024,10,Non-El Nino
2024-10-31,Sumatera,99.0,Tidak,2024,10,Non-El Nino
2024-10-31,Jawa,8.0,Tidak,2024,10,Non-El Nino
2024-10-31,Kalimantan,18.0,Tidak,2024,10,Non-El Nino
2024-10-31,Sulawesi,55.0,Tidak,2024,10,Non-El Nino
2024-10-31,Bali-Nusa Tenggara,14.0,Tidak,2024,10,Non-El Nino
2024-10-31,Maluku,37.0,Tidak,2024,10,Non-El Nino
2024-10-31,Papua,3.0,Tidak,2024,10,Non-El Nino
2024-11-01,Sumatera,94.0,Tidak,2024,11,Non-El Nino
2024-11-01,Jawa,2.0,Tidak,2024,11,Non-El Nino
2024-11-01,Kalimantan,37.0,Tidak,2024,11,Non-El Nino
2024-11-01,Sulawesi,37.0,Tidak,2024,11,Non-El Nino
2024-11-01,Bali-Nusa Tenggara,13.0,Tidak,2024,11,Non-El Nino
2024-11-01,Maluku,12.0,Tidak,2024,11,Non-El Nino
2024-11-01,Papua,21.0,Tidak,2024,11,Non-El Nino
2024-11-02,Sumatera,20.0,Tidak,2024,11,Non-El Nino
2024-11-02,Jawa,7.0,Tidak,2024,11,Non-El Nino
2024-11-02,Kalimantan,29.0,Tidak,2024,11,Non-El Nino
2024-11-02,Sulawesi,17.0,Tidak,2024,11,Non-El Nino
2024-11-02,Bali-Nusa Tenggara,22.0,Tidak,2024,11,Non-El Nino
2024-11-02,Maluku,15.0,Tidak,2024,11,Non-El Nino
2024-11-02,Papua,10.0,Tidak,2024,11,Non-El Nino
2024-11-03,Sumatera,,Ya,2024,11,Non-El Nino
2024-11-03,Jawa,,Ya,2024,11,Non-El Nino
2024-11-03,Kalimantan,,Ya,2024,11,Non-El Nino
2024-11-03,Sulawesi,,Ya,2024,11,Non-El Nino
2024-11-03,Bali-Nusa Tenggara,,Ya,2024,11,Non-El Nino
2024-11-03,Maluku,,Ya,2024,11,Non-El Nino
2024-11-03,Papua,,Ya,2024,11,Non-El Nino
2024-11-04,Sumatera,,Ya,2024,11,Non-El Nino
2024-11-04,Jawa,,Ya,2024,11,Non-El Nino
2024-11-04,Kalimantan,,Ya,2024,11,Non-El Nino
2024-11-04,Sulawesi,,Ya,2024,11,Non-El Nino
2024-11-04,Bali-Nusa Tenggara,,Ya,2024,11,Non-El Nino
2024-11-04,Maluku,,Ya,2024,11,Non-El Nino
2024-11-04,Papua,,Ya,2024,11,Non-El Nino
2024-11-05,Sumatera,,Ya,2024,11,Non-El Nino
2024-11-05,Jawa,,Ya,2024,11,Non-El Nino
2024-11-05,Kalimantan,,Ya,2024,11,Non-El Nino
2024-11-05,Sulawesi,,Ya,2024,11,Non-El Nino
2024-11-05,Bali-Nusa Tenggara,,Ya,2024,11,Non-El Nino
2024-11-05,Maluku,,Ya,2024,11,Non-El Nino
2024-11-05,Papua,,Ya,2024,11,Non-El Nino
2024-11-06,Sumatera,1.0,Tidak,2024,11,Non-El Nino
2024-11-06,Jawa,3.0,Tidak,2024,11,Non-El Nino
2024-11-06,Kalimantan,24.0,Tidak,2024,11,Non-El Nino
2024-11-06,Sulawesi,4.0,Tidak,2024,11,Non-El Nino
2024-11-06,Bali-Nusa Tenggara,1.0,Tidak,2024,11,Non-El Nino
2024-11-06,Maluku,0.0,Tidak,2024,11,Non-El Nino
2024-11-06,Papua,0.0,Tidak,2024,11,Non-El Nino
2024-11-07,Sumatera,14.0,Tidak,2024,11,Non-El Nino
2024-11-07,Jawa,18.0,Tidak,2024,11,Non-El Nino
2024-11-07,Kalimantan,16.0,Tidak,2024,11,Non-El Nino
2024-11-07,Sulawesi,32.0,Tidak,2024,11,Non-El Nino
2024-11-07,Bali-Nusa Tenggara,55.0,Tidak,2024,11,Non-El Nino
2024-11-07,Maluku,13.0,Tidak,2024,11,Non-El Nino
2024-11-07,Papua,1.0,Tidak,2024,11,Non-El Nino
2024-11-08,Sumatera,19.0,Tidak,2024,11,Non-El Nino
2024-11-08,Jawa,18.0,Tidak,2024,11,Non-El Nino
2024-11-08,Kalimantan,49.0,Tidak,2024,11,Non-El Nino
2024-11-08,Sulawesi,35.0,Tidak,2024,11,Non-El Nino
2024-11-08,Bali-Nusa Tenggara,31.0,Tidak,2024,11,Non-El Nino
2024-11-08,Maluku,20.0,Tidak,2024,11,Non-El Nino
2024-11-08,Papua,45.0,Tidak,2024,11,Non-El Nino
2024-11-09,Sumatera,23.0,Tidak,2024,11,Non-El Nino
2024-11-09,Jawa,5.0,Tidak,2024,11,Non-El Nino
2024-11-09,Kalimantan,24.0,Tidak,2024,11,Non-El Nino
2024-11-09,Sulawesi,39.0,Tidak,2024,11,Non-El Nino
2024-11-09,Bali-Nusa Tenggara,108.0,Tidak,2024,11,Non-El Nino
2024-11-09,Maluku,10.0,Tidak,2024,11,Non-El Nino
2024-11-09,Papua,20.0,Tidak,2024,11,Non-El Nino
2024-11-10,Sumatera,11.0,Tidak,2024,11,Non-El Nino
2024-11-10,Jawa,2.0,Tidak,2024,11,Non-El Nino
2024-11-10,Kalimantan,20.0,Tidak,2024,11,Non-El Nino
2024-11-10,Sulawesi,59.0,Tidak,2024,11,Non-El Nino
2024-11-10,Bali-Nusa Tenggara,152.0,Tidak,2024,11,Non-El Nino
2024-11-10,Maluku,1.0,Tidak,2024,11,Non-El Nino
2024-11-10,Papua,3.0,Tidak,2024,11,Non-El Nino
2024-11-11,Sumatera,12.0,Tidak,2024,11,Non-El Nino
2024-11-11,Jawa,1.0,Tidak,2024,11,Non-El Nino
2024-11-11,Kalimantan,10.0,Tidak,2024,11,Non-El Nino
2024-11-11,Sulawesi,15.0,Tidak,2024,11,Non-El Nino
2024-11-11,Bali-Nusa Tenggara,78.0,Tidak,2024,11,Non-El Nino
2024-11-11,Maluku,15.0,Tidak,2024,11,Non-El Nino
2024-11-11,Papua,1.0,Tidak,2024,11,Non-El Nino
2024-11-12,Sumatera,13.0,Tidak,2024,11,Non-El Nino
2024-11-12,Jawa,0.0,Tidak,2024,11,Non-El Nino
2024-11-12,Kalimantan,19.0,Tidak,2024,11,Non-El Nino
2024-11-12,Sulawesi,6.0,Tidak,2024,11,Non-El Nino
2024-11-12,Bali-Nusa Tenggara,84.0,Tidak,2024,11,Non-El Nino
2024-11-12,Maluku,34.0,Tidak,2024,11,Non-El Nino
2024-11-12,Papua,0.0,Tidak,2024,11,Non-El Nino
2024-11-13,Sumatera,18.0,Tidak,2024,11,Non-El Nino
2024-11-13,Jawa,11.0,Tidak,2024,11,Non-El Nino
2024-11-13,Kalimantan,37.0,Tidak,2024,11,Non-El Nino
2024-11-13,Sulawesi,9.0,Tidak,2024,11,Non-El Nino
2024-11-13,Bali-Nusa Tenggara,105.0,Tidak,2024,11,Non-El Nino
2024-11-13,Maluku,15.0,Tidak,2024,11,Non-El Nino
2024-11-13,Papua,3.0,Tidak,2024,11,Non-El Nino
2024-11-14,Sumatera,13.0,Tidak,2024,11,Non-El Nino
2024-11-14,Jawa,19.0,Tidak,2024,11,Non-El Nino
2024-11-14,Kalimantan,23.0,Tidak,2024,11,Non-El Nino
2024-11-14,Sulawesi,9.0,Tidak,2024,11,Non-El Nino
2024-11-14,Bali-Nusa Tenggara,72.0,Tidak,2024,11,Non-El Nino
2024-11-14,Maluku,2.0,Tidak,2024,11,Non-El Nino
2024-11-14,Papua,12.0,Tidak,2024,11,Non-El Nino
2024-11-15,Sumatera,23.0,Tidak,2024,11,Non-El Nino
2024-11-15,Jawa,14.0,Tidak,2024,11,Non-El Nino
2024-11-15,Kalimantan,28.0,Tidak,2024,11,Non-El Nino
2024-11-15,Sulawesi,27.0,Tidak,2024,11,Non-El Nino
2024-11-15,Bali-Nusa Tenggara,43.0,Tidak,2024,11,Non-El Nino
2024-11-15,Maluku,5.0,Tidak,2024,11,Non-El Nino
2024-11-15,Papua,0.0,Tidak,2024,11,Non-El Nino
2024-11-16,Sumatera,23.0,Tidak,2024,11,Non-El Nino
2024-11-16,Jawa,2.0,Tidak,2024,11,Non-El Nino
2024-11-16,Kalimantan,19.0,Tidak,2024,11,Non-El Nino
2024-11-16,Sulawesi,48.0,Tidak,2024,11,Non-El Nino
2024-11-16,Bali-Nusa Tenggara,71.0,Tidak,2024,11,Non-El Nino
2024-11-16,Maluku,3.0,Tidak,2024,11,Non-El Nino
2024-11-16,Papua,6.0,Tidak,2024,11,Non-El Nino
2024-11-17,Sumatera,25.0,Tidak,2024,11,Non-El Nino
2024-11-17,Jawa,2.0,Tidak,2024,11,Non-El Nino
2024-11-17,Kalimantan,28.0,Tidak,2024,11,Non-El Nino
2024-11-17,Sulawesi,8.0,Tidak,2024,11,Non-El Nino
2024-11-17,Bali-Nusa Tenggara,25.0,Tidak,2024,11,Non-El Nino
2024-11-17,Maluku,11.0,Tidak,2024,11,Non-El Nino
2024-11-17,Papua,6.0,Tidak,2024,11,Non-El Nino
2024-11-18,Sumatera,6.0,Tidak,2024,11,Non-El Nino
2024-11-18,Jawa,0.0,Tidak,2024,11,Non-El Nino
2024-11-18,Kalimantan,8.0,Tidak,2024,11,Non-El Nino
2024-11-18,Sulawesi,13.0,Tidak,2024,11,Non-El Nino
2024-11-18,Bali-Nusa Tenggara,20.0,Tidak,2024,11,Non-El Nino
2024-11-18,Maluku,5.0,Tidak,2024,11,Non-El Nino
2024-11-18,Papua,11.0,Tidak,2024,11,Non-El Nino
2024-11-19,Sumatera,4.0,Tidak,2024,11,Non-El Nino
2024-11-19,Jawa,1.0,Tidak,2024,11,Non-El Nino
2024-11-19,Kalimantan,5.0,Tidak,2024,11,Non-El Nino
2024-11-19,Sulawesi,23.0,Tidak,2024,11,Non-El Nino
2024-11-19,Bali-Nusa Tenggara,21.0,Tidak,2024,11,Non-El Nino
2024-11-19,Maluku,10.0,Tidak,2024,11,Non-El Nino
2024-11-19,Papua,47.0,Tidak,2024,11,Non-El Nino
2024-11-20,Sumatera,0.0,Tidak,2024,11,Non-El Nino
2024-11-20,Jawa,1.0,Tidak,2024,11,Non-El Nino
2024-11-20,Kalimantan,7.0,Tidak,2024,11,Non-El Nino
2024-11-20,Sulawesi,23.0,Tidak,2024,11,Non-El Nino
2024-11-20,Bali-Nusa Tenggara,35.0,Tidak,2024,11,Non-El Nino
2024-11-20,Maluku,3.0,Tidak,2024,11,Non-El Nino
2024-11-20,Papua,17.0,Tidak,2024,11,Non-El Nino
2024-11-21,Sumatera,2.0,Tidak,2024,11,Non-El Nino
2024-11-21,Jawa,4.0,Tidak,2024,11,Non-El Nino
2024-11-21,Kalimantan,32.0,Tidak,2024,11,Non-El Nino
2024-11-21,Sulawesi,38.0,Tidak,2024,11,Non-El Nino
2024-11-21,Bali-Nusa Tenggara,38.0,Tidak,2024,11,Non-El Nino
2024-11-21,Maluku,5.0,Tidak,2024,11,Non-El Nino
2024-11-21,Papua,2.0,Tidak,2024,11,Non-El Nino
2024-11-22,Sumatera,0.0,Tidak,2024,11,Non-El Nino
2024-11-22,Jawa,0.0,Tidak,2024,11,Non-El Nino
2024-11-22,Kalimantan,9.0,Tidak,2024,11,Non-El Nino
2024-11-22,Sulawesi,23.0,Tidak,2024,11,Non-El Nino
2024-11-22,Bali-Nusa Tenggara,16.0,Tidak,2024,11,Non-El Nino
2024-11-22,Maluku,17.0,Tidak,2024,11,Non-El Nino
2024-11-22,Papua,6.0,Tidak,2024,11,Non-El Nino
2024-11-23,Sumatera,0.0,Tidak,2024,11,Non-El Nino
2024-11-23,Jawa,1.0,Tidak,2024,11,Non-El Nino
2024-11-23,Kalimantan,1.0,Tidak,2024,11,Non-El Nino
2024-11-23,Sulawesi,2.0,Tidak,2024,11,Non-El Nino
2024-11-23,Bali-Nusa Tenggara,28.0,Tidak,2024,11,Non-El Nino
2024-11-23,Maluku,2.0,Tidak,2024,11,Non-El Nino
2024-11-23,Papua,9.0,Tidak,2024,11,Non-El Nino
2024-11-24,Sumatera,1.0,Tidak,2024,11,Non-El Nino
2024-11-24,Jawa,0.0,Tidak,2024,11,Non-El Nino
2024-11-24,Kalimantan,3.0,Tidak,2024,11,Non-El Nino
2024-11-24,Sulawesi,7.0,Tidak,2024,11,Non-El Nino
2024-11-24,Bali-Nusa Tenggara,5.0,Tidak,2024,11,Non-El Nino
2024-11-24,Maluku,5.0,Tidak,2024,11,Non-El Nino
2024-11-24,Papua,49.0,Tidak,2024,11,Non-El Nino
2024-11-25,Sumatera,0.0,Tidak,2024,11,Non-El Nino
2024-11-25,Jawa,1.0,Tidak,2024,11,Non-El Nino
2024-11-25,Kalimantan,2.0,Tidak,2024,11,Non-El Nino
2024-11-25,Sulawesi,10.0,Tidak,2024,11,Non-El Nino
2024-11-25,Bali-Nusa Tenggara,9.0,Tidak,2024,11,Non-El Nino
2024-11-25,Maluku,0.0,Tidak,2024,11,Non-El Nino
2024-11-25,Papua,30.0,Tidak,2024,11,Non-El Nino
2024-11-26,Sumatera,1.0,Tidak,2024,11,Non-El Nino
2024-11-26,Jawa,1.0,Tidak,2024,11,Non-El Nino
2024-11-26,Kalimantan,10.0,Tidak,2024,11,Non-El Nino
2024-11-26,Sulawesi,23.0,Tidak,2024,11,Non-El Nino
2024-11-26,Bali-Nusa Tenggara,15.0,Tidak,2024,11,Non-El Nino
2024-11-26,Maluku,1.0,Tidak,2024,11,Non-El Nino
2024-11-26,Papua,7.0,Tidak,2024,11,Non-El Nino
2024-11-27,Sumatera,0.0,Tidak,2024,11,Non-El Nino
2024-11-27,Jawa,1.0,Tidak,2024,11,Non-El Nino
2024-11-27,Kalimantan,10.0,Tidak,2024,11,Non-El Nino
2024-11-27,Sulawesi,31.0,Tidak,2024,11,Non-El Nino
2024-11-27,Bali-Nusa Tenggara,4.0,Tidak,2024,11,Non-El Nino
2024-11-27,Maluku,3.0,Tidak,2024,11,Non-El Nino
2024-11-27,Papua,0.0,Tidak,2024,11,Non-El Nino
2024-11-28,Sumatera,0.0,Tidak,2024,11,Non-El Nino
2024-11-28,Jawa,0.0,Tidak,2024,11,Non-El Nino
2024-11-28,Kalimantan,3.0,Tidak,2024,11,Non-El Nino
2024-11-28,Sulawesi,19.0,Tidak,2024,11,Non-El Nino
2024-11-28,Bali-Nusa Tenggara,7.0,Tidak,2024,11,Non-El Nino
2024-11-28,Maluku,4.0,Tidak,2024,11,Non-El Nino
2024-11-28,Papua,1.0,Tidak,2024,11,Non-El Nino
2024-11-29,Sumatera,0.0,Tidak,2024,11,Non-El Nino
2024-11-29,Jawa,1.0,Tidak,2024,11,Non-El Nino
2024-11-29,Kalimantan,8.0,Tidak,2024,11,Non-El Nino
2024-11-29,Sulawesi,4.0,Tidak,2024,11,Non-El Nino
2024-11-29,Bali-Nusa Tenggara,4.0,Tidak,2024,11,Non-El Nino
2024-11-29,Maluku,2.0,Tidak,2024,11,Non-El Nino
2024-11-29,Papua,7.0,Tidak,2024,11,Non-El Nino
2024-11-30,Sumatera,4.0,Tidak,2024,11,Non-El Nino
2024-11-30,Jawa,0.0,Tidak,2024,11,Non-El Nino
2024-11-30,Kalimantan,4.0,Tidak,2024,11,Non-El Nino
2024-11-30,Sulawesi,3.0,Tidak,2024,11,Non-El Nino
2024-11-30,Bali-Nusa Tenggara,5.0,Tidak,2024,11,Non-El Nino
2024-11-30,Maluku,0.0,Tidak,2024,11,Non-El Nino
2024-11-30,Papua,1.0,Tidak,2024,11,Non-El Nino
2024-12-01,Sumatera,1.0,Tidak,2024,12,Non-El Nino
2024-12-01,Jawa,0.0,Tidak,2024,12,Non-El Nino
2024-12-01,Kalimantan,0.0,Tidak,2024,12,Non-El Nino
2024-12-01,Sulawesi,0.0,Tidak,2024,12,Non-El Nino
2024-12-01,Bali-Nusa Tenggara,0.0,Tidak,2024,12,Non-El Nino
2024-12-01,Maluku,1.0,Tidak,2024,12,Non-El Nino
2024-12-01,Papua,3.0,Tidak,2024,12,Non-El Nino
2024-12-02,Sumatera,1.0,Tidak,2024,12,Non-El Nino
2024-12-02,Jawa,0.0,Tidak,2024,12,Non-El Nino
2024-12-02,Kalimantan,4.0,Tidak,2024,12,Non-El Nino
2024-12-02,Sulawesi,4.0,Tidak,2024,12,Non-El Nino
2024-12-02,Bali-Nusa Tenggara,2.0,Tidak,2024,12,Non-El Nino
2024-12-02,Maluku,0.0,Tidak,2024,12,Non-El Nino
2024-12-02,Papua,1.0,Tidak,2024,12,Non-El Nino
2024-12-03,Sumatera,5.0,Tidak,2024,12,Non-El Nino
2024-12-03,Jawa,0.0,Tidak,2024,12,Non-El Nino
2024-12-03,Kalimantan,0.0,Tidak,2024,12,Non-El Nino
2024-12-03,Sulawesi,2.0,Tidak,2024,12,Non-El Nino
2024-12-03,Bali-Nusa Tenggara,2.0,Tidak,2024,12,Non-El Nino
2024-12-03,Maluku,3.0,Tidak,2024,12,Non-El Nino
2024-12-03,Papua,3.0,Tidak,2024,12,Non-El Nino
2024-12-04,Sumatera,12.0,Tidak,2024,12,Non-El Nino
2024-12-04,Jawa,1.0,Tidak,2024,12,Non-El Nino
2024-12-04,Kalimantan,0.0,Tidak,2024,12,Non-El Nino
2024-12-04,Sulawesi,4.0,Tidak,2024,12,Non-El Nino
2024-12-04,Bali-Nusa Tenggara,0.0,Tidak,2024,12,Non-El Nino
2024-12-04,Maluku,0.0,Tidak,2024,12,Non-El Nino
2024-12-04,Papua,0.0,Tidak,2024,12,Non-El Nino
2024-12-05,Sumatera,0.0,Tidak,2024,12,Non-El Nino
2024-12-05,Jawa,0.0,Tidak,2024,12,Non-El Nino
2024-12-05,Kalimantan,1.0,Tidak,2024,12,Non-El Nino
2024-12-05,Sulawesi,0.0,Tidak,2024,12,Non-El Nino
2024-12-05,Bali-Nusa Tenggara,0.0,Tidak,2024,12,Non-El Nino
2024-12-05,Maluku,0.0,Tidak,2024,12,Non-El Nino
2024-12-05,Papua,4.0,Tidak,2024,12,Non-El Nino
2024-12-06,Sumatera,10.0,Tidak,2024,12,Non-El Nino
2024-12-06,Jawa,0.0,Tidak,2024,12,Non-El Nino
2024-12-06,Kalimantan,1.0,Tidak,2024,12,Non-El Nino
2024-12-06,Sulawesi,2.0,Tidak,2024,12,Non-El Nino
2024-12-06,Bali-Nusa Tenggara,0.0,Tidak,2024,12,Non-El Nino
2024-12-06,Maluku,0.0,Tidak,2024,12,Non-El Nino
2024-12-06,Papua,0.0,Tidak,2024,12,Non-El Nino
2024-12-07,Sumatera,13.0,Tidak,2024,12,Non-El Nino
2024-12-07,Jawa,0.0,Tidak,2024,12,Non-El Nino
2024-12-07,Kalimantan,0.0,Tidak,2024,12,Non-El Nino
2024-12-07,Sulawesi,0.0,Tidak,2024,12,Non-El Nino
2024-12-07,Bali-Nusa Tenggara,0.0,Tidak,2024,12,Non-El Nino
2024-12-07,Maluku,0.0,Tidak,2024,12,Non-El Nino
2024-12-07,Papua,0.0,Tidak,2024,12,Non-El Nino
2024-12-08,Sumatera,120.0,Tidak,2024,12,Non-El Nino
2024-12-08,Jawa,0.0,Tidak,2024,12,Non-El Nino
2024-12-08,Kalimantan,12.0,Tidak,2024,12,Non-El Nino
2024-12-08,Sulawesi,11.0,Tidak,2024,12,Non-El Nino
2024-12-08,Bali-Nusa Tenggara,0.0,Tidak,2024,12,Non-El Nino
2024-12-08,Maluku,2.0,Tidak,2024,12,Non-El Nino
2024-12-08,Papua,0.0,Tidak,2024,12,Non-El Nino
2024-12-09,Sumatera,31.0,Tidak,2024,12,Non-El Nino
2024-12-09,Jawa,0.0,Tidak,2024,12,Non-El Nino
2024-12-09,Kalimantan,0.0,Tidak,2024,12,Non-El Nino
2024-12-09,Sulawesi,0.0,Tidak,2024,12,Non-El Nino
2024-12-09,Bali-Nusa Tenggara,0.0,Tidak,2024,12,Non-El Nino
2024-12-09,Maluku,1.0,Tidak,2024,12,Non-El Nino
2024-12-09,Papua,0.0,Tidak,2024,12,Non-El Nino
2024-12-10,Sumatera,45.0,Tidak,2024,12,Non-El Nino
2024-12-10,Jawa,0.0,Tidak,2024,12,Non-El Nino
2024-12-10,Kalimantan,6.0,Tidak,2024,12,Non-El Nino
2024-12-10,Sulawesi,1.0,Tidak,2024,12,Non-El Nino
2024-12-10,Bali-Nusa Tenggara,1.0,Tidak,2024,12,Non-El Nino
2024-12-10,Maluku,0.0,Tidak,2024,12,Non-El Nino
2024-12-10,Papua,2.0,Tidak,2024,12,Non-El Nino
2024-12-11,Sumatera,5.0,Tidak,2024,12,Non-El Nino
2024-12-11,Jawa,1.0,Tidak,2024,12,Non-El Nino
2024-12-11,Kalimantan,1.0,Tidak,2024,12,Non-El Nino
2024-12-11,Sulawesi,1.0,Tidak,2024,12,Non-El Nino
2024-12-11,Bali-Nusa Tenggara,0.0,Tidak,2024,12,Non-El Nino
2024-12-11,Maluku,0.0,Tidak,2024,12,Non-El Nino
2024-12-11,Papua,4.0,Tidak,2024,12,Non-El Nino
2024-12-12,Sumatera,4.0,Tidak,2024,12,Non-El Nino
2024-12-12,Jawa,1.0,Tidak,2024,12,Non-El Nino
2024-12-12,Kalimantan,0.0,Tidak,2024,12,Non-El Nino
2024-12-12,Sulawesi,9.0,Tidak,2024,12,Non-El Nino
2024-12-12,Bali-Nusa Tenggara,0.0,Tidak,2024,12,Non-El Nino
2024-12-12,Maluku,1.0,Tidak,2024,12,Non-El Nino
2024-12-12,Papua,0.0,Tidak,2024,12,Non-El Nino
2024-12-13,Sumatera,5.0,Tidak,2024,12,Non-El Nino
2024-12-13,Jawa,0.0,Tidak,2024,12,Non-El Nino
2024-12-13,Kalimantan,4.0,Tidak,2024,12,Non-El Nino
2024-12-13,Sulawesi,1.0,Tidak,2024,12,Non-El Nino
2024-12-13,Bali-Nusa Tenggara,0.0,Tidak,2024,12,Non-El Nino
2024-12-13,Maluku,1.0,Tidak,2024,12,Non-El Nino
2024-12-13,Papua,0.0,Tidak,2024,12,Non-El Nino
2024-12-14,Sumatera,26.0,Tidak,2024,12,Non-El Nino
2024-12-14,Jawa,0.0,Tidak,2024,12,Non-El Nino
2024-12-14,Kalimantan,2.0,Tidak,2024,12,Non-El Nino
2024-12-14,Sulawesi,1.0,Tidak,2024,12,Non-El Nino
2024-12-14,Bali-Nusa Tenggara,0.0,Tidak,2024,12,Non-El Nino
2024-12-14,Maluku,2.0,Tidak,2024,12,Non-El Nino
2024-12-14,Papua,0.0,Tidak,2024,12,Non-El Nino
2024-12-15,Sumatera,10.0,Tidak,2024,12,Non-El Nino
2024-12-15,Jawa,0.0,Tidak,2024,12,Non-El Nino
2024-12-15,Kalimantan,11.0,Tidak,2024,12,Non-El Nino
2024-12-15,Sulawesi,0.0,Tidak,2024,12,Non-El Nino
2024-12-15,Bali-Nusa Tenggara,0.0,Tidak,2024,12,Non-El Nino
2024-12-15,Maluku,0.0,Tidak,2024,12,Non-El Nino
2024-12-15,Papua,1.0,Tidak,2024,12,Non-El Nino
2024-12-16,Sumatera,16.0,Tidak,2024,12,Non-El Nino
2024-12-16,Jawa,1.0,Tidak,2024,12,Non-El Nino
2024-12-16,Kalimantan,6.0,Tidak,2024,12,Non-El Nino
2024-12-16,Sulawesi,5.0,Tidak,2024,12,Non-El Nino
2024-12-16,Bali-Nusa Tenggara,0.0,Tidak,2024,12,Non-El Nino
2024-12-16,Maluku,1.0,Tidak,2024,12,Non-El Nino
2024-12-16,Papua,0.0,Tidak,2024,12,Non-El Nino
2024-12-17,Sumatera,5.0,Tidak,2024,12,Non-El Nino
2024-12-17,Jawa,3.0,Tidak,2024,12,Non-El Nino
2024-12-17,Kalimantan,6.0,Tidak,2024,12,Non-El Nino
2024-12-17,Sulawesi,9.0,Tidak,2024,12,Non-El Nino
2024-12-17,Bali-Nusa Tenggara,0.0,Tidak,2024,12,Non-El Nino
2024-12-17,Maluku,1.0,Tidak,2024,12,Non-El Nino
2024-12-17,Papua,0.0,Tidak,2024,12,Non-El Nino
2024-12-18,Sumatera,4.0,Tidak,2024,12,Non-El Nino
2024-12-18,Jawa,2.0,Tidak,2024,12,Non-El Nino
2024-12-18,Kalimantan,4.0,Tidak,2024,12,Non-El Nino
2024-12-18,Sulawesi,10.0,Tidak,2024,12,Non-El Nino
2024-12-18,Bali-Nusa Tenggara,0.0,Tidak,2024,12,Non-El Nino
2024-12-18,Maluku,3.0,Tidak,2024,12,Non-El Nino
2024-12-18,Papua,0.0,Tidak,2024,12,Non-El Nino
2024-12-19,Sumatera,0.0,Tidak,2024,12,Non-El Nino
2024-12-19,Jawa,0.0,Tidak,2024,12,Non-El Nino
2024-12-19,Kalimantan,2.0,Tidak,2024,12,Non-El Nino
2024-12-19,Sulawesi,15.0,Tidak,2024,12,Non-El Nino
2024-12-19,Bali-Nusa Tenggara,0.0,Tidak,2024,12,Non-El Nino
2024-12-19,Maluku,1.0,Tidak,2024,12,Non-El Nino
2024-12-19,Papua,1.0,Tidak,2024,12,Non-El Nino
2024-12-20,Sumatera,4.0,Tidak,2024,12,Non-El Nino
2024-12-20,Jawa,0.0,Tidak,2024,12,Non-El Nino
2024-12-20,Kalimantan,0.0,Tidak,2024,12,Non-El Nino
2024-12-20,Sulawesi,1.0,Tidak,2024,12,Non-El Nino
2024-12-20,Bali-Nusa Tenggara,0.0,Tidak,2024,12,Non-El Nino
2024-12-20,Maluku,0.0,Tidak,2024,12,Non-El Nino
2024-12-20,Papua,3.0,Tidak,2024,12,Non-El Nino
2024-12-21,Sumatera,0.0,Tidak,2024,12,Non-El Nino
2024-12-21,Jawa,0.0,Tidak,2024,12,Non-El Nino
2024-12-21,Kalimantan,8.0,Tidak,2024,12,Non-El Nino
2024-12-21,Sulawesi,4.0,Tidak,2024,12,Non-El Nino
2024-12-21,Bali-Nusa Tenggara,1.0,Tidak,2024,12,Non-El Nino
2024-12-21,Maluku,4.0,Tidak,2024,12,Non-El Nino
2024-12-21,Papua,8.0,Tidak,2024,12,Non-El Nino
2024-12-22,Sumatera,0.0,Tidak,2024,12,Non-El Nino
2024-12-22,Jawa,0.0,Tidak,2024,12,Non-El Nino
2024-12-22,Kalimantan,1.0,Tidak,2024,12,Non-El Nino
2024-12-22,Sulawesi,0.0,Tidak,2024,12,Non-El Nino
2024-12-22,Bali-Nusa Tenggara,0.0,Tidak,2024,12,Non-El Nino
2024-12-22,Maluku,2.0,Tidak,2024,12,Non-El Nino
2024-12-22,Papua,0.0,Tidak,2024,12,Non-El Nino
2024-12-23,Sumatera,0.0,Tidak,2024,12,Non-El Nino
2024-12-23,Jawa,0.0,Tidak,2024,12,Non-El Nino
2024-12-23,Kalimantan,3.0,Tidak,2024,12,Non-El Nino
2024-12-23,Sulawesi,35.0,Tidak,2024,12,Non-El Nino
2024-12-23,Bali-Nusa Tenggara,4.0,Tidak,2024,12,Non-El Nino
2024-12-23,Maluku,0.0,Tidak,2024,12,Non-El Nino
2024-12-23,Papua,0.0,Tidak,2024,12,Non-El Nino
2024-12-24,Sumatera,0.0,Tidak,2024,12,Non-El Nino
2024-12-24,Jawa,0.0,Tidak,2024,12,Non-El Nino
2024-12-24,Kalimantan,0.0,Tidak,2024,12,Non-El Nino
2024-12-24,Sulawesi,5.0,Tidak,2024,12,Non-El Nino
2024-12-24,Bali-Nusa Tenggara,0.0,Tidak,2024,12,Non-El Nino
2024-12-24,Maluku,2.0,Tidak,2024,12,Non-El Nino
2024-12-24,Papua,0.0,Tidak,2024,12,Non-El Nino
2024-12-25,Sumatera,1.0,Tidak,2024,12,Non-El Nino
2024-12-25,Jawa,0.0,Tidak,2024,12,Non-El Nino
2024-12-25,Kalimantan,1.0,Tidak,2024,12,Non-El Nino
2024-12-25,Sulawesi,8.0,Tidak,2024,12,Non-El Nino
2024-12-25,Bali-Nusa Tenggara,0.0,Tidak,2024,12,Non-El Nino
2024-12-25,Maluku,0.0,Tidak,2024,12,Non-El Nino
2024-12-25,Papua,0.0,Tidak,2024,12,Non-El Nino
2024-12-26,Sumatera,4.0,Tidak,2024,12,Non-El Nino
2024-12-26,Jawa,0.0,Tidak,2024,12,Non-El Nino
2024-12-26,Kalimantan,4.0,Tidak,2024,12,Non-El Nino
2024-12-26,Sulawesi,0.0,Tidak,2024,12,Non-El Nino
2024-12-26,Bali-Nusa Tenggara,0.0,Tidak,2024,12,Non-El Nino
2024-12-26,Maluku,0.0,Tidak,2024,12,Non-El Nino
2024-12-26,Papua,0.0,Tidak,2024,12,Non-El Nino
2024-12-27,Sumatera,26.0,Tidak,2024,12,Non-El Nino
2024-12-27,Jawa,2.0,Tidak,2024,12,Non-El Nino
2024-12-27,Kalimantan,0.0,Tidak,2024,12,Non-El Nino
2024-12-27,Sulawesi,7.0,Tidak,2024,12,Non-El Nino
2024-12-27,Bali-Nusa Tenggara,0.0,Tidak,2024,12,Non-El Nino
2024-12-27,Maluku,0.0,Tidak,2024,12,Non-El Nino
2024-12-27,Papua,0.0,Tidak,2024,12,Non-El Nino
2024-12-28,Sumatera,42.0,Tidak,2024,12,Non-El Nino
2024-12-28,Jawa,0.0,Tidak,2024,12,Non-El Nino
2024-12-28,Kalimantan,3.0,Tidak,2024,12,Non-El Nino
2024-12-28,Sulawesi,0.0,Tidak,2024,12,Non-El Nino
2024-12-28,Bali-Nusa Tenggara,0.0,Tidak,2024,12,Non-El Nino
2024-12-28,Maluku,0.0,Tidak,2024,12,Non-El Nino
2024-12-28,Papua,0.0,Tidak,2024,12,Non-El Nino
2024-12-29,Sumatera,48.0,Tidak,2024,12,Non-El Nino
2024-12-29,Jawa,0.0,Tidak,2024,12,Non-El Nino
2024-12-29,Kalimantan,7.0,Tidak,2024,12,Non-El Nino
2024-12-29,Sulawesi,3.0,Tidak,2024,12,Non-El Nino
2024-12-29,Bali-Nusa Tenggara,0.0,Tidak,2024,12,Non-El Nino
2024-12-29,Maluku,0.0,Tidak,2024,12,Non-El Nino
2024-12-29,Papua,0.0,Tidak,2024,12,Non-El Nino
2024-12-30,Sumatera,2.0,Tidak,2024,12,Non-El Nino
2024-12-30,Jawa,0.0,Tidak,2024,12,Non-El Nino
2024-12-30,Kalimantan,16.0,Tidak,2024,12,Non-El Nino
2024-12-30,Sulawesi,6.0,Tidak,2024,12,Non-El Nino
2024-12-30,Bali-Nusa Tenggara,0.0,Tidak,2024,12,Non-El Nino
2024-12-30,Maluku,0.0,Tidak,2024,12,Non-El Nino
2024-12-30,Papua,0.0,Tidak,2024,12,Non-El Nino
2024-12-31,Sumatera,31.0,Tidak,2024,12,Non-El Nino
2024-12-31,Jawa,0.0,Tidak,2024,12,Non-El Nino
2024-12-31,Kalimantan,2.0,Tidak,2024,12,Non-El Nino
2024-12-31,Sulawesi,1.0,Tidak,2024,12,Non-El Nino
2024-12-31,Bali-Nusa Tenggara,0.0,Tidak,2024,12,Non-El Nino
2024-12-31,Maluku,0.0,Tidak,2024,12,Non-El Nino
2024-12-31,Papua,2.0,Tidak,2024,12,Non-El Nino
2025-01-01,Sumatera,15.0,Tidak,2025,1,Non-El Nino
2025-01-01,Jawa,0.0,Tidak,2025,1,Non-El Nino
2025-01-01,Kalimantan,1.0,Tidak,2025,1,Non-El Nino
2025-01-01,Sulawesi,0.0,Tidak,2025,1,Non-El Nino
2025-01-01,Bali-Nusa Tenggara,2.0,Tidak,2025,1,Non-El Nino
2025-01-01,Maluku,0.0,Tidak,2025,1,Non-El Nino
2025-01-01,Papua,0.0,Tidak,2025,1,Non-El Nino
2025-01-02,Sumatera,14.0,Tidak,2025,1,Non-El Nino
2025-01-02,Jawa,3.0,Tidak,2025,1,Non-El Nino
2025-01-02,Kalimantan,1.0,Tidak,2025,1,Non-El Nino
2025-01-02,Sulawesi,1.0,Tidak,2025,1,Non-El Nino
2025-01-02,Bali-Nusa Tenggara,0.0,Tidak,2025,1,Non-El Nino
2025-01-02,Maluku,0.0,Tidak,2025,1,Non-El Nino
2025-01-02,Papua,0.0,Tidak,2025,1,Non-El Nino
2025-01-03,Sumatera,11.0,Tidak,2025,1,Non-El Nino
2025-01-03,Jawa,2.0,Tidak,2025,1,Non-El Nino
2025-01-03,Kalimantan,8.0,Tidak,2025,1,Non-El Nino
2025-01-03,Sulawesi,11.0,Tidak,2025,1,Non-El Nino
2025-01-03,Bali-Nusa Tenggara,0.0,Tidak,2025,1,Non-El Nino
2025-01-03,Maluku,1.0,Tidak,2025,1,Non-El Nino
2025-01-03,Papua,0.0,Tidak,2025,1,Non-El Nino
2025-01-04,Sumatera,57.0,Tidak,2025,1,Non-El Nino
2025-01-04,Jawa,0.0,Tidak,2025,1,Non-El Nino
2025-01-04,Kalimantan,3.0,Tidak,2025,1,Non-El Nino
2025-01-04,Sulawesi,6.0,Tidak,2025,1,Non-El Nino
2025-01-04,Bali-Nusa Tenggara,2.0,Tidak,2025,1,Non-El Nino
2025-01-04,Maluku,1.0,Tidak,2025,1,Non-El Nino
2025-01-04,Papua,0.0,Tidak,2025,1,Non-El Nino
2025-01-05,Sumatera,22.0,Tidak,2025,1,Non-El Nino
2025-01-05,Jawa,1.0,Tidak,2025,1,Non-El Nino
2025-01-05,Kalimantan,12.0,Tidak,2025,1,Non-El Nino
2025-01-05,Sulawesi,9.0,Tidak,2025,1,Non-El Nino
2025-01-05,Bali-Nusa Tenggara,0.0,Tidak,2025,1,Non-El Nino
2025-01-05,Maluku,0.0,Tidak,2025,1,Non-El Nino
2025-01-05,Papua,0.0,Tidak,2025,1,Non-El Nino
2025-01-06,Sumatera,1.0,Tidak,2025,1,Non-El Nino
2025-01-06,Jawa,2.0,Tidak,2025,1,Non-El Nino
2025-01-06,Kalimantan,10.0,Tidak,2025,1,Non-El Nino
2025-01-06,Sulawesi,11.0,Tidak,2025,1,Non-El Nino
2025-01-06,Bali-Nusa Tenggara,4.0,Tidak,2025,1,Non-El Nino
2025-01-06,Maluku,2.0,Tidak,2025,1,Non-El Nino
2025-01-06,Papua,0.0,Tidak,2025,1,Non-El Nino
2025-01-07,Sumatera,0.0,Tidak,2025,1,Non-El Nino
2025-01-07,Jawa,4.0,Tidak,2025,1,Non-El Nino
2025-01-07,Kalimantan,7.0,Tidak,2025,1,Non-El Nino
2025-01-07,Sulawesi,22.0,Tidak,2025,1,Non-El Nino
2025-01-07,Bali-Nusa Tenggara,2.0,Tidak,2025,1,Non-El Nino
2025-01-07,Maluku,0.0,Tidak,2025,1,Non-El Nino
2025-01-07,Papua,5.0,Tidak,2025,1,Non-El Nino
2025-01-08,Sumatera,4.0,Tidak,2025,1,Non-El Nino
2025-01-08,Jawa,0.0,Tidak,2025,1,Non-El Nino
2025-01-08,Kalimantan,2.0,Tidak,2025,1,Non-El Nino
2025-01-08,Sulawesi,5.0,Tidak,2025,1,Non-El Nino
2025-01-08,Bali-Nusa Tenggara,2.0,Tidak,2025,1,Non-El Nino
2025-01-08,Maluku,4.0,Tidak,2025,1,Non-El Nino
2025-01-08,Papua,3.0,Tidak,2025,1,Non-El Nino
2025-01-09,Sumatera,7.0,Tidak,2025,1,Non-El Nino
2025-01-09,Jawa,0.0,Tidak,2025,1,Non-El Nino
2025-01-09,Kalimantan,1.0,Tidak,2025,1,Non-El Nino
2025-01-09,Sulawesi,10.0,Tidak,2025,1,Non-El Nino
2025-01-09,Bali-Nusa Tenggara,0.0,Tidak,2025,1,Non-El Nino
2025-01-09,Maluku,5.0,Tidak,2025,1,Non-El Nino
2025-01-09,Papua,0.0,Tidak,2025,1,Non-El Nino
2025-01-10,Sumatera,1.0,Tidak,2025,1,Non-El Nino
2025-01-10,Jawa,0.0,Tidak,2025,1,Non-El Nino
2025-01-10,Kalimantan,13.0,Tidak,2025,1,Non-El Nino
2025-01-10,Sulawesi,4.0,Tidak,2025,1,Non-El Nino
2025-01-10,Bali-Nusa Tenggara,0.0,Tidak,2025,1,Non-El Nino
2025-01-10,Maluku,5.0,Tidak,2025,1,Non-El Nino
2025-01-10,Papua,1.0,Tidak,2025,1,Non-El Nino
2025-01-11,Sumatera,2.0,Tidak,2025,1,Non-El Nino
2025-01-11,Jawa,0.0,Tidak,2025,1,Non-El Nino
2025-01-11,Kalimantan,3.0,Tidak,2025,1,Non-El Nino
2025-01-11,Sulawesi,4.0,Tidak,2025,1,Non-El Nino
2025-01-11,Bali-Nusa Tenggara,0.0,Tidak,2025,1,Non-El Nino
2025-01-11,Maluku,11.0,Tidak,2025,1,Non-El Nino
2025-01-11,Papua,0.0,Tidak,2025,1,Non-El Nino
2025-01-12,Sumatera,0.0,Tidak,2025,1,Non-El Nino
2025-01-12,Jawa,0.0,Tidak,2025,1,Non-El Nino
2025-01-12,Kalimantan,8.0,Tidak,2025,1,Non-El Nino
2025-01-12,Sulawesi,6.0,Tidak,2025,1,Non-El Nino
2025-01-12,Bali-Nusa Tenggara,3.0,Tidak,2025,1,Non-El Nino
2025-01-12,Maluku,69.0,Tidak,2025,1,Non-El Nino
2025-01-12,Papua,4.0,Tidak,2025,1,Non-El Nino
2025-01-13,Sumatera,3.0,Tidak,2025,1,Non-El Nino
2025-01-13,Jawa,0.0,Tidak,2025,1,Non-El Nino
2025-01-13,Kalimantan,1.0,Tidak,2025,1,Non-El Nino
2025-01-13,Sulawesi,3.0,Tidak,2025,1,Non-El Nino
2025-01-13,Bali-Nusa Tenggara,2.0,Tidak,2025,1,Non-El Nino
2025-01-13,Maluku,0.0,Tidak,2025,1,Non-El Nino
2025-01-13,Papua,0.0,Tidak,2025,1,Non-El Nino
2025-01-14,Sumatera,1.0,Tidak,2025,1,Non-El Nino
2025-01-14,Jawa,0.0,Tidak,2025,1,Non-El Nino
2025-01-14,Kalimantan,0.0,Tidak,2025,1,Non-El Nino
2025-01-14,Sulawesi,9.0,Tidak,2025,1,Non-El Nino
2025-01-14,Bali-Nusa Tenggara,0.0,Tidak,2025,1,Non-El Nino
2025-01-14,Maluku,4.0,Tidak,2025,1,Non-El Nino
2025-01-14,Papua,0.0,Tidak,2025,1,Non-El Nino
2025-01-15,Sumatera,0.0,Tidak,2025,1,Non-El Nino
2025-01-15,Jawa,0.0,Tidak,2025,1,Non-El Nino
2025-01-15,Kalimantan,7.0,Tidak,2025,1,Non-El Nino
2025-01-15,Sulawesi,3.0,Tidak,2025,1,Non-El Nino
2025-01-15,Bali-Nusa Tenggara,0.0,Tidak,2025,1,Non-El Nino
2025-01-15,Maluku,4.0,Tidak,2025,1,Non-El Nino
2025-01-15,Papua,2.0,Tidak,2025,1,Non-El Nino
2025-01-16,Sumatera,0.0,Tidak,2025,1,Non-El Nino
2025-01-16,Jawa,0.0,Tidak,2025,1,Non-El Nino
2025-01-16,Kalimantan,1.0,Tidak,2025,1,Non-El Nino
2025-01-16,Sulawesi,4.0,Tidak,2025,1,Non-El Nino
2025-01-16,Bali-Nusa Tenggara,0.0,Tidak,2025,1,Non-El Nino
2025-01-16,Maluku,2.0,Tidak,2025,1,Non-El Nino
2025-01-16,Papua,2.0,Tidak,2025,1,Non-El Nino
2025-01-17,Sumatera,1.0,Tidak,2025,1,Non-El Nino
2025-01-17,Jawa,0.0,Tidak,2025,1,Non-El Nino
2025-01-17,Kalimantan,7.0,Tidak,2025,1,Non-El Nino
2025-01-17,Sulawesi,5.0,Tidak,2025,1,Non-El Nino
2025-01-17,Bali-Nusa Tenggara,0.0,Tidak,2025,1,Non-El Nino
2025-01-17,Maluku,0.0,Tidak,2025,1,Non-El Nino
2025-01-17,Papua,5.0,Tidak,2025,1,Non-El Nino
2025-01-18,Sumatera,0.0,Tidak,2025,1,Non-El Nino
2025-01-18,Jawa,2.0,Tidak,2025,1,Non-El Nino
2025-01-18,Kalimantan,2.0,Tidak,2025,1,Non-El Nino
2025-01-18,Sulawesi,3.0,Tidak,2025,1,Non-El Nino
2025-01-18,Bali-Nusa Tenggara,0.0,Tidak,2025,1,Non-El Nino
2025-01-18,Maluku,3.0,Tidak,2025,1,Non-El Nino
2025-01-18,Papua,4.0,Tidak,2025,1,Non-El Nino
2025-01-19,Sumatera,0.0,Tidak,2025,1,Non-El Nino
2025-01-19,Jawa,0.0,Tidak,2025,1,Non-El Nino
2025-01-19,Kalimantan,9.0,Tidak,2025,1,Non-El Nino
2025-01-19,Sulawesi,0.0,Tidak,2025,1,Non-El Nino
2025-01-19,Bali-Nusa Tenggara,0.0,Tidak,2025,1,Non-El Nino
2025-01-19,Maluku,2.0,Tidak,2025,1,Non-El Nino
2025-01-19,Papua,0.0,Tidak,2025,1,Non-El Nino
2025-01-20,Sumatera,0.0,Tidak,2025,1,Non-El Nino
2025-01-20,Jawa,0.0,Tidak,2025,1,Non-El Nino
2025-01-20,Kalimantan,0.0,Tidak,2025,1,Non-El Nino
2025-01-20,Sulawesi,1.0,Tidak,2025,1,Non-El Nino
2025-01-20,Bali-Nusa Tenggara,0.0,Tidak,2025,1,Non-El Nino
2025-01-20,Maluku,1.0,Tidak,2025,1,Non-El Nino
2025-01-20,Papua,1.0,Tidak,2025,1,Non-El Nino
2025-01-21,Sumatera,0.0,Tidak,2025,1,Non-El Nino
2025-01-21,Jawa,0.0,Tidak,2025,1,Non-El Nino
2025-01-21,Kalimantan,0.0,Tidak,2025,1,Non-El Nino
2025-01-21,Sulawesi,1.0,Tidak,2025,1,Non-El Nino
2025-01-21,Bali-Nusa Tenggara,0.0,Tidak,2025,1,Non-El Nino
2025-01-21,Maluku,1.0,Tidak,2025,1,Non-El Nino
2025-01-21,Papua,4.0,Tidak,2025,1,Non-El Nino
2025-01-22,Sumatera,0.0,Tidak,2025,1,Non-El Nino
2025-01-22,Jawa,0.0,Tidak,2025,1,Non-El Nino
2025-01-22,Kalimantan,0.0,Tidak,2025,1,Non-El Nino
2025-01-22,Sulawesi,0.0,Tidak,2025,1,Non-El Nino
2025-01-22,Bali-Nusa Tenggara,2.0,Tidak,2025,1,Non-El Nino
2025-01-22,Maluku,0.0,Tidak,2025,1,Non-El Nino
2025-01-22,Papua,1.0,Tidak,2025,1,Non-El Nino
2025-01-23,Sumatera,1.0,Tidak,2025,1,Non-El Nino
2025-01-23,Jawa,0.0,Tidak,2025,1,Non-El Nino
2025-01-23,Kalimantan,0.0,Tidak,2025,1,Non-El Nino
2025-01-23,Sulawesi,4.0,Tidak,2025,1,Non-El Nino
2025-01-23,Bali-Nusa Tenggara,0.0,Tidak,2025,1,Non-El Nino
2025-01-23,Maluku,0.0,Tidak,2025,1,Non-El Nino
2025-01-23,Papua,0.0,Tidak,2025,1,Non-El Nino
2025-01-24,Sumatera,2.0,Tidak,2025,1,Non-El Nino
2025-01-24,Jawa,1.0,Tidak,2025,1,Non-El Nino
2025-01-24,Kalimantan,0.0,Tidak,2025,1,Non-El Nino
2025-01-24,Sulawesi,1.0,Tidak,2025,1,Non-El Nino
2025-01-24,Bali-Nusa Tenggara,0.0,Tidak,2025,1,Non-El Nino
2025-01-24,Maluku,2.0,Tidak,2025,1,Non-El Nino
2025-01-24,Papua,0.0,Tidak,2025,1,Non-El Nino
2025-01-25,Sumatera,1.0,Tidak,2025,1,Non-El Nino
2025-01-25,Jawa,0.0,Tidak,2025,1,Non-El Nino
2025-01-25,Kalimantan,4.0,Tidak,2025,1,Non-El Nino
2025-01-25,Sulawesi,2.0,Tidak,2025,1,Non-El Nino
2025-01-25,Bali-Nusa Tenggara,0.0,Tidak,2025,1,Non-El Nino
2025-01-25,Maluku,0.0,Tidak,2025,1,Non-El Nino
2025-01-25,Papua,0.0,Tidak,2025,1,Non-El Nino
2025-01-26,Sumatera,1.0,Tidak,2025,1,Non-El Nino
2025-01-26,Jawa,0.0,Tidak,2025,1,Non-El Nino
2025-01-26,Kalimantan,0.0,Tidak,2025,1,Non-El Nino
2025-01-26,Sulawesi,1.0,Tidak,2025,1,Non-El Nino
2025-01-26,Bali-Nusa Tenggara,0.0,Tidak,2025,1,Non-El Nino
2025-01-26,Maluku,0.0,Tidak,2025,1,Non-El Nino
2025-01-26,Papua,2.0,Tidak,2025,1,Non-El Nino
2025-01-27,Sumatera,0.0,Tidak,2025,1,Non-El Nino
2025-01-27,Jawa,0.0,Tidak,2025,1,Non-El Nino
2025-01-27,Kalimantan,0.0,Tidak,2025,1,Non-El Nino
2025-01-27,Sulawesi,0.0,Tidak,2025,1,Non-El Nino
2025-01-27,Bali-Nusa Tenggara,0.0,Tidak,2025,1,Non-El Nino
2025-01-27,Maluku,1.0,Tidak,2025,1,Non-El Nino
2025-01-27,Papua,4.0,Tidak,2025,1,Non-El Nino
2025-01-28,Sumatera,0.0,Tidak,2025,1,Non-El Nino
2025-01-28,Jawa,0.0,Tidak,2025,1,Non-El Nino
2025-01-28,Kalimantan,0.0,Tidak,2025,1,Non-El Nino
2025-01-28,Sulawesi,1.0,Tidak,2025,1,Non-El Nino
2025-01-28,Bali-Nusa Tenggara,0.0,Tidak,2025,1,Non-El Nino
2025-01-28,Maluku,3.0,Tidak,2025,1,Non-El Nino
2025-01-28,Papua,2.0,Tidak,2025,1,Non-El Nino
2025-01-29,Sumatera,6.0,Tidak,2025,1,Non-El Nino
2025-01-29,Jawa,0.0,Tidak,2025,1,Non-El Nino
2025-01-29,Kalimantan,0.0,Tidak,2025,1,Non-El Nino
2025-01-29,Sulawesi,3.0,Tidak,2025,1,Non-El Nino
2025-01-29,Bali-Nusa Tenggara,0.0,Tidak,2025,1,Non-El Nino
2025-01-29,Maluku,1.0,Tidak,2025,1,Non-El Nino
2025-01-29,Papua,1.0,Tidak,2025,1,Non-El Nino
2025-01-30,Sumatera,19.0,Tidak,2025,1,Non-El Nino
2025-01-30,Jawa,0.0,Tidak,2025,1,Non-El Nino
2025-01-30,Kalimantan,0.0,Tidak,2025,1,Non-El Nino
2025-01-30,Sulawesi,3.0,Tidak,2025,1,Non-El Nino
2025-01-30,Bali-Nusa Tenggara,0.0,Tidak,2025,1,Non-El Nino
2025-01-30,Maluku,1.0,Tidak,2025,1,Non-El Nino
2025-01-30,Papua,3.0,Tidak,2025,1,Non-El Nino
2025-01-31,Sumatera,17.0,Tidak,2025,1,Non-El Nino
2025-01-31,Jawa,0.0,Tidak,2025,1,Non-El Nino
2025-01-31,Kalimantan,0.0,Tidak,2025,1,Non-El Nino
2025-01-31,Sulawesi,0.0,Tidak,2025,1,Non-El Nino
2025-01-31,Bali-Nusa Tenggara,0.0,Tidak,2025,1,Non-El Nino
2025-01-31,Maluku,0.0,Tidak,2025,1,Non-El Nino
2025-01-31,Papua,0.0,Tidak,2025,1,Non-El Nino
2025-02-01,Sumatera,18.0,Tidak,2025,2,Non-El Nino
2025-02-01,Jawa,0.0,Tidak,2025,2,Non-El Nino
2025-02-01,Kalimantan,0.0,Tidak,2025,2,Non-El Nino
2025-02-01,Sulawesi,0.0,Tidak,2025,2,Non-El Nino
2025-02-01,Bali-Nusa Tenggara,0.0,Tidak,2025,2,Non-El Nino
2025-02-01,Maluku,0.0,Tidak,2025,2,Non-El Nino
2025-02-01,Papua,2.0,Tidak,2025,2,Non-El Nino
2025-02-02,Sumatera,9.0,Tidak,2025,2,Non-El Nino
2025-02-02,Jawa,0.0,Tidak,2025,2,Non-El Nino
2025-02-02,Kalimantan,10.0,Tidak,2025,2,Non-El Nino
2025-02-02,Sulawesi,5.0,Tidak,2025,2,Non-El Nino
2025-02-02,Bali-Nusa Tenggara,0.0,Tidak,2025,2,Non-El Nino
2025-02-02,Maluku,0.0,Tidak,2025,2,Non-El Nino
2025-02-02,Papua,0.0,Tidak,2025,2,Non-El Nino
2025-02-03,Sumatera,20.0,Tidak,2025,2,Non-El Nino
2025-02-03,Jawa,0.0,Tidak,2025,2,Non-El Nino
2025-02-03,Kalimantan,3.0,Tidak,2025,2,Non-El Nino
2025-02-03,Sulawesi,16.0,Tidak,2025,2,Non-El Nino
2025-02-03,Bali-Nusa Tenggara,0.0,Tidak,2025,2,Non-El Nino
2025-02-03,Maluku,0.0,Tidak,2025,2,Non-El Nino
2025-02-03,Papua,0.0,Tidak,2025,2,Non-El Nino
2025-02-04,Sumatera,24.0,Tidak,2025,2,Non-El Nino
2025-02-04,Jawa,0.0,Tidak,2025,2,Non-El Nino
2025-02-04,Kalimantan,3.0,Tidak,2025,2,Non-El Nino
2025-02-04,Sulawesi,3.0,Tidak,2025,2,Non-El Nino
2025-02-04,Bali-Nusa Tenggara,0.0,Tidak,2025,2,Non-El Nino
2025-02-04,Maluku,0.0,Tidak,2025,2,Non-El Nino
2025-02-04,Papua,0.0,Tidak,2025,2,Non-El Nino
2025-02-05,Sumatera,6.0,Tidak,2025,2,Non-El Nino
2025-02-05,Jawa,1.0,Tidak,2025,2,Non-El Nino
2025-02-05,Kalimantan,9.0,Tidak,2025,2,Non-El Nino
2025-02-05,Sulawesi,6.0,Tidak,2025,2,Non-El Nino
2025-02-05,Bali-Nusa Tenggara,0.0,Tidak,2025,2,Non-El Nino
2025-02-05,Maluku,0.0,Tidak,2025,2,Non-El Nino
2025-02-05,Papua,0.0,Tidak,2025,2,Non-El Nino
2025-02-06,Sumatera,16.0,Tidak,2025,2,Non-El Nino
2025-02-06,Jawa,0.0,Tidak,2025,2,Non-El Nino
2025-02-06,Kalimantan,5.0,Tidak,2025,2,Non-El Nino
2025-02-06,Sulawesi,0.0,Tidak,2025,2,Non-El Nino
2025-02-06,Bali-Nusa Tenggara,0.0,Tidak,2025,2,Non-El Nino
2025-02-06,Maluku,0.0,Tidak,2025,2,Non-El Nino
2025-02-06,Papua,2.0,Tidak,2025,2,Non-El Nino
2025-02-07,Sumatera,24.0,Tidak,2025,2,Non-El Nino
2025-02-07,Jawa,7.0,Tidak,2025,2,Non-El Nino
2025-02-07,Kalimantan,4.0,Tidak,2025,2,Non-El Nino
2025-02-07,Sulawesi,1.0,Tidak,2025,2,Non-El Nino
2025-02-07,Bali-Nusa Tenggara,0.0,Tidak,2025,2,Non-El Nino
2025-02-07,Maluku,2.0,Tidak,2025,2,Non-El Nino
2025-02-07,Papua,17.0,Tidak,2025,2,Non-El Nino
2025-02-08,Sumatera,25.0,Tidak,2025,2,Non-El Nino
2025-02-08,Jawa,3.0,Tidak,2025,2,Non-El Nino
2025-02-08,Kalimantan,24.0,Tidak,2025,2,Non-El Nino
2025-02-08,Sulawesi,28.0,Tidak,2025,2,Non-El Nino
2025-02-08,Bali-Nusa Tenggara,0.0,Tidak,2025,2,Non-El Nino
2025-02-08,Maluku,2.0,Tidak,2025,2,Non-El Nino
2025-02-08,Papua,4.0,Tidak,2025,2,Non-El Nino
2025-02-09,Sumatera,26.0,Tidak,2025,2,Non-El Nino
2025-02-09,Jawa,0.0,Tidak,2025,2,Non-El Nino
2025-02-09,Kalimantan,2.0,Tidak,2025,2,Non-El Nino
2025-02-09,Sulawesi,3.0,Tidak,2025,2,Non-El Nino
2025-02-09,Bali-Nusa Tenggara,0.0,Tidak,2025,2,Non-El Nino
2025-02-09,Maluku,0.0,Tidak,2025,2,Non-El Nino
2025-02-09,Papua,2.0,Tidak,2025,2,Non-El Nino
2025-02-10,Sumatera,35.0,Tidak,2025,2,Non-El Nino
2025-02-10,Jawa,0.0,Tidak,2025,2,Non-El Nino
2025-02-10,Kalimantan,13.0,Tidak,2025,2,Non-El Nino
2025-02-10,Sulawesi,8.0,Tidak,2025,2,Non-El Nino
2025-02-10,Bali-Nusa Tenggara,0.0,Tidak,2025,2,Non-El Nino
2025-02-10,Maluku,0.0,Tidak,2025,2,Non-El Nino
2025-02-10,Papua,0.0,Tidak,2025,2,Non-El Nino
2025-02-11,Sumatera,38.0,Tidak,2025,2,Non-El Nino
2025-02-11,Jawa,3.0,Tidak,2025,2,Non-El Nino
2025-02-11,Kalimantan,7.0,Tidak,2025,2,Non-El Nino
2025-02-11,Sulawesi,2.0,Tidak,2025,2,Non-El Nino
2025-02-11,Bali-Nusa Tenggara,0.0,Tidak,2025,2,Non-El Nino
2025-02-11,Maluku,3.0,Tidak,2025,2,Non-El Nino
2025-02-11,Papua,9.0,Tidak,2025,2,Non-El Nino
2025-02-12,Sumatera,53.0,Tidak,2025,2,Non-El Nino
2025-02-12,Jawa,4.0,Tidak,2025,2,Non-El Nino
2025-02-12,Kalimantan,18.0,Tidak,2025,2,Non-El Nino
2025-02-12,Sulawesi,7.0,Tidak,2025,2,Non-El Nino
2025-02-12,Bali-Nusa Tenggara,0.0,Tidak,2025,2,Non-El Nino
2025-02-12,Maluku,0.0,Tidak,2025,2,Non-El Nino
2025-02-12,Papua,1.0,Tidak,2025,2,Non-El Nino
2025-02-13,Sumatera,73.0,Tidak,2025,2,Non-El Nino
2025-02-13,Jawa,1.0,Tidak,2025,2,Non-El Nino
2025-02-13,Kalimantan,18.0,Tidak,2025,2,Non-El Nino
2025-02-13,Sulawesi,7.0,Tidak,2025,2,Non-El Nino
2025-02-13,Bali-Nusa Tenggara,3.0,Tidak,2025,2,Non-El Nino
2025-02-13,Maluku,1.0,Tidak,2025,2,Non-El Nino
2025-02-13,Papua,7.0,Tidak,2025,2,Non-El Nino
2025-02-14,Sumatera,11.0,Tidak,2025,2,Non-El Nino
2025-02-14,Jawa,1.0,Tidak,2025,2,Non-El Nino
2025-02-14,Kalimantan,2.0,Tidak,2025,2,Non-El Nino
2025-02-14,Sulawesi,12.0,Tidak,2025,2,Non-El Nino
2025-02-14,Bali-Nusa Tenggara,2.0,Tidak,2025,2,Non-El Nino
2025-02-14,Maluku,0.0,Tidak,2025,2,Non-El Nino
2025-02-14,Papua,0.0,Tidak,2025,2,Non-El Nino
2025-02-15,Sumatera,19.0,Tidak,2025,2,Non-El Nino
2025-02-15,Jawa,1.0,Tidak,2025,2,Non-El Nino
2025-02-15,Kalimantan,16.0,Tidak,2025,2,Non-El Nino
2025-02-15,Sulawesi,18.0,Tidak,2025,2,Non-El Nino
2025-02-15,Bali-Nusa Tenggara,0.0,Tidak,2025,2,Non-El Nino
2025-02-15,Maluku,0.0,Tidak,2025,2,Non-El Nino
2025-02-15,Papua,9.0,Tidak,2025,2,Non-El Nino
2025-02-16,Sumatera,9.0,Tidak,2025,2,Non-El Nino
2025-02-16,Jawa,0.0,Tidak,2025,2,Non-El Nino
2025-02-16,Kalimantan,18.0,Tidak,2025,2,Non-El Nino
2025-02-16,Sulawesi,0.0,Tidak,2025,2,Non-El Nino
2025-02-16,Bali-Nusa Tenggara,1.0,Tidak,2025,2,Non-El Nino
2025-02-16,Maluku,1.0,Tidak,2025,2,Non-El Nino
2025-02-16,Papua,8.0,Tidak,2025,2,Non-El Nino
2025-02-17,Sumatera,5.0,Tidak,2025,2,Non-El Nino
2025-02-17,Jawa,0.0,Tidak,2025,2,Non-El Nino
2025-02-17,Kalimantan,11.0,Tidak,2025,2,Non-El Nino
2025-02-17,Sulawesi,6.0,Tidak,2025,2,Non-El Nino
2025-02-17,Bali-Nusa Tenggara,0.0,Tidak,2025,2,Non-El Nino
2025-02-17,Maluku,8.0,Tidak,2025,2,Non-El Nino
2025-02-17,Papua,9.0,Tidak,2025,2,Non-El Nino
2025-02-18,Sumatera,3.0,Tidak,2025,2,Non-El Nino
2025-02-18,Jawa,0.0,Tidak,2025,2,Non-El Nino
2025-02-18,Kalimantan,17.0,Tidak,2025,2,Non-El Nino
2025-02-18,Sulawesi,0.0,Tidak,2025,2,Non-El Nino
2025-02-18,Bali-Nusa Tenggara,0.0,Tidak,2025,2,Non-El Nino
2025-02-18,Maluku,0.0,Tidak,2025,2,Non-El Nino
2025-02-18,Papua,9.0,Tidak,2025,2,Non-El Nino
2025-02-19,Sumatera,1.0,Tidak,2025,2,Non-El Nino
2025-02-19,Jawa,0.0,Tidak,2025,2,Non-El Nino
2025-02-19,Kalimantan,8.0,Tidak,2025,2,Non-El Nino
2025-02-19,Sulawesi,11.0,Tidak,2025,2,Non-El Nino
2025-02-19,Bali-Nusa Tenggara,0.0,Tidak,2025,2,Non-El Nino
2025-02-19,Maluku,1.0,Tidak,2025,2,Non-El Nino
2025-02-19,Papua,1.0,Tidak,2025,2,Non-El Nino
2025-02-20,Sumatera,19.0,Tidak,2025,2,Non-El Nino
2025-02-20,Jawa,0.0,Tidak,2025,2,Non-El Nino
2025-02-20,Kalimantan,6.0,Tidak,2025,2,Non-El Nino
2025-02-20,Sulawesi,8.0,Tidak,2025,2,Non-El Nino
2025-02-20,Bali-Nusa Tenggara,0.0,Tidak,2025,2,Non-El Nino
2025-02-20,Maluku,2.0,Tidak,2025,2,Non-El Nino
2025-02-20,Papua,0.0,Tidak,2025,2,Non-El Nino
2025-02-21,Sumatera,5.0,Tidak,2025,2,Non-El Nino
2025-02-21,Jawa,1.0,Tidak,2025,2,Non-El Nino
2025-02-21,Kalimantan,4.0,Tidak,2025,2,Non-El Nino
2025-02-21,Sulawesi,0.0,Tidak,2025,2,Non-El Nino
2025-02-21,Bali-Nusa Tenggara,0.0,Tidak,2025,2,Non-El Nino
2025-02-21,Maluku,0.0,Tidak,2025,2,Non-El Nino
2025-02-21,Papua,0.0,Tidak,2025,2,Non-El Nino
2025-02-22,Sumatera,9.0,Tidak,2025,2,Non-El Nino
2025-02-22,Jawa,0.0,Tidak,2025,2,Non-El Nino
2025-02-22,Kalimantan,7.0,Tidak,2025,2,Non-El Nino
2025-02-22,Sulawesi,6.0,Tidak,2025,2,Non-El Nino
2025-02-22,Bali-Nusa Tenggara,1.0,Tidak,2025,2,Non-El Nino
2025-02-22,Maluku,0.0,Tidak,2025,2,Non-El Nino
2025-02-22,Papua,2.0,Tidak,2025,2,Non-El Nino
2025-02-23,Sumatera,0.0,Tidak,2025,2,Non-El Nino
2025-02-23,Jawa,0.0,Tidak,2025,2,Non-El Nino
2025-02-23,Kalimantan,5.0,Tidak,2025,2,Non-El Nino
2025-02-23,Sulawesi,0.0,Tidak,2025,2,Non-El Nino
2025-02-23,Bali-Nusa Tenggara,0.0,Tidak,2025,2,Non-El Nino
2025-02-23,Maluku,3.0,Tidak,2025,2,Non-El Nino
2025-02-23,Papua,11.0,Tidak,2025,2,Non-El Nino
2025-02-24,Sumatera,1.0,Tidak,2025,2,Non-El Nino
2025-02-24,Jawa,2.0,Tidak,2025,2,Non-El Nino
2025-02-24,Kalimantan,1.0,Tidak,2025,2,Non-El Nino
2025-02-24,Sulawesi,2.0,Tidak,2025,2,Non-El Nino
2025-02-24,Bali-Nusa Tenggara,0.0,Tidak,2025,2,Non-El Nino
2025-02-24,Maluku,0.0,Tidak,2025,2,Non-El Nino
2025-02-24,Papua,0.0,Tidak,2025,2,Non-El Nino
2025-02-25,Sumatera,3.0,Tidak,2025,2,Non-El Nino
2025-02-25,Jawa,0.0,Tidak,2025,2,Non-El Nino
2025-02-25,Kalimantan,4.0,Tidak,2025,2,Non-El Nino
2025-02-25,Sulawesi,17.0,Tidak,2025,2,Non-El Nino
2025-02-25,Bali-Nusa Tenggara,0.0,Tidak,2025,2,Non-El Nino
2025-02-25,Maluku,0.0,Tidak,2025,2,Non-El Nino
2025-02-25,Papua,0.0,Tidak,2025,2,Non-El Nino
2025-02-26,Sumatera,5.0,Tidak,2025,2,Non-El Nino
2025-02-26,Jawa,0.0,Tidak,2025,2,Non-El Nino
2025-02-26,Kalimantan,0.0,Tidak,2025,2,Non-El Nino
2025-02-26,Sulawesi,15.0,Tidak,2025,2,Non-El Nino
2025-02-26,Bali-Nusa Tenggara,0.0,Tidak,2025,2,Non-El Nino
2025-02-26,Maluku,6.0,Tidak,2025,2,Non-El Nino
2025-02-26,Papua,0.0,Tidak,2025,2,Non-El Nino
2025-02-27,Sumatera,4.0,Tidak,2025,2,Non-El Nino
2025-02-27,Jawa,3.0,Tidak,2025,2,Non-El Nino
2025-02-27,Kalimantan,12.0,Tidak,2025,2,Non-El Nino
2025-02-27,Sulawesi,0.0,Tidak,2025,2,Non-El Nino
2025-02-27,Bali-Nusa Tenggara,2.0,Tidak,2025,2,Non-El Nino
2025-02-27,Maluku,0.0,Tidak,2025,2,Non-El Nino
2025-02-27,Papua,0.0,Tidak,2025,2,Non-El Nino
2025-02-28,Sumatera,8.0,Tidak,2025,2,Non-El Nino
2025-02-28,Jawa,2.0,Tidak,2025,2,Non-El Nino
2025-02-28,Kalimantan,17.0,Tidak,2025,2,Non-El Nino
2025-02-28,Sulawesi,7.0,Tidak,2025,2,Non-El Nino
2025-02-28,Bali-Nusa Tenggara,1.0,Tidak,2025,2,Non-El Nino
2025-02-28,Maluku,2.0,Tidak,2025,2,Non-El Nino
2025-02-28,Papua,0.0,Tidak,2025,2,Non-El Nino
2025-03-01,Sumatera,16.0,Tidak,2025,3,Non-El Nino
2025-03-01,Jawa,15.0,Tidak,2025,3,Non-El Nino
2025-03-01,Kalimantan,3.0,Tidak,2025,3,Non-El Nino
2025-03-01,Sulawesi,9.0,Tidak,2025,3,Non-El Nino
2025-03-01,Bali-Nusa Tenggara,1.0,Tidak,2025,3,Non-El Nino
2025-03-01,Maluku,0.0,Tidak,2025,3,Non-El Nino
2025-03-01,Papua,0.0,Tidak,2025,3,Non-El Nino
2025-03-02,Sumatera,18.0,Tidak,2025,3,Non-El Nino
2025-03-02,Jawa,1.0,Tidak,2025,3,Non-El Nino
2025-03-02,Kalimantan,16.0,Tidak,2025,3,Non-El Nino
2025-03-02,Sulawesi,2.0,Tidak,2025,3,Non-El Nino
2025-03-02,Bali-Nusa Tenggara,2.0,Tidak,2025,3,Non-El Nino
2025-03-02,Maluku,0.0,Tidak,2025,3,Non-El Nino
2025-03-02,Papua,0.0,Tidak,2025,3,Non-El Nino
2025-03-03,Sumatera,24.0,Tidak,2025,3,Non-El Nino
2025-03-03,Jawa,2.0,Tidak,2025,3,Non-El Nino
2025-03-03,Kalimantan,15.0,Tidak,2025,3,Non-El Nino
2025-03-03,Sulawesi,1.0,Tidak,2025,3,Non-El Nino
2025-03-03,Bali-Nusa Tenggara,6.0,Tidak,2025,3,Non-El Nino
2025-03-03,Maluku,7.0,Tidak,2025,3,Non-El Nino
2025-03-03,Papua,1.0,Tidak,2025,3,Non-El Nino
2025-03-04,Sumatera,8.0,Tidak,2025,3,Non-El Nino
2025-03-04,Jawa,0.0,Tidak,2025,3,Non-El Nino
2025-03-04,Kalimantan,7.0,Tidak,2025,3,Non-El Nino
2025-03-04,Sulawesi,6.0,Tidak,2025,3,Non-El Nino
2025-03-04,Bali-Nusa Tenggara,0.0,Tidak,2025,3,Non-El Nino
2025-03-04,Maluku,4.0,Tidak,2025,3,Non-El Nino
2025-03-04,Papua,7.0,Tidak,2025,3,Non-El Nino
2025-03-05,Sumatera,7.0,Tidak,2025,3,Non-El Nino
2025-03-05,Jawa,1.0,Tidak,2025,3,Non-El Nino
2025-03-05,Kalimantan,0.0,Tidak,2025,3,Non-El Nino
2025-03-05,Sulawesi,6.0,Tidak,2025,3,Non-El Nino
2025-03-05,Bali-Nusa Tenggara,3.0,Tidak,2025,3,Non-El Nino
2025-03-05,Maluku,1.0,Tidak,2025,3,Non-El Nino
2025-03-05,Papua,1.0,Tidak,2025,3,Non-El Nino
2025-03-06,Sumatera,0.0,Tidak,2025,3,Non-El Nino
2025-03-06,Jawa,6.0,Tidak,2025,3,Non-El Nino
2025-03-06,Kalimantan,8.0,Tidak,2025,3,Non-El Nino
2025-03-06,Sulawesi,6.0,Tidak,2025,3,Non-El Nino
2025-03-06,Bali-Nusa Tenggara,4.0,Tidak,2025,3,Non-El Nino
2025-03-06,Maluku,1.0,Tidak,2025,3,Non-El Nino
2025-03-06,Papua,7.0,Tidak,2025,3,Non-El Nino
2025-03-07,Sumatera,3.0,Tidak,2025,3,Non-El Nino
2025-03-07,Jawa,0.0,Tidak,2025,3,Non-El Nino
2025-03-07,Kalimantan,0.0,Tidak,2025,3,Non-El Nino
2025-03-07,Sulawesi,5.0,Tidak,2025,3,Non-El Nino
2025-03-07,Bali-Nusa Tenggara,3.0,Tidak,2025,3,Non-El Nino
2025-03-07,Maluku,2.0,Tidak,2025,3,Non-El Nino
2025-03-07,Papua,6.0,Tidak,2025,3,Non-El Nino
2025-03-08,Sumatera,5.0,Tidak,2025,3,Non-El Nino
2025-03-08,Jawa,1.0,Tidak,2025,3,Non-El Nino
2025-03-08,Kalimantan,2.0,Tidak,2025,3,Non-El Nino
2025-03-08,Sulawesi,0.0,Tidak,2025,3,Non-El Nino
2025-03-08,Bali-Nusa Tenggara,0.0,Tidak,2025,3,Non-El Nino
2025-03-08,Maluku,3.0,Tidak,2025,3,Non-El Nino
2025-03-08,Papua,14.0,Tidak,2025,3,Non-El Nino
2025-03-09,Sumatera,1.0,Tidak,2025,3,Non-El Nino
2025-03-09,Jawa,0.0,Tidak,2025,3,Non-El Nino
2025-03-09,Kalimantan,3.0,Tidak,2025,3,Non-El Nino
2025-03-09,Sulawesi,5.0,Tidak,2025,3,Non-El Nino
2025-03-09,Bali-Nusa Tenggara,2.0,Tidak,2025,3,Non-El Nino
2025-03-09,Maluku,4.0,Tidak,2025,3,Non-El Nino
2025-03-09,Papua,0.0,Tidak,2025,3,Non-El Nino
2025-03-10,Sumatera,8.0,Tidak,2025,3,Non-El Nino
2025-03-10,Jawa,0.0,Tidak,2025,3,Non-El Nino
2025-03-10,Kalimantan,3.0,Tidak,2025,3,Non-El Nino
2025-03-10,Sulawesi,3.0,Tidak,2025,3,Non-El Nino
2025-03-10,Bali-Nusa Tenggara,0.0,Tidak,2025,3,Non-El Nino
2025-03-10,Maluku,0.0,Tidak,2025,3,Non-El Nino
2025-03-10,Papua,0.0,Tidak,2025,3,Non-El Nino
2025-03-11,Sumatera,3.0,Tidak,2025,3,Non-El Nino
2025-03-11,Jawa,9.0,Tidak,2025,3,Non-El Nino
2025-03-11,Kalimantan,5.0,Tidak,2025,3,Non-El Nino
2025-03-11,Sulawesi,3.0,Tidak,2025,3,Non-El Nino
2025-03-11,Bali-Nusa Tenggara,2.0,Tidak,2025,3,Non-El Nino
2025-03-11,Maluku,1.0,Tidak,2025,3,Non-El Nino
2025-03-11,Papua,2.0,Tidak,2025,3,Non-El Nino
2025-03-12,Sumatera,6.0,Tidak,2025,3,Non-El Nino
2025-03-12,Jawa,0.0,Tidak,2025,3,Non-El Nino
2025-03-12,Kalimantan,14.0,Tidak,2025,3,Non-El Nino
2025-03-12,Sulawesi,11.0,Tidak,2025,3,Non-El Nino
2025-03-12,Bali-Nusa Tenggara,1.0,Tidak,2025,3,Non-El Nino
2025-03-12,Maluku,1.0,Tidak,2025,3,Non-El Nino
2025-03-12,Papua,2.0,Tidak,2025,3,Non-El Nino
2025-03-13,Sumatera,1.0,Tidak,2025,3,Non-El Nino
2025-03-13,Jawa,7.0,Tidak,2025,3,Non-El Nino
2025-03-13,Kalimantan,14.0,Tidak,2025,3,Non-El Nino
2025-03-13,Sulawesi,14.0,Tidak,2025,3,Non-El Nino
2025-03-13,Bali-Nusa Tenggara,0.0,Tidak,2025,3,Non-El Nino
2025-03-13,Maluku,1.0,Tidak,2025,3,Non-El Nino
2025-03-13,Papua,0.0,Tidak,2025,3,Non-El Nino
2025-03-14,Sumatera,3.0,Tidak,2025,3,Non-El Nino
2025-03-14,Jawa,0.0,Tidak,2025,3,Non-El Nino
2025-03-14,Kalimantan,9.0,Tidak,2025,3,Non-El Nino
2025-03-14,Sulawesi,5.0,Tidak,2025,3,Non-El Nino
2025-03-14,Bali-Nusa Tenggara,0.0,Tidak,2025,3,Non-El Nino
2025-03-14,Maluku,9.0,Tidak,2025,3,Non-El Nino
2025-03-14,Papua,3.0,Tidak,2025,3,Non-El Nino
2025-03-15,Sumatera,1.0,Tidak,2025,3,Non-El Nino
2025-03-15,Jawa,0.0,Tidak,2025,3,Non-El Nino
2025-03-15,Kalimantan,5.0,Tidak,2025,3,Non-El Nino
2025-03-15,Sulawesi,20.0,Tidak,2025,3,Non-El Nino
2025-03-15,Bali-Nusa Tenggara,0.0,Tidak,2025,3,Non-El Nino
2025-03-15,Maluku,1.0,Tidak,2025,3,Non-El Nino
2025-03-15,Papua,1.0,Tidak,2025,3,Non-El Nino
2025-03-16,Sumatera,5.0,Tidak,2025,3,Non-El Nino
2025-03-16,Jawa,0.0,Tidak,2025,3,Non-El Nino
2025-03-16,Kalimantan,0.0,Tidak,2025,3,Non-El Nino
2025-03-16,Sulawesi,0.0,Tidak,2025,3,Non-El Nino
2025-03-16,Bali-Nusa Tenggara,1.0,Tidak,2025,3,Non-El Nino
2025-03-16,Maluku,3.0,Tidak,2025,3,Non-El Nino
2025-03-16,Papua,1.0,Tidak,2025,3,Non-El Nino
2025-03-17,Sumatera,4.0,Tidak,2025,3,Non-El Nino
2025-03-17,Jawa,0.0,Tidak,2025,3,Non-El Nino
2025-03-17,Kalimantan,4.0,Tidak,2025,3,Non-El Nino
2025-03-17,Sulawesi,0.0,Tidak,2025,3,Non-El Nino
2025-03-17,Bali-Nusa Tenggara,0.0,Tidak,2025,3,Non-El Nino
2025-03-17,Maluku,0.0,Tidak,2025,3,Non-El Nino
2025-03-17,Papua,0.0,Tidak,2025,3,Non-El Nino
2025-03-18,Sumatera,2.0,Tidak,2025,3,Non-El Nino
2025-03-18,Jawa,0.0,Tidak,2025,3,Non-El Nino
2025-03-18,Kalimantan,2.0,Tidak,2025,3,Non-El Nino
2025-03-18,Sulawesi,3.0,Tidak,2025,3,Non-El Nino
2025-03-18,Bali-Nusa Tenggara,0.0,Tidak,2025,3,Non-El Nino
2025-03-18,Maluku,0.0,Tidak,2025,3,Non-El Nino
2025-03-18,Papua,0.0,Tidak,2025,3,Non-El Nino
2025-03-19,Sumatera,1.0,Tidak,2025,3,Non-El Nino
2025-03-19,Jawa,0.0,Tidak,2025,3,Non-El Nino
2025-03-19,Kalimantan,0.0,Tidak,2025,3,Non-El Nino
2025-03-19,Sulawesi,7.0,Tidak,2025,3,Non-El Nino
2025-03-19,Bali-Nusa Tenggara,0.0,Tidak,2025,3,Non-El Nino
2025-03-19,Maluku,2.0,Tidak,2025,3,Non-El Nino
2025-03-19,Papua,0.0,Tidak,2025,3,Non-El Nino
2025-03-20,Sumatera,0.0,Tidak,2025,3,Non-El Nino
2025-03-20,Jawa,3.0,Tidak,2025,3,Non-El Nino
2025-03-20,Kalimantan,0.0,Tidak,2025,3,Non-El Nino
2025-03-20,Sulawesi,9.0,Tidak,2025,3,Non-El Nino
2025-03-20,Bali-Nusa Tenggara,5.0,Tidak,2025,3,Non-El Nino
2025-03-20,Maluku,0.0,Tidak,2025,3,Non-El Nino
2025-03-20,Papua,0.0,Tidak,2025,3,Non-El Nino
2025-03-21,Sumatera,8.0,Tidak,2025,3,Non-El Nino
2025-03-21,Jawa,3.0,Tidak,2025,3,Non-El Nino
2025-03-21,Kalimantan,0.0,Tidak,2025,3,Non-El Nino
2025-03-21,Sulawesi,1.0,Tidak,2025,3,Non-El Nino
2025-03-21,Bali-Nusa Tenggara,0.0,Tidak,2025,3,Non-El Nino
2025-03-21,Maluku,0.0,Tidak,2025,3,Non-El Nino
2025-03-21,Papua,3.0,Tidak,2025,3,Non-El Nino
2025-03-22,Sumatera,2.0,Tidak,2025,3,Non-El Nino
2025-03-22,Jawa,0.0,Tidak,2025,3,Non-El Nino
2025-03-22,Kalimantan,0.0,Tidak,2025,3,Non-El Nino
2025-03-22,Sulawesi,0.0,Tidak,2025,3,Non-El Nino
2025-03-22,Bali-Nusa Tenggara,0.0,Tidak,2025,3,Non-El Nino
2025-03-22,Maluku,0.0,Tidak,2025,3,Non-El Nino
2025-03-22,Papua,0.0,Tidak,2025,3,Non-El Nino
2025-03-23,Sumatera,4.0,Tidak,2025,3,Non-El Nino
2025-03-23,Jawa,1.0,Tidak,2025,3,Non-El Nino
2025-03-23,Kalimantan,2.0,Tidak,2025,3,Non-El Nino
2025-03-23,Sulawesi,3.0,Tidak,2025,3,Non-El Nino
2025-03-23,Bali-Nusa Tenggara,0.0,Tidak,2025,3,Non-El Nino
2025-03-23,Maluku,0.0,Tidak,2025,3,Non-El Nino
2025-03-23,Papua,0.0,Tidak,2025,3,Non-El Nino
2025-03-24,Sumatera,26.0,Tidak,2025,3,Non-El Nino
2025-03-24,Jawa,0.0,Tidak,2025,3,Non-El Nino
2025-03-24,Kalimantan,3.0,Tidak,2025,3,Non-El Nino
2025-03-24,Sulawesi,4.0,Tidak,2025,3,Non-El Nino
2025-03-24,Bali-Nusa Tenggara,0.0,Tidak,2025,3,Non-El Nino
2025-03-24,Maluku,0.0,Tidak,2025,3,Non-El Nino
2025-03-24,Papua,2.0,Tidak,2025,3,Non-El Nino
2025-03-25,Sumatera,9.0,Tidak,2025,3,Non-El Nino
2025-03-25,Jawa,0.0,Tidak,2025,3,Non-El Nino
2025-03-25,Kalimantan,1.0,Tidak,2025,3,Non-El Nino
2025-03-25,Sulawesi,2.0,Tidak,2025,3,Non-El Nino
2025-03-25,Bali-Nusa Tenggara,2.0,Tidak,2025,3,Non-El Nino
2025-03-25,Maluku,0.0,Tidak,2025,3,Non-El Nino
2025-03-25,Papua,1.0,Tidak,2025,3,Non-El Nino
2025-03-26,Sumatera,51.0,Tidak,2025,3,Non-El Nino
2025-03-26,Jawa,0.0,Tidak,2025,3,Non-El Nino
2025-03-26,Kalimantan,38.0,Tidak,2025,3,Non-El Nino
2025-03-26,Sulawesi,6.0,Tidak,2025,3,Non-El Nino
2025-03-26,Bali-Nusa Tenggara,0.0,Tidak,2025,3,Non-El Nino
2025-03-26,Maluku,3.0,Tidak,2025,3,Non-El Nino
2025-03-26,Papua,0.0,Tidak,2025,3,Non-El Nino
2025-03-27,Sumatera,31.0,Tidak,2025,3,Non-El Nino
2025-03-27,Jawa,2.0,Tidak,2025,3,Non-El Nino
2025-03-27,Kalimantan,13.0,Tidak,2025,3,Non-El Nino
2025-03-27,Sulawesi,12.0,Tidak,2025,3,Non-El Nino
2025-03-27,Bali-Nusa Tenggara,1.0,Tidak,2025,3,Non-El Nino
2025-03-27,Maluku,1.0,Tidak,2025,3,Non-El Nino
2025-03-27,Papua,0.0,Tidak,2025,3,Non-El Nino
2025-03-28,Sumatera,6.0,Tidak,2025,3,Non-El Nino
2025-03-28,Jawa,0.0,Tidak,2025,3,Non-El Nino
2025-03-28,Kalimantan,23.0,Tidak,2025,3,Non-El Nino
2025-03-28,Sulawesi,65.0,Tidak,2025,3,Non-El Nino
2025-03-28,Bali-Nusa Tenggara,0.0,Tidak,2025,3,Non-El Nino
2025-03-28,Maluku,1.0,Tidak,2025,3,Non-El Nino
2025-03-28,Papua,3.0,Tidak,2025,3,Non-El Nino
2025-03-29,Sumatera,8.0,Tidak,2025,3,Non-El Nino
2025-03-29,Jawa,0.0,Tidak,2025,3,Non-El Nino
2025-03-29,Kalimantan,2.0,Tidak,2025,3,Non-El Nino
2025-03-29,Sulawesi,17.0,Tidak,2025,3,Non-El Nino
2025-03-29,Bali-Nusa Tenggara,0.0,Tidak,2025,3,Non-El Nino
2025-03-29,Maluku,2.0,Tidak,2025,3,Non-El Nino
2025-03-29,Papua,7.0,Tidak,2025,3,Non-El Nino
2025-03-30,Sumatera,0.0,Tidak,2025,3,Non-El Nino
2025-03-30,Jawa,2.0,Tidak,2025,3,Non-El Nino
2025-03-30,Kalimantan,3.0,Tidak,2025,3,Non-El Nino
2025-03-30,Sulawesi,0.0,Tidak,2025,3,Non-El Nino
2025-03-30,Bali-Nusa Tenggara,0.0,Tidak,2025,3,Non-El Nino
2025-03-30,Maluku,1.0,Tidak,2025,3,Non-El Nino
2025-03-30,Papua,1.0,Tidak,2025,3,Non-El Nino
2025-03-31,Sumatera,5.0,Tidak,2025,3,Non-El Nino
2025-03-31,Jawa,0.0,Tidak,2025,3,Non-El Nino
2025-03-31,Kalimantan,12.0,Tidak,2025,3,Non-El Nino
2025-03-31,Sulawesi,10.0,Tidak,2025,3,Non-El Nino
2025-03-31,Bali-Nusa Tenggara,0.0,Tidak,2025,3,Non-El Nino
2025-03-31,Maluku,2.0,Tidak,2025,3,Non-El Nino
2025-03-31,Papua,0.0,Tidak,2025,3,Non-El Nino
2025-04-01,Sumatera,31.0,Tidak,2025,4,Non-El Nino
2025-04-01,Jawa,0.0,Tidak,2025,4,Non-El Nino
2025-04-01,Kalimantan,0.0,Tidak,2025,4,Non-El Nino
2025-04-01,Sulawesi,2.0,Tidak,2025,4,Non-El Nino
2025-04-01,Bali-Nusa Tenggara,1.0,Tidak,2025,4,Non-El Nino
2025-04-01,Maluku,3.0,Tidak,2025,4,Non-El Nino
2025-04-01,Papua,1.0,Tidak,2025,4,Non-El Nino
2025-04-02,Sumatera,8.0,Tidak,2025,4,Non-El Nino
2025-04-02,Jawa,3.0,Tidak,2025,4,Non-El Nino
2025-04-02,Kalimantan,2.0,Tidak,2025,4,Non-El Nino
2025-04-02,Sulawesi,6.0,Tidak,2025,4,Non-El Nino
2025-04-02,Bali-Nusa Tenggara,1.0,Tidak,2025,4,Non-El Nino
2025-04-02,Maluku,0.0,Tidak,2025,4,Non-El Nino
2025-04-02,Papua,0.0,Tidak,2025,4,Non-El Nino
2025-04-03,Sumatera,8.0,Tidak,2025,4,Non-El Nino
2025-04-03,Jawa,0.0,Tidak,2025,4,Non-El Nino
2025-04-03,Kalimantan,2.0,Tidak,2025,4,Non-El Nino
2025-04-03,Sulawesi,19.0,Tidak,2025,4,Non-El Nino
2025-04-03,Bali-Nusa Tenggara,0.0,Tidak,2025,4,Non-El Nino
2025-04-03,Maluku,0.0,Tidak,2025,4,Non-El Nino
2025-04-03,Papua,0.0,Tidak,2025,4,Non-El Nino
2025-04-04,Sumatera,8.0,Tidak,2025,4,Non-El Nino
2025-04-04,Jawa,2.0,Tidak,2025,4,Non-El Nino
2025-04-04,Kalimantan,5.0,Tidak,2025,4,Non-El Nino
2025-04-04,Sulawesi,2.0,Tidak,2025,4,Non-El Nino
2025-04-04,Bali-Nusa Tenggara,7.0,Tidak,2025,4,Non-El Nino
2025-04-04,Maluku,0.0,Tidak,2025,4,Non-El Nino
2025-04-04,Papua,6.0,Tidak,2025,4,Non-El Nino
2025-04-05,Sumatera,0.0,Tidak,2025,4,Non-El Nino
2025-04-05,Jawa,2.0,Tidak,2025,4,Non-El Nino
2025-04-05,Kalimantan,1.0,Tidak,2025,4,Non-El Nino
2025-04-05,Sulawesi,0.0,Tidak,2025,4,Non-El Nino
2025-04-05,Bali-Nusa Tenggara,2.0,Tidak,2025,4,Non-El Nino
2025-04-05,Maluku,0.0,Tidak,2025,4,Non-El Nino
2025-04-05,Papua,0.0,Tidak,2025,4,Non-El Nino
2025-04-06,Sumatera,4.0,Tidak,2025,4,Non-El Nino
2025-04-06,Jawa,1.0,Tidak,2025,4,Non-El Nino
2025-04-06,Kalimantan,4.0,Tidak,2025,4,Non-El Nino
2025-04-06,Sulawesi,1.0,Tidak,2025,4,Non-El Nino
2025-04-06,Bali-Nusa Tenggara,4.0,Tidak,2025,4,Non-El Nino
2025-04-06,Maluku,0.0,Tidak,2025,4,Non-El Nino
2025-04-06,Papua,0.0,Tidak,2025,4,Non-El Nino
2025-04-07,Sumatera,3.0,Tidak,2025,4,Non-El Nino
2025-04-07,Jawa,10.0,Tidak,2025,4,Non-El Nino
2025-04-07,Kalimantan,24.0,Tidak,2025,4,Non-El Nino
2025-04-07,Sulawesi,4.0,Tidak,2025,4,Non-El Nino
2025-04-07,Bali-Nusa Tenggara,1.0,Tidak,2025,4,Non-El Nino
2025-04-07,Maluku,19.0,Tidak,2025,4,Non-El Nino
2025-04-07,Papua,3.0,Tidak,2025,4,Non-El Nino
2025-04-08,Sumatera,6.0,Tidak,2025,4,Non-El Nino
2025-04-08,Jawa,1.0,Tidak,2025,4,Non-El Nino
2025-04-08,Kalimantan,1.0,Tidak,2025,4,Non-El Nino
2025-04-08,Sulawesi,14.0,Tidak,2025,4,Non-El Nino
2025-04-08,Bali-Nusa Tenggara,4.0,Tidak,2025,4,Non-El Nino
2025-04-08,Maluku,0.0,Tidak,2025,4,Non-El Nino
2025-04-08,Papua,3.0,Tidak,2025,4,Non-El Nino
2025-04-09,Sumatera,4.0,Tidak,2025,4,Non-El Nino
2025-04-09,Jawa,0.0,Tidak,2025,4,Non-El Nino
2025-04-09,Kalimantan,1.0,Tidak,2025,4,Non-El Nino
2025-04-09,Sulawesi,8.0,Tidak,2025,4,Non-El Nino
2025-04-09,Bali-Nusa Tenggara,0.0,Tidak,2025,4,Non-El Nino
2025-04-09,Maluku,2.0,Tidak,2025,4,Non-El Nino
2025-04-09,Papua,0.0,Tidak,2025,4,Non-El Nino
2025-04-10,Sumatera,23.0,Tidak,2025,4,Non-El Nino
2025-04-10,Jawa,1.0,Tidak,2025,4,Non-El Nino
2025-04-10,Kalimantan,6.0,Tidak,2025,4,Non-El Nino
2025-04-10,Sulawesi,3.0,Tidak,2025,4,Non-El Nino
2025-04-10,Bali-Nusa Tenggara,0.0,Tidak,2025,4,Non-El Nino
2025-04-10,Maluku,0.0,Tidak,2025,4,Non-El Nino
2025-04-10,Papua,0.0,Tidak,2025,4,Non-El Nino
2025-04-11,Sumatera,4.0,Tidak,2025,4,Non-El Nino
2025-04-11,Jawa,0.0,Tidak,2025,4,Non-El Nino
2025-04-11,Kalimantan,4.0,Tidak,2025,4,Non-El Nino
2025-04-11,Sulawesi,3.0,Tidak,2025,4,Non-El Nino
2025-04-11,Bali-Nusa Tenggara,3.0,Tidak,2025,4,Non-El Nino
2025-04-11,Maluku,0.0,Tidak,2025,4,Non-El Nino
2025-04-11,Papua,3.0,Tidak,2025,4,Non-El Nino
2025-04-12,Sumatera,8.0,Tidak,2025,4,Non-El Nino
2025-04-12,Jawa,7.0,Tidak,2025,4,Non-El Nino
2025-04-12,Kalimantan,21.0,Tidak,2025,4,Non-El Nino
2025-04-12,Sulawesi,5.0,Tidak,2025,4,Non-El Nino
2025-04-12,Bali-Nusa Tenggara,3.0,Tidak,2025,4,Non-El Nino
2025-04-12,Maluku,0.0,Tidak,2025,4,Non-El Nino
2025-04-12,Papua,3.0,Tidak,2025,4,Non-El Nino
2025-04-13,Sumatera,3.0,Tidak,2025,4,Non-El Nino
2025-04-13,Jawa,4.0,Tidak,2025,4,Non-El Nino
2025-04-13,Kalimantan,7.0,Tidak,2025,4,Non-El Nino
2025-04-13,Sulawesi,9.0,Tidak,2025,4,Non-El Nino
2025-04-13,Bali-Nusa Tenggara,4.0,Tidak,2025,4,Non-El Nino
2025-04-13,Maluku,2.0,Tidak,2025,4,Non-El Nino
2025-04-13,Papua,0.0,Tidak,2025,4,Non-El Nino
2025-04-14,Sumatera,9.0,Tidak,2025,4,Non-El Nino
2025-04-14,Jawa,2.0,Tidak,2025,4,Non-El Nino
2025-04-14,Kalimantan,1.0,Tidak,2025,4,Non-El Nino
2025-04-14,Sulawesi,12.0,Tidak,2025,4,Non-El Nino
2025-04-14,Bali-Nusa Tenggara,1.0,Tidak,2025,4,Non-El Nino
2025-04-14,Maluku,1.0,Tidak,2025,4,Non-El Nino
2025-04-14,Papua,0.0,Tidak,2025,4,Non-El Nino
2025-04-15,Sumatera,6.0,Tidak,2025,4,Non-El Nino
2025-04-15,Jawa,5.0,Tidak,2025,4,Non-El Nino
2025-04-15,Kalimantan,7.0,Tidak,2025,4,Non-El Nino
2025-04-15,Sulawesi,5.0,Tidak,2025,4,Non-El Nino
2025-04-15,Bali-Nusa Tenggara,1.0,Tidak,2025,4,Non-El Nino
2025-04-15,Maluku,0.0,Tidak,2025,4,Non-El Nino
2025-04-15,Papua,2.0,Tidak,2025,4,Non-El Nino
2025-04-16,Sumatera,15.0,Tidak,2025,4,Non-El Nino
2025-04-16,Jawa,7.0,Tidak,2025,4,Non-El Nino
2025-04-16,Kalimantan,15.0,Tidak,2025,4,Non-El Nino
2025-04-16,Sulawesi,4.0,Tidak,2025,4,Non-El Nino
2025-04-16,Bali-Nusa Tenggara,0.0,Tidak,2025,4,Non-El Nino
2025-04-16,Maluku,0.0,Tidak,2025,4,Non-El Nino
2025-04-16,Papua,3.0,Tidak,2025,4,Non-El Nino
2025-04-17,Sumatera,12.0,Tidak,2025,4,Non-El Nino
2025-04-17,Jawa,1.0,Tidak,2025,4,Non-El Nino
2025-04-17,Kalimantan,6.0,Tidak,2025,4,Non-El Nino
2025-04-17,Sulawesi,1.0,Tidak,2025,4,Non-El Nino
2025-04-17,Bali-Nusa Tenggara,1.0,Tidak,2025,4,Non-El Nino
2025-04-17,Maluku,3.0,Tidak,2025,4,Non-El Nino
2025-04-17,Papua,0.0,Tidak,2025,4,Non-El Nino
2025-04-18,Sumatera,34.0,Tidak,2025,4,Non-El Nino
2025-04-18,Jawa,0.0,Tidak,2025,4,Non-El Nino
2025-04-18,Kalimantan,18.0,Tidak,2025,4,Non-El Nino
2025-04-18,Sulawesi,10.0,Tidak,2025,4,Non-El Nino
2025-04-18,Bali-Nusa Tenggara,2.0,Tidak,2025,4,Non-El Nino
2025-04-18,Maluku,2.0,Tidak,2025,4,Non-El Nino
2025-04-18,Papua,1.0,Tidak,2025,4,Non-El Nino
2025-04-19,Sumatera,13.0,Tidak,2025,4,Non-El Nino
2025-04-19,Jawa,0.0,Tidak,2025,4,Non-El Nino
2025-04-19,Kalimantan,9.0,Tidak,2025,4,Non-El Nino
2025-04-19,Sulawesi,6.0,Tidak,2025,4,Non-El Nino
2025-04-19,Bali-Nusa Tenggara,2.0,Tidak,2025,4,Non-El Nino
2025-04-19,Maluku,2.0,Tidak,2025,4,Non-El Nino
2025-04-19,Papua,2.0,Tidak,2025,4,Non-El Nino
2025-04-20,Sumatera,37.0,Tidak,2025,4,Non-El Nino
2025-04-20,Jawa,0.0,Tidak,2025,4,Non-El Nino
2025-04-20,Kalimantan,27.0,Tidak,2025,4,Non-El Nino
2025-04-20,Sulawesi,27.0,Tidak,2025,4,Non-El Nino
2025-04-20,Bali-Nusa Tenggara,3.0,Tidak,2025,4,Non-El Nino
2025-04-20,Maluku,1.0,Tidak,2025,4,Non-El Nino
2025-04-20,Papua,0.0,Tidak,2025,4,Non-El Nino
2025-04-21,Sumatera,9.0,Tidak,2025,4,Non-El Nino
2025-04-21,Jawa,0.0,Tidak,2025,4,Non-El Nino
2025-04-21,Kalimantan,5.0,Tidak,2025,4,Non-El Nino
2025-04-21,Sulawesi,8.0,Tidak,2025,4,Non-El Nino
2025-04-21,Bali-Nusa Tenggara,0.0,Tidak,2025,4,Non-El Nino
2025-04-21,Maluku,1.0,Tidak,2025,4,Non-El Nino
2025-04-21,Papua,1.0,Tidak,2025,4,Non-El Nino
2025-04-22,Sumatera,14.0,Tidak,2025,4,Non-El Nino
2025-04-22,Jawa,3.0,Tidak,2025,4,Non-El Nino
2025-04-22,Kalimantan,8.0,Tidak,2025,4,Non-El Nino
2025-04-22,Sulawesi,4.0,Tidak,2025,4,Non-El Nino
2025-04-22,Bali-Nusa Tenggara,2.0,Tidak,2025,4,Non-El Nino
2025-04-22,Maluku,0.0,Tidak,2025,4,Non-El Nino
2025-04-22,Papua,0.0,Tidak,2025,4,Non-El Nino
2025-04-23,Sumatera,7.0,Tidak,2025,4,Non-El Nino
2025-04-23,Jawa,0.0,Tidak,2025,4,Non-El Nino
2025-04-23,Kalimantan,5.0,Tidak,2025,4,Non-El Nino
2025-04-23,Sulawesi,0.0,Tidak,2025,4,Non-El Nino
2025-04-23,Bali-Nusa Tenggara,4.0,Tidak,2025,4,Non-El Nino
2025-04-23,Maluku,1.0,Tidak,2025,4,Non-El Nino
2025-04-23,Papua,3.0,Tidak,2025,4,Non-El Nino
2025-04-24,Sumatera,7.0,Tidak,2025,4,Non-El Nino
2025-04-24,Jawa,1.0,Tidak,2025,4,Non-El Nino
2025-04-24,Kalimantan,1.0,Tidak,2025,4,Non-El Nino
2025-04-24,Sulawesi,0.0,Tidak,2025,4,Non-El Nino
2025-04-24,Bali-Nusa Tenggara,4.0,Tidak,2025,4,Non-El Nino
2025-04-24,Maluku,0.0,Tidak,2025,4,Non-El Nino
2025-04-24,Papua,3.0,Tidak,2025,4,Non-El Nino
2025-04-25,Sumatera,27.0,Tidak,2025,4,Non-El Nino
2025-04-25,Jawa,0.0,Tidak,2025,4,Non-El Nino
2025-04-25,Kalimantan,1.0,Tidak,2025,4,Non-El Nino
2025-04-25,Sulawesi,5.0,Tidak,2025,4,Non-El Nino
2025-04-25,Bali-Nusa Tenggara,10.0,Tidak,2025,4,Non-El Nino
2025-04-25,Maluku,0.0,Tidak,2025,4,Non-El Nino
2025-04-25,Papua,0.0,Tidak,2025,4,Non-El Nino
2025-04-26,Sumatera,40.0,Tidak,2025,4,Non-El Nino
2025-04-26,Jawa,1.0,Tidak,2025,4,Non-El Nino
2025-04-26,Kalimantan,11.0,Tidak,2025,4,Non-El Nino
2025-04-26,Sulawesi,5.0,Tidak,2025,4,Non-El Nino
2025-04-26,Bali-Nusa Tenggara,7.0,Tidak,2025,4,Non-El Nino
2025-04-26,Maluku,3.0,Tidak,2025,4,Non-El Nino
2025-04-26,Papua,2.0,Tidak,2025,4,Non-El Nino
2025-04-27,Sumatera,49.0,Tidak,2025,4,Non-El Nino
2025-04-27,Jawa,7.0,Tidak,2025,4,Non-El Nino
2025-04-27,Kalimantan,25.0,Tidak,2025,4,Non-El Nino
2025-04-27,Sulawesi,4.0,Tidak,2025,4,Non-El Nino
2025-04-27,Bali-Nusa Tenggara,4.0,Tidak,2025,4,Non-El Nino
2025-04-27,Maluku,4.0,Tidak,2025,4,Non-El Nino
2025-04-27,Papua,2.0,Tidak,2025,4,Non-El Nino
2025-04-28,Sumatera,12.0,Tidak,2025,4,Non-El Nino
2025-04-28,Jawa,10.0,Tidak,2025,4,Non-El Nino
2025-04-28,Kalimantan,12.0,Tidak,2025,4,Non-El Nino
2025-04-28,Sulawesi,7.0,Tidak,2025,4,Non-El Nino
2025-04-28,Bali-Nusa Tenggara,3.0,Tidak,2025,4,Non-El Nino
2025-04-28,Maluku,3.0,Tidak,2025,4,Non-El Nino
2025-04-28,Papua,0.0,Tidak,2025,4,Non-El Nino
2025-04-29,Sumatera,24.0,Tidak,2025,4,Non-El Nino
2025-04-29,Jawa,0.0,Tidak,2025,4,Non-El Nino
2025-04-29,Kalimantan,7.0,Tidak,2025,4,Non-El Nino
2025-04-29,Sulawesi,6.0,Tidak,2025,4,Non-El Nino
2025-04-29,Bali-Nusa Tenggara,35.0,Tidak,2025,4,Non-El Nino
2025-04-29,Maluku,3.0,Tidak,2025,4,Non-El Nino
2025-04-29,Papua,0.0,Tidak,2025,4,Non-El Nino
2025-04-30,Sumatera,28.0,Tidak,2025,4,Non-El Nino
2025-04-30,Jawa,3.0,Tidak,2025,4,Non-El Nino
2025-04-30,Kalimantan,24.0,Tidak,2025,4,Non-El Nino
2025-04-30,Sulawesi,8.0,Tidak,2025,4,Non-El Nino
2025-04-30,Bali-Nusa Tenggara,6.0,Tidak,2025,4,Non-El Nino
2025-04-30,Maluku,2.0,Tidak,2025,4,Non-El Nino
2025-04-30,Papua,2.0,Tidak,2025,4,Non-El Nino
2025-05-01,Sumatera,42.0,Tidak,2025,5,Non-El Nino
2025-05-01,Jawa,4.0,Tidak,2025,5,Non-El Nino
2025-05-01,Kalimantan,18.0,Tidak,2025,5,Non-El Nino
2025-05-01,Sulawesi,10.0,Tidak,2025,5,Non-El Nino
2025-05-01,Bali-Nusa Tenggara,10.0,Tidak,2025,5,Non-El Nino
2025-05-01,Maluku,7.0,Tidak,2025,5,Non-El Nino
2025-05-01,Papua,1.0,Tidak,2025,5,Non-El Nino
2025-05-02,Sumatera,25.0,Tidak,2025,5,Non-El Nino
2025-05-02,Jawa,3.0,Tidak,2025,5,Non-El Nino
2025-05-02,Kalimantan,20.0,Tidak,2025,5,Non-El Nino
2025-05-02,Sulawesi,2.0,Tidak,2025,5,Non-El Nino
2025-05-02,Bali-Nusa Tenggara,6.0,Tidak,2025,5,Non-El Nino
2025-05-02,Maluku,6.0,Tidak,2025,5,Non-El Nino
2025-05-02,Papua,2.0,Tidak,2025,5,Non-El Nino
2025-05-03,Sumatera,22.0,Tidak,2025,5,Non-El Nino
2025-05-03,Jawa,11.0,Tidak,2025,5,Non-El Nino
2025-05-03,Kalimantan,57.0,Tidak,2025,5,Non-El Nino
2025-05-03,Sulawesi,4.0,Tidak,2025,5,Non-El Nino
2025-05-03,Bali-Nusa Tenggara,7.0,Tidak,2025,5,Non-El Nino
2025-05-03,Maluku,4.0,Tidak,2025,5,Non-El Nino
2025-05-03,Papua,6.0,Tidak,2025,5,Non-El Nino
2025-05-04,Sumatera,11.0,Tidak,2025,5,Non-El Nino
2025-05-04,Jawa,10.0,Tidak,2025,5,Non-El Nino
2025-05-04,Kalimantan,45.0,Tidak,2025,5,Non-El Nino
2025-05-04,Sulawesi,5.0,Tidak,2025,5,Non-El Nino
2025-05-04,Bali-Nusa Tenggara,10.0,Tidak,2025,5,Non-El Nino
2025-05-04,Maluku,2.0,Tidak,2025,5,Non-El Nino
2025-05-04,Papua,0.0,Tidak,2025,5,Non-El Nino
2025-05-05,Sumatera,33.0,Tidak,2025,5,Non-El Nino
2025-05-05,Jawa,5.0,Tidak,2025,5,Non-El Nino
2025-05-05,Kalimantan,28.0,Tidak,2025,5,Non-El Nino
2025-05-05,Sulawesi,4.0,Tidak,2025,5,Non-El Nino
2025-05-05,Bali-Nusa Tenggara,6.0,Tidak,2025,5,Non-El Nino
2025-05-05,Maluku,3.0,Tidak,2025,5,Non-El Nino
2025-05-05,Papua,1.0,Tidak,2025,5,Non-El Nino
2025-05-06,Sumatera,88.0,Tidak,2025,5,Non-El Nino
2025-05-06,Jawa,2.0,Tidak,2025,5,Non-El Nino
2025-05-06,Kalimantan,15.0,Tidak,2025,5,Non-El Nino
2025-05-06,Sulawesi,5.0,Tidak,2025,5,Non-El Nino
2025-05-06,Bali-Nusa Tenggara,1.0,Tidak,2025,5,Non-El Nino
2025-05-06,Maluku,1.0,Tidak,2025,5,Non-El Nino
2025-05-06,Papua,0.0,Tidak,2025,5,Non-El Nino
2025-05-07,Sumatera,82.0,Tidak,2025,5,Non-El Nino
2025-05-07,Jawa,2.0,Tidak,2025,5,Non-El Nino
2025-05-07,Kalimantan,42.0,Tidak,2025,5,Non-El Nino
2025-05-07,Sulawesi,5.0,Tidak,2025,5,Non-El Nino
2025-05-07,Bali-Nusa Tenggara,0.0,Tidak,2025,5,Non-El Nino
2025-05-07,Maluku,0.0,Tidak,2025,5,Non-El Nino
2025-05-07,Papua,2.0,Tidak,2025,5,Non-El Nino
2025-05-08,Sumatera,25.0,Tidak,2025,5,Non-El Nino
2025-05-08,Jawa,0.0,Tidak,2025,5,Non-El Nino
2025-05-08,Kalimantan,47.0,Tidak,2025,5,Non-El Nino
2025-05-08,Sulawesi,0.0,Tidak,2025,5,Non-El Nino
2025-05-08,Bali-Nusa Tenggara,5.0,Tidak,2025,5,Non-El Nino
2025-05-08,Maluku,3.0,Tidak,2025,5,Non-El Nino
2025-05-08,Papua,1.0,Tidak,2025,5,Non-El Nino
2025-05-09,Sumatera,13.0,Tidak,2025,5,Non-El Nino
2025-05-09,Jawa,0.0,Tidak,2025,5,Non-El Nino
2025-05-09,Kalimantan,23.0,Tidak,2025,5,Non-El Nino
2025-05-09,Sulawesi,7.0,Tidak,2025,5,Non-El Nino
2025-05-09,Bali-Nusa Tenggara,0.0,Tidak,2025,5,Non-El Nino
2025-05-09,Maluku,6.0,Tidak,2025,5,Non-El Nino
2025-05-09,Papua,1.0,Tidak,2025,5,Non-El Nino
2025-05-10,Sumatera,27.0,Tidak,2025,5,Non-El Nino
2025-05-10,Jawa,1.0,Tidak,2025,5,Non-El Nino
2025-05-10,Kalimantan,21.0,Tidak,2025,5,Non-El Nino
2025-05-10,Sulawesi,2.0,Tidak,2025,5,Non-El Nino
2025-05-10,Bali-Nusa Tenggara,1.0,Tidak,2025,5,Non-El Nino
2025-05-10,Maluku,0.0,Tidak,2025,5,Non-El Nino
2025-05-10,Papua,7.0,Tidak,2025,5,Non-El Nino
2025-05-11,Sumatera,11.0,Tidak,2025,5,Non-El Nino
2025-05-11,Jawa,0.0,Tidak,2025,5,Non-El Nino
2025-05-11,Kalimantan,34.0,Tidak,2025,5,Non-El Nino
2025-05-11,Sulawesi,14.0,Tidak,2025,5,Non-El Nino
2025-05-11,Bali-Nusa Tenggara,4.0,Tidak,2025,5,Non-El Nino
2025-05-11,Maluku,5.0,Tidak,2025,5,Non-El Nino
2025-05-11,Papua,0.0,Tidak,2025,5,Non-El Nino
2025-05-12,Sumatera,8.0,Tidak,2025,5,Non-El Nino
2025-05-12,Jawa,1.0,Tidak,2025,5,Non-El Nino
2025-05-12,Kalimantan,11.0,Tidak,2025,5,Non-El Nino
2025-05-12,Sulawesi,4.0,Tidak,2025,5,Non-El Nino
2025-05-12,Bali-Nusa Tenggara,3.0,Tidak,2025,5,Non-El Nino
2025-05-12,Maluku,3.0,Tidak,2025,5,Non-El Nino
2025-05-12,Papua,2.0,Tidak,2025,5,Non-El Nino
2025-05-13,Sumatera,13.0,Tidak,2025,5,Non-El Nino
2025-05-13,Jawa,2.0,Tidak,2025,5,Non-El Nino
2025-05-13,Kalimantan,33.0,Tidak,2025,5,Non-El Nino
2025-05-13,Sulawesi,2.0,Tidak,2025,5,Non-El Nino
2025-05-13,Bali-Nusa Tenggara,0.0,Tidak,2025,5,Non-El Nino
2025-05-13,Maluku,3.0,Tidak,2025,5,Non-El Nino
2025-05-13,Papua,5.0,Tidak,2025,5,Non-El Nino
2025-05-14,Sumatera,8.0,Tidak,2025,5,Non-El Nino
2025-05-14,Jawa,7.0,Tidak,2025,5,Non-El Nino
2025-05-14,Kalimantan,19.0,Tidak,2025,5,Non-El Nino
2025-05-14,Sulawesi,6.0,Tidak,2025,5,Non-El Nino
2025-05-14,Bali-Nusa Tenggara,2.0,Tidak,2025,5,Non-El Nino
2025-05-14,Maluku,2.0,Tidak,2025,5,Non-El Nino
2025-05-14,Papua,0.0,Tidak,2025,5,Non-El Nino
2025-05-15,Sumatera,12.0,Tidak,2025,5,Non-El Nino
2025-05-15,Jawa,0.0,Tidak,2025,5,Non-El Nino
2025-05-15,Kalimantan,19.0,Tidak,2025,5,Non-El Nino
2025-05-15,Sulawesi,3.0,Tidak,2025,5,Non-El Nino
2025-05-15,Bali-Nusa Tenggara,4.0,Tidak,2025,5,Non-El Nino
2025-05-15,Maluku,2.0,Tidak,2025,5,Non-El Nino
2025-05-15,Papua,0.0,Tidak,2025,5,Non-El Nino
2025-05-16,Sumatera,6.0,Tidak,2025,5,Non-El Nino
2025-05-16,Jawa,0.0,Tidak,2025,5,Non-El Nino
2025-05-16,Kalimantan,9.0,Tidak,2025,5,Non-El Nino
2025-05-16,Sulawesi,6.0,Tidak,2025,5,Non-El Nino
2025-05-16,Bali-Nusa Tenggara,12.0,Tidak,2025,5,Non-El Nino
2025-05-16,Maluku,0.0,Tidak,2025,5,Non-El Nino
2025-05-16,Papua,8.0,Tidak,2025,5,Non-El Nino
2025-05-17,Sumatera,76.0,Tidak,2025,5,Non-El Nino
2025-05-17,Jawa,1.0,Tidak,2025,5,Non-El Nino
2025-05-17,Kalimantan,10.0,Tidak,2025,5,Non-El Nino
2025-05-17,Sulawesi,5.0,Tidak,2025,5,Non-El Nino
2025-05-17,Bali-Nusa Tenggara,7.0,Tidak,2025,5,Non-El Nino
2025-05-17,Maluku,0.0,Tidak,2025,5,Non-El Nino
2025-05-17,Papua,0.0,Tidak,2025,5,Non-El Nino
2025-05-18,Sumatera,28.0,Tidak,2025,5,Non-El Nino
2025-05-18,Jawa,0.0,Tidak,2025,5,Non-El Nino
2025-05-18,Kalimantan,16.0,Tidak,2025,5,Non-El Nino
2025-05-18,Sulawesi,1.0,Tidak,2025,5,Non-El Nino
2025-05-18,Bali-Nusa Tenggara,1.0,Tidak,2025,5,Non-El Nino
2025-05-18,Maluku,2.0,Tidak,2025,5,Non-El Nino
2025-05-18,Papua,1.0,Tidak,2025,5,Non-El Nino
2025-05-19,Sumatera,20.0,Tidak,2025,5,Non-El Nino
2025-05-19,Jawa,3.0,Tidak,2025,5,Non-El Nino
2025-05-19,Kalimantan,21.0,Tidak,2025,5,Non-El Nino
2025-05-19,Sulawesi,0.0,Tidak,2025,5,Non-El Nino
2025-05-19,Bali-Nusa Tenggara,5.0,Tidak,2025,5,Non-El Nino
2025-05-19,Maluku,0.0,Tidak,2025,5,Non-El Nino
2025-05-19,Papua,3.0,Tidak,2025,5,Non-El Nino
2025-05-20,Sumatera,31.0,Tidak,2025,5,Non-El Nino
2025-05-20,Jawa,0.0,Tidak,2025,5,Non-El Nino
2025-05-20,Kalimantan,16.0,Tidak,2025,5,Non-El Nino
2025-05-20,Sulawesi,2.0,Tidak,2025,5,Non-El Nino
2025-05-20,Bali-Nusa Tenggara,10.0,Tidak,2025,5,Non-El Nino
2025-05-20,Maluku,0.0,Tidak,2025,5,Non-El Nino
2025-05-20,Papua,6.0,Tidak,2025,5,Non-El Nino
2025-05-21,Sumatera,62.0,Tidak,2025,5,Non-El Nino
2025-05-21,Jawa,2.0,Tidak,2025,5,Non-El Nino
2025-05-21,Kalimantan,14.0,Tidak,2025,5,Non-El Nino
2025-05-21,Sulawesi,11.0,Tidak,2025,5,Non-El Nino
2025-05-21,Bali-Nusa Tenggara,10.0,Tidak,2025,5,Non-El Nino
2025-05-21,Maluku,2.0,Tidak,2025,5,Non-El Nino
2025-05-21,Papua,2.0,Tidak,2025,5,Non-El Nino
2025-05-22,Sumatera,33.0,Tidak,2025,5,Non-El Nino
2025-05-22,Jawa,1.0,Tidak,2025,5,Non-El Nino
2025-05-22,Kalimantan,16.0,Tidak,2025,5,Non-El Nino
2025-05-22,Sulawesi,5.0,Tidak,2025,5,Non-El Nino
2025-05-22,Bali-Nusa Tenggara,6.0,Tidak,2025,5,Non-El Nino
2025-05-22,Maluku,1.0,Tidak,2025,5,Non-El Nino
2025-05-22,Papua,0.0,Tidak,2025,5,Non-El Nino
2025-05-23,Sumatera,7.0,Tidak,2025,5,Non-El Nino
2025-05-23,Jawa,1.0,Tidak,2025,5,Non-El Nino
2025-05-23,Kalimantan,12.0,Tidak,2025,5,Non-El Nino
2025-05-23,Sulawesi,3.0,Tidak,2025,5,Non-El Nino
2025-05-23,Bali-Nusa Tenggara,2.0,Tidak,2025,5,Non-El Nino
2025-05-23,Maluku,2.0,Tidak,2025,5,Non-El Nino
2025-05-23,Papua,4.0,Tidak,2025,5,Non-El Nino
2025-05-24,Sumatera,18.0,Tidak,2025,5,Non-El Nino
2025-05-24,Jawa,4.0,Tidak,2025,5,Non-El Nino
2025-05-24,Kalimantan,24.0,Tidak,2025,5,Non-El Nino
2025-05-24,Sulawesi,4.0,Tidak,2025,5,Non-El Nino
2025-05-24,Bali-Nusa Tenggara,4.0,Tidak,2025,5,Non-El Nino
2025-05-24,Maluku,1.0,Tidak,2025,5,Non-El Nino
2025-05-24,Papua,1.0,Tidak,2025,5,Non-El Nino
2025-05-25,Sumatera,37.0,Tidak,2025,5,Non-El Nino
2025-05-25,Jawa,6.0,Tidak,2025,5,Non-El Nino
2025-05-25,Kalimantan,57.0,Tidak,2025,5,Non-El Nino
2025-05-25,Sulawesi,0.0,Tidak,2025,5,Non-El Nino
2025-05-25,Bali-Nusa Tenggara,9.0,Tidak,2025,5,Non-El Nino
2025-05-25,Maluku,3.0,Tidak,2025,5,Non-El Nino
2025-05-25,Papua,2.0,Tidak,2025,5,Non-El Nino
2025-05-26,Sumatera,55.0,Tidak,2025,5,Non-El Nino
2025-05-26,Jawa,1.0,Tidak,2025,5,Non-El Nino
2025-05-26,Kalimantan,36.0,Tidak,2025,5,Non-El Nino
2025-05-26,Sulawesi,36.0,Tidak,2025,5,Non-El Nino
2025-05-26,Bali-Nusa Tenggara,2.0,Tidak,2025,5,Non-El Nino
2025-05-26,Maluku,0.0,Tidak,2025,5,Non-El Nino
2025-05-26,Papua,1.0,Tidak,2025,5,Non-El Nino
2025-05-27,Sumatera,148.0,Tidak,2025,5,Non-El Nino
2025-05-27,Jawa,3.0,Tidak,2025,5,Non-El Nino
2025-05-27,Kalimantan,19.0,Tidak,2025,5,Non-El Nino
2025-05-27,Sulawesi,13.0,Tidak,2025,5,Non-El Nino
2025-05-27,Bali-Nusa Tenggara,1.0,Tidak,2025,5,Non-El Nino
2025-05-27,Maluku,2.0,Tidak,2025,5,Non-El Nino
2025-05-27,Papua,3.0,Tidak,2025,5,Non-El Nino
2025-05-28,Sumatera,152.0,Tidak,2025,5,Non-El Nino
2025-05-28,Jawa,5.0,Tidak,2025,5,Non-El Nino
2025-05-28,Kalimantan,1.0,Tidak,2025,5,Non-El Nino
2025-05-28,Sulawesi,3.0,Tidak,2025,5,Non-El Nino
2025-05-28,Bali-Nusa Tenggara,0.0,Tidak,2025,5,Non-El Nino
2025-05-28,Maluku,5.0,Tidak,2025,5,Non-El Nino
2025-05-28,Papua,3.0,Tidak,2025,5,Non-El Nino
2025-05-29,Sumatera,62.0,Tidak,2025,5,Non-El Nino
2025-05-29,Jawa,4.0,Tidak,2025,5,Non-El Nino
2025-05-29,Kalimantan,29.0,Tidak,2025,5,Non-El Nino
2025-05-29,Sulawesi,6.0,Tidak,2025,5,Non-El Nino
2025-05-29,Bali-Nusa Tenggara,3.0,Tidak,2025,5,Non-El Nino
2025-05-29,Maluku,6.0,Tidak,2025,5,Non-El Nino
2025-05-29,Papua,3.0,Tidak,2025,5,Non-El Nino
2025-05-30,Sumatera,20.0,Tidak,2025,5,Non-El Nino
2025-05-30,Jawa,9.0,Tidak,2025,5,Non-El Nino
2025-05-30,Kalimantan,17.0,Tidak,2025,5,Non-El Nino
2025-05-30,Sulawesi,9.0,Tidak,2025,5,Non-El Nino
2025-05-30,Bali-Nusa Tenggara,2.0,Tidak,2025,5,Non-El Nino
2025-05-30,Maluku,0.0,Tidak,2025,5,Non-El Nino
2025-05-30,Papua,16.0,Tidak,2025,5,Non-El Nino
2025-05-31,Sumatera,57.0,Tidak,2025,5,Non-El Nino
2025-05-31,Jawa,5.0,Tidak,2025,5,Non-El Nino
2025-05-31,Kalimantan,9.0,Tidak,2025,5,Non-El Nino
2025-05-31,Sulawesi,8.0,Tidak,2025,5,Non-El Nino
2025-05-31,Bali-Nusa Tenggara,8.0,Tidak,2025,5,Non-El Nino
2025-05-31,Maluku,1.0,Tidak,2025,5,Non-El Nino
2025-05-31,Papua,7.0,Tidak,2025,5,Non-El Nino
2025-06-01,Sumatera,151.0,Tidak,2025,6,Non-El Nino
2025-06-01,Jawa,0.0,Tidak,2025,6,Non-El Nino
2025-06-01,Kalimantan,3.0,Tidak,2025,6,Non-El Nino
2025-06-01,Sulawesi,0.0,Tidak,2025,6,Non-El Nino
2025-06-01,Bali-Nusa Tenggara,6.0,Tidak,2025,6,Non-El Nino
2025-06-01,Maluku,1.0,Tidak,2025,6,Non-El Nino
2025-06-01,Papua,0.0,Tidak,2025,6,Non-El Nino
2025-06-02,Sumatera,270.0,Tidak,2025,6,Non-El Nino
2025-06-02,Jawa,6.0,Tidak,2025,6,Non-El Nino
2025-06-02,Kalimantan,1.0,Tidak,2025,6,Non-El Nino
2025-06-02,Sulawesi,0.0,Tidak,2025,6,Non-El Nino
2025-06-02,Bali-Nusa Tenggara,5.0,Tidak,2025,6,Non-El Nino
2025-06-02,Maluku,1.0,Tidak,2025,6,Non-El Nino
2025-06-02,Papua,0.0,Tidak,2025,6,Non-El Nino
2025-06-03,Sumatera,137.0,Tidak,2025,6,Non-El Nino
2025-06-03,Jawa,5.0,Tidak,2025,6,Non-El Nino
2025-06-03,Kalimantan,19.0,Tidak,2025,6,Non-El Nino
2025-06-03,Sulawesi,0.0,Tidak,2025,6,Non-El Nino
2025-06-03,Bali-Nusa Tenggara,4.0,Tidak,2025,6,Non-El Nino
2025-06-03,Maluku,0.0,Tidak,2025,6,Non-El Nino
2025-06-03,Papua,1.0,Tidak,2025,6,Non-El Nino
2025-06-04,Sumatera,63.0,Tidak,2025,6,Non-El Nino
2025-06-04,Jawa,11.0,Tidak,2025,6,Non-El Nino
2025-06-04,Kalimantan,34.0,Tidak,2025,6,Non-El Nino
2025-06-04,Sulawesi,0.0,Tidak,2025,6,Non-El Nino
2025-06-04,Bali-Nusa Tenggara,7.0,Tidak,2025,6,Non-El Nino
2025-06-04,Maluku,0.0,Tidak,2025,6,Non-El Nino
2025-06-04,Papua,1.0,Tidak,2025,6,Non-El Nino
2025-06-05,Sumatera,33.0,Tidak,2025,6,Non-El Nino
2025-06-05,Jawa,2.0,Tidak,2025,6,Non-El Nino
2025-06-05,Kalimantan,25.0,Tidak,2025,6,Non-El Nino
2025-06-05,Sulawesi,5.0,Tidak,2025,6,Non-El Nino
2025-06-05,Bali-Nusa Tenggara,12.0,Tidak,2025,6,Non-El Nino
2025-06-05,Maluku,2.0,Tidak,2025,6,Non-El Nino
2025-06-05,Papua,0.0,Tidak,2025,6,Non-El Nino
2025-06-06,Sumatera,27.0,Tidak,2025,6,Non-El Nino
2025-06-06,Jawa,4.0,Tidak,2025,6,Non-El Nino
2025-06-06,Kalimantan,11.0,Tidak,2025,6,Non-El Nino
2025-06-06,Sulawesi,13.0,Tidak,2025,6,Non-El Nino
2025-06-06,Bali-Nusa Tenggara,2.0,Tidak,2025,6,Non-El Nino
2025-06-06,Maluku,2.0,Tidak,2025,6,Non-El Nino
2025-06-06,Papua,0.0,Tidak,2025,6,Non-El Nino
2025-06-07,Sumatera,24.0,Tidak,2025,6,Non-El Nino
2025-06-07,Jawa,1.0,Tidak,2025,6,Non-El Nino
2025-06-07,Kalimantan,12.0,Tidak,2025,6,Non-El Nino
2025-06-07,Sulawesi,8.0,Tidak,2025,6,Non-El Nino
2025-06-07,Bali-Nusa Tenggara,18.0,Tidak,2025,6,Non-El Nino
2025-06-07,Maluku,3.0,Tidak,2025,6,Non-El Nino
2025-06-07,Papua,0.0,Tidak,2025,6,Non-El Nino
2025-06-08,Sumatera,82.0,Tidak,2025,6,Non-El Nino
2025-06-08,Jawa,2.0,Tidak,2025,6,Non-El Nino
2025-06-08,Kalimantan,46.0,Tidak,2025,6,Non-El Nino
2025-06-08,Sulawesi,6.0,Tidak,2025,6,Non-El Nino
2025-06-08,Bali-Nusa Tenggara,17.0,Tidak,2025,6,Non-El Nino
2025-06-08,Maluku,5.0,Tidak,2025,6,Non-El Nino
2025-06-08,Papua,1.0,Tidak,2025,6,Non-El Nino
2025-06-09,Sumatera,58.0,Tidak,2025,6,Non-El Nino
2025-06-09,Jawa,2.0,Tidak,2025,6,Non-El Nino
2025-06-09,Kalimantan,19.0,Tidak,2025,6,Non-El Nino
2025-06-09,Sulawesi,2.0,Tidak,2025,6,Non-El Nino
2025-06-09,Bali-Nusa Tenggara,14.0,Tidak,2025,6,Non-El Nino
2025-06-09,Maluku,3.0,Tidak,2025,6,Non-El Nino
2025-06-09,Papua,16.0,Tidak,2025,6,Non-El Nino
2025-06-10,Sumatera,26.0,Tidak,2025,6,Non-El Nino
2025-06-10,Jawa,7.0,Tidak,2025,6,Non-El Nino
2025-06-10,Kalimantan,52.0,Tidak,2025,6,Non-El Nino
2025-06-10,Sulawesi,4.0,Tidak,2025,6,Non-El Nino
2025-06-10,Bali-Nusa Tenggara,21.0,Tidak,2025,6,Non-El Nino
2025-06-10,Maluku,1.0,Tidak,2025,6,Non-El Nino
2025-06-10,Papua,8.0,Tidak,2025,6,Non-El Nino
2025-06-11,Sumatera,55.0,Tidak,2025,6,Non-El Nino
2025-06-11,Jawa,1.0,Tidak,2025,6,Non-El Nino
2025-06-11,Kalimantan,22.0,Tidak,2025,6,Non-El Nino
2025-06-11,Sulawesi,6.0,Tidak,2025,6,Non-El Nino
2025-06-11,Bali-Nusa Tenggara,36.0,Tidak,2025,6,Non-El Nino
2025-06-11,Maluku,2.0,Tidak,2025,6,Non-El Nino
2025-06-11,Papua,10.0,Tidak,2025,6,Non-El Nino
2025-06-12,Sumatera,81.0,Tidak,2025,6,Non-El Nino
2025-06-12,Jawa,3.0,Tidak,2025,6,Non-El Nino
2025-06-12,Kalimantan,53.0,Tidak,2025,6,Non-El Nino
2025-06-12,Sulawesi,8.0,Tidak,2025,6,Non-El Nino
2025-06-12,Bali-Nusa Tenggara,0.0,Tidak,2025,6,Non-El Nino
2025-06-12,Maluku,6.0,Tidak,2025,6,Non-El Nino
2025-06-12,Papua,3.0,Tidak,2025,6,Non-El Nino
2025-06-13,Sumatera,97.0,Tidak,2025,6,Non-El Nino
2025-06-13,Jawa,3.0,Tidak,2025,6,Non-El Nino
2025-06-13,Kalimantan,47.0,Tidak,2025,6,Non-El Nino
2025-06-13,Sulawesi,1.0,Tidak,2025,6,Non-El Nino
2025-06-13,Bali-Nusa Tenggara,7.0,Tidak,2025,6,Non-El Nino
2025-06-13,Maluku,1.0,Tidak,2025,6,Non-El Nino
2025-06-13,Papua,0.0,Tidak,2025,6,Non-El Nino
2025-06-14,Sumatera,65.0,Tidak,2025,6,Non-El Nino
2025-06-14,Jawa,1.0,Tidak,2025,6,Non-El Nino
2025-06-14,Kalimantan,20.0,Tidak,2025,6,Non-El Nino
2025-06-14,Sulawesi,2.0,Tidak,2025,6,Non-El Nino
2025-06-14,Bali-Nusa Tenggara,4.0,Tidak,2025,6,Non-El Nino
2025-06-14,Maluku,0.0,Tidak,2025,6,Non-El Nino
2025-06-14,Papua,0.0,Tidak,2025,6,Non-El Nino
2025-06-15,Sumatera,51.0,Tidak,2025,6,Non-El Nino
2025-06-15,Jawa,3.0,Tidak,2025,6,Non-El Nino
2025-06-15,Kalimantan,31.0,Tidak,2025,6,Non-El Nino
2025-06-15,Sulawesi,3.0,Tidak,2025,6,Non-El Nino
2025-06-15,Bali-Nusa Tenggara,2.0,Tidak,2025,6,Non-El Nino
2025-06-15,Maluku,0.0,Tidak,2025,6,Non-El Nino
2025-06-15,Papua,0.0,Tidak,2025,6,Non-El Nino
2025-06-16,Sumatera,12.0,Tidak,2025,6,Non-El Nino
2025-06-16,Jawa,3.0,Tidak,2025,6,Non-El Nino
2025-06-16,Kalimantan,23.0,Tidak,2025,6,Non-El Nino
2025-06-16,Sulawesi,13.0,Tidak,2025,6,Non-El Nino
2025-06-16,Bali-Nusa Tenggara,28.0,Tidak,2025,6,Non-El Nino
2025-06-16,Maluku,0.0,Tidak,2025,6,Non-El Nino
2025-06-16,Papua,2.0,Tidak,2025,6,Non-El Nino
2025-06-17,Sumatera,4.0,Tidak,2025,6,Non-El Nino
2025-06-17,Jawa,3.0,Tidak,2025,6,Non-El Nino
2025-06-17,Kalimantan,18.0,Tidak,2025,6,Non-El Nino
2025-06-17,Sulawesi,6.0,Tidak,2025,6,Non-El Nino
2025-06-17,Bali-Nusa Tenggara,105.0,Tidak,2025,6,Non-El Nino
2025-06-17,Maluku,0.0,Tidak,2025,6,Non-El Nino
2025-06-17,Papua,1.0,Tidak,2025,6,Non-El Nino
2025-06-18,Sumatera,22.0,Tidak,2025,6,Non-El Nino
2025-06-18,Jawa,2.0,Tidak,2025,6,Non-El Nino
2025-06-18,Kalimantan,5.0,Tidak,2025,6,Non-El Nino
2025-06-18,Sulawesi,2.0,Tidak,2025,6,Non-El Nino
2025-06-18,Bali-Nusa Tenggara,15.0,Tidak,2025,6,Non-El Nino
2025-06-18,Maluku,2.0,Tidak,2025,6,Non-El Nino
2025-06-18,Papua,1.0,Tidak,2025,6,Non-El Nino
2025-06-19,Sumatera,51.0,Tidak,2025,6,Non-El Nino
2025-06-19,Jawa,2.0,Tidak,2025,6,Non-El Nino
2025-06-19,Kalimantan,1.0,Tidak,2025,6,Non-El Nino
2025-06-19,Sulawesi,0.0,Tidak,2025,6,Non-El Nino
2025-06-19,Bali-Nusa Tenggara,5.0,Tidak,2025,6,Non-El Nino
2025-06-19,Maluku,3.0,Tidak,2025,6,Non-El Nino
2025-06-19,Papua,6.0,Tidak,2025,6,Non-El Nino
2025-06-20,Sumatera,44.0,Tidak,2025,6,Non-El Nino
2025-06-20,Jawa,6.0,Tidak,2025,6,Non-El Nino
2025-06-20,Kalimantan,1.0,Tidak,2025,6,Non-El Nino
2025-06-20,Sulawesi,1.0,Tidak,2025,6,Non-El Nino
2025-06-20,Bali-Nusa Tenggara,5.0,Tidak,2025,6,Non-El Nino
2025-06-20,Maluku,1.0,Tidak,2025,6,Non-El Nino
2025-06-20,Papua,13.0,Tidak,2025,6,Non-El Nino
2025-06-21,Sumatera,89.0,Tidak,2025,6,Non-El Nino
2025-06-21,Jawa,8.0,Tidak,2025,6,Non-El Nino
2025-06-21,Kalimantan,6.0,Tidak,2025,6,Non-El Nino
2025-06-21,Sulawesi,0.0,Tidak,2025,6,Non-El Nino
2025-06-21,Bali-Nusa Tenggara,7.0,Tidak,2025,6,Non-El Nino
2025-06-21,Maluku,0.0,Tidak,2025,6,Non-El Nino
2025-06-21,Papua,0.0,Tidak,2025,6,Non-El Nino
2025-06-22,Sumatera,183.0,Tidak,2025,6,Non-El Nino
2025-06-22,Jawa,3.0,Tidak,2025,6,Non-El Nino
2025-06-22,Kalimantan,13.0,Tidak,2025,6,Non-El Nino
2025-06-22,Sulawesi,1.0,Tidak,2025,6,Non-El Nino
2025-06-22,Bali-Nusa Tenggara,10.0,Tidak,2025,6,Non-El Nino
2025-06-22,Maluku,0.0,Tidak,2025,6,Non-El Nino
2025-06-22,Papua,0.0,Tidak,2025,6,Non-El Nino
2025-06-23,Sumatera,89.0,Tidak,2025,6,Non-El Nino
2025-06-23,Jawa,3.0,Tidak,2025,6,Non-El Nino
2025-06-23,Kalimantan,29.0,Tidak,2025,6,Non-El Nino
2025-06-23,Sulawesi,1.0,Tidak,2025,6,Non-El Nino
2025-06-23,Bali-Nusa Tenggara,8.0,Tidak,2025,6,Non-El Nino
2025-06-23,Maluku,0.0,Tidak,2025,6,Non-El Nino
2025-06-23,Papua,7.0,Tidak,2025,6,Non-El Nino
2025-06-24,Sumatera,169.0,Tidak,2025,6,Non-El Nino
2025-06-24,Jawa,2.0,Tidak,2025,6,Non-El Nino
2025-06-24,Kalimantan,28.0,Tidak,2025,6,Non-El Nino
2025-06-24,Sulawesi,0.0,Tidak,2025,6,Non-El Nino
2025-06-24,Bali-Nusa Tenggara,0.0,Tidak,2025,6,Non-El Nino
2025-06-24,Maluku,4.0,Tidak,2025,6,Non-El Nino
2025-06-24,Papua,0.0,Tidak,2025,6,Non-El Nino
2025-06-25,Sumatera,30.0,Tidak,2025,6,Non-El Nino
2025-06-25,Jawa,10.0,Tidak,2025,6,Non-El Nino
2025-06-25,Kalimantan,15.0,Tidak,2025,6,Non-El Nino
2025-06-25,Sulawesi,0.0,Tidak,2025,6,Non-El Nino
2025-06-25,Bali-Nusa Tenggara,3.0,Tidak,2025,6,Non-El Nino
2025-06-25,Maluku,0.0,Tidak,2025,6,Non-El Nino
2025-06-25,Papua,0.0,Tidak,2025,6,Non-El Nino
2025-06-26,Sumatera,97.0,Tidak,2025,6,Non-El Nino
2025-06-26,Jawa,5.0,Tidak,2025,6,Non-El Nino
2025-06-26,Kalimantan,42.0,Tidak,2025,6,Non-El Nino
2025-06-26,Sulawesi,3.0,Tidak,2025,6,Non-El Nino
2025-06-26,Bali-Nusa Tenggara,14.0,Tidak,2025,6,Non-El Nino
2025-06-26,Maluku,0.0,Tidak,2025,6,Non-El Nino
2025-06-26,Papua,16.0,Tidak,2025,6,Non-El Nino
2025-06-27,Sumatera,67.0,Tidak,2025,6,Non-El Nino
2025-06-27,Jawa,1.0,Tidak,2025,6,Non-El Nino
2025-06-27,Kalimantan,27.0,Tidak,2025,6,Non-El Nino
2025-06-27,Sulawesi,5.0,Tidak,2025,6,Non-El Nino
2025-06-27,Bali-Nusa Tenggara,12.0,Tidak,2025,6,Non-El Nino
2025-06-27,Maluku,1.0,Tidak,2025,6,Non-El Nino
2025-06-27,Papua,0.0,Tidak,2025,6,Non-El Nino
2025-06-28,Sumatera,148.0,Tidak,2025,6,Non-El Nino
2025-06-28,Jawa,1.0,Tidak,2025,6,Non-El Nino
2025-06-28,Kalimantan,16.0,Tidak,2025,6,Non-El Nino
2025-06-28,Sulawesi,12.0,Tidak,2025,6,Non-El Nino
2025-06-28,Bali-Nusa Tenggara,14.0,Tidak,2025,6,Non-El Nino
2025-06-28,Maluku,3.0,Tidak,2025,6,Non-El Nino
2025-06-28,Papua,0.0,Tidak,2025,6,Non-El Nino
2025-06-29,Sumatera,90.0,Tidak,2025,6,Non-El Nino
2025-06-29,Jawa,6.0,Tidak,2025,6,Non-El Nino
2025-06-29,Kalimantan,16.0,Tidak,2025,6,Non-El Nino
2025-06-29,Sulawesi,8.0,Tidak,2025,6,Non-El Nino
2025-06-29,Bali-Nusa Tenggara,12.0,Tidak,2025,6,Non-El Nino
2025-06-29,Maluku,1.0,Tidak,2025,6,Non-El Nino
2025-06-29,Papua,4.0,Tidak,2025,6,Non-El Nino
2025-06-30,Sumatera,179.0,Tidak,2025,6,Non-El Nino
2025-06-30,Jawa,9.0,Tidak,2025,6,Non-El Nino
2025-06-30,Kalimantan,5.0,Tidak,2025,6,Non-El Nino
2025-06-30,Sulawesi,0.0,Tidak,2025,6,Non-El Nino
2025-06-30,Bali-Nusa Tenggara,5.0,Tidak,2025,6,Non-El Nino
2025-06-30,Maluku,3.0,Tidak,2025,6,Non-El Nino
2025-06-30,Papua,1.0,Tidak,2025,6,Non-El Nino
2025-07-01,Sumatera,193.0,Tidak,2025,7,Non-El Nino
2025-07-01,Jawa,12.0,Tidak,2025,7,Non-El Nino
2025-07-01,Kalimantan,55.0,Tidak,2025,7,Non-El Nino
2025-07-01,Sulawesi,0.0,Tidak,2025,7,Non-El Nino
2025-07-01,Bali-Nusa Tenggara,10.0,Tidak,2025,7,Non-El Nino
2025-07-01,Maluku,0.0,Tidak,2025,7,Non-El Nino
2025-07-01,Papua,4.0,Tidak,2025,7,Non-El Nino
2025-07-02,Sumatera,58.0,Tidak,2025,7,Non-El Nino
2025-07-02,Jawa,8.0,Tidak,2025,7,Non-El Nino
2025-07-02,Kalimantan,89.0,Tidak,2025,7,Non-El Nino
2025-07-02,Sulawesi,0.0,Tidak,2025,7,Non-El Nino
2025-07-02,Bali-Nusa Tenggara,41.0,Tidak,2025,7,Non-El Nino
2025-07-02,Maluku,0.0,Tidak,2025,7,Non-El Nino
2025-07-02,Papua,0.0,Tidak,2025,7,Non-El Nino
2025-07-03,Sumatera,105.0,Tidak,2025,7,Non-El Nino
2025-07-03,Jawa,5.0,Tidak,2025,7,Non-El Nino
2025-07-03,Kalimantan,65.0,Tidak,2025,7,Non-El Nino
2025-07-03,Sulawesi,20.0,Tidak,2025,7,Non-El Nino
2025-07-03,Bali-Nusa Tenggara,14.0,Tidak,2025,7,Non-El Nino
2025-07-03,Maluku,0.0,Tidak,2025,7,Non-El Nino
2025-07-03,Papua,0.0,Tidak,2025,7,Non-El Nino
2025-07-04,Sumatera,91.0,Tidak,2025,7,Non-El Nino
2025-07-04,Jawa,0.0,Tidak,2025,7,Non-El Nino
2025-07-04,Kalimantan,16.0,Tidak,2025,7,Non-El Nino
2025-07-04,Sulawesi,2.0,Tidak,2025,7,Non-El Nino
2025-07-04,Bali-Nusa Tenggara,2.0,Tidak,2025,7,Non-El Nino
2025-07-04,Maluku,1.0,Tidak,2025,7,Non-El Nino
2025-07-04,Papua,3.0,Tidak,2025,7,Non-El Nino
2025-07-05,Sumatera,82.0,Tidak,2025,7,Non-El Nino
2025-07-05,Jawa,3.0,Tidak,2025,7,Non-El Nino
2025-07-05,Kalimantan,26.0,Tidak,2025,7,Non-El Nino
2025-07-05,Sulawesi,0.0,Tidak,2025,7,Non-El Nino
2025-07-05,Bali-Nusa Tenggara,8.0,Tidak,2025,7,Non-El Nino
2025-07-05,Maluku,6.0,Tidak,2025,7,Non-El Nino
2025-07-05,Papua,0.0,Tidak,2025,7,Non-El Nino
2025-07-06,Sumatera,64.0,Tidak,2025,7,Non-El Nino
2025-07-06,Jawa,1.0,Tidak,2025,7,Non-El Nino
2025-07-06,Kalimantan,126.0,Tidak,2025,7,Non-El Nino
2025-07-06,Sulawesi,1.0,Tidak,2025,7,Non-El Nino
2025-07-06,Bali-Nusa Tenggara,16.0,Tidak,2025,7,Non-El Nino
2025-07-06,Maluku,3.0,Tidak,2025,7,Non-El Nino
2025-07-06,Papua,1.0,Tidak,2025,7,Non-El Nino
2025-07-07,Sumatera,0.0,Tidak,2025,7,Non-El Nino
2025-07-07,Jawa,3.0,Tidak,2025,7,Non-El Nino
2025-07-07,Kalimantan,23.0,Tidak,2025,7,Non-El Nino
2025-07-07,Sulawesi,0.0,Tidak,2025,7,Non-El Nino
2025-07-07,Bali-Nusa Tenggara,91.0,Tidak,2025,7,Non-El Nino
2025-07-07,Maluku,0.0,Tidak,2025,7,Non-El Nino
2025-07-07,Papua,10.0,Tidak,2025,7,Non-El Nino
2025-07-08,Sumatera,41.0,Tidak,2025,7,Non-El Nino
2025-07-08,Jawa,5.0,Tidak,2025,7,Non-El Nino
2025-07-08,Kalimantan,58.0,Tidak,2025,7,Non-El Nino
2025-07-08,Sulawesi,3.0,Tidak,2025,7,Non-El Nino
2025-07-08,Bali-Nusa Tenggara,72.0,Tidak,2025,7,Non-El Nino
2025-07-08,Maluku,2.0,Tidak,2025,7,Non-El Nino
2025-07-08,Papua,0.0,Tidak,2025,7,Non-El Nino
2025-07-09,Sumatera,90.0,Tidak,2025,7,Non-El Nino
2025-07-09,Jawa,7.0,Tidak,2025,7,Non-El Nino
2025-07-09,Kalimantan,18.0,Tidak,2025,7,Non-El Nino
2025-07-09,Sulawesi,7.0,Tidak,2025,7,Non-El Nino
2025-07-09,Bali-Nusa Tenggara,60.0,Tidak,2025,7,Non-El Nino
2025-07-09,Maluku,1.0,Tidak,2025,7,Non-El Nino
2025-07-09,Papua,0.0,Tidak,2025,7,Non-El Nino
2025-07-10,Sumatera,116.0,Tidak,2025,7,Non-El Nino
2025-07-10,Jawa,16.0,Tidak,2025,7,Non-El Nino
2025-07-10,Kalimantan,13.0,Tidak,2025,7,Non-El Nino
2025-07-10,Sulawesi,1.0,Tidak,2025,7,Non-El Nino
2025-07-10,Bali-Nusa Tenggara,46.0,Tidak,2025,7,Non-El Nino
2025-07-10,Maluku,1.0,Tidak,2025,7,Non-El Nino
2025-07-10,Papua,0.0,Tidak,2025,7,Non-El Nino
2025-07-11,Sumatera,72.0,Tidak,2025,7,Non-El Nino
2025-07-11,Jawa,18.0,Tidak,2025,7,Non-El Nino
2025-07-11,Kalimantan,52.0,Tidak,2025,7,Non-El Nino
2025-07-11,Sulawesi,0.0,Tidak,2025,7,Non-El Nino
2025-07-11,Bali-Nusa Tenggara,28.0,Tidak,2025,7,Non-El Nino
2025-07-11,Maluku,15.0,Tidak,2025,7,Non-El Nino
2025-07-11,Papua,0.0,Tidak,2025,7,Non-El Nino
2025-07-12,Sumatera,20.0,Tidak,2025,7,Non-El Nino
2025-07-12,Jawa,5.0,Tidak,2025,7,Non-El Nino
2025-07-12,Kalimantan,70.0,Tidak,2025,7,Non-El Nino
2025-07-12,Sulawesi,5.0,Tidak,2025,7,Non-El Nino
2025-07-12,Bali-Nusa Tenggara,35.0,Tidak,2025,7,Non-El Nino
2025-07-12,Maluku,0.0,Tidak,2025,7,Non-El Nino
2025-07-12,Papua,5.0,Tidak,2025,7,Non-El Nino
2025-07-13,Sumatera,80.0,Tidak,2025,7,Non-El Nino
2025-07-13,Jawa,3.0,Tidak,2025,7,Non-El Nino
2025-07-13,Kalimantan,104.0,Tidak,2025,7,Non-El Nino
2025-07-13,Sulawesi,2.0,Tidak,2025,7,Non-El Nino
2025-07-13,Bali-Nusa Tenggara,80.0,Tidak,2025,7,Non-El Nino
2025-07-13,Maluku,0.0,Tidak,2025,7,Non-El Nino
2025-07-13,Papua,0.0,Tidak,2025,7,Non-El Nino
2025-07-14,Sumatera,19.0,Tidak,2025,7,Non-El Nino
2025-07-14,Jawa,3.0,Tidak,2025,7,Non-El Nino
2025-07-14,Kalimantan,30.0,Tidak,2025,7,Non-El Nino
2025-07-14,Sulawesi,8.0,Tidak,2025,7,Non-El Nino
2025-07-14,Bali-Nusa Tenggara,54.0,Tidak,2025,7,Non-El Nino
2025-07-14,Maluku,5.0,Tidak,2025,7,Non-El Nino
2025-07-14,Papua,0.0,Tidak,2025,7,Non-El Nino
2025-07-15,Sumatera,19.0,Tidak,2025,7,Non-El Nino
2025-07-15,Jawa,6.0,Tidak,2025,7,Non-El Nino
2025-07-15,Kalimantan,14.0,Tidak,2025,7,Non-El Nino
2025-07-15,Sulawesi,1.0,Tidak,2025,7,Non-El Nino
2025-07-15,Bali-Nusa Tenggara,78.0,Tidak,2025,7,Non-El Nino
2025-07-15,Maluku,5.0,Tidak,2025,7,Non-El Nino
2025-07-15,Papua,4.0,Tidak,2025,7,Non-El Nino
2025-07-16,Sumatera,225.0,Tidak,2025,7,Non-El Nino
2025-07-16,Jawa,21.0,Tidak,2025,7,Non-El Nino
2025-07-16,Kalimantan,50.0,Tidak,2025,7,Non-El Nino
2025-07-16,Sulawesi,4.0,Tidak,2025,7,Non-El Nino
2025-07-16,Bali-Nusa Tenggara,28.0,Tidak,2025,7,Non-El Nino
2025-07-16,Maluku,4.0,Tidak,2025,7,Non-El Nino
2025-07-16,Papua,0.0,Tidak,2025,7,Non-El Nino
2025-07-17,Sumatera,208.0,Tidak,2025,7,Non-El Nino
2025-07-17,Jawa,13.0,Tidak,2025,7,Non-El Nino
2025-07-17,Kalimantan,20.0,Tidak,2025,7,Non-El Nino
2025-07-17,Sulawesi,14.0,Tidak,2025,7,Non-El Nino
2025-07-17,Bali-Nusa Tenggara,80.0,Tidak,2025,7,Non-El Nino
2025-07-17,Maluku,2.0,Tidak,2025,7,Non-El Nino
2025-07-17,Papua,1.0,Tidak,2025,7,Non-El Nino
2025-07-18,Sumatera,789.0,Tidak,2025,7,Non-El Nino
2025-07-18,Jawa,9.0,Tidak,2025,7,Non-El Nino
2025-07-18,Kalimantan,19.0,Tidak,2025,7,Non-El Nino
2025-07-18,Sulawesi,25.0,Tidak,2025,7,Non-El Nino
2025-07-18,Bali-Nusa Tenggara,106.0,Tidak,2025,7,Non-El Nino
2025-07-18,Maluku,0.0,Tidak,2025,7,Non-El Nino
2025-07-18,Papua,5.0,Tidak,2025,7,Non-El Nino
2025-07-19,Sumatera,1270.0,Tidak,2025,7,Non-El Nino
2025-07-19,Jawa,20.0,Tidak,2025,7,Non-El Nino
2025-07-19,Kalimantan,73.0,Tidak,2025,7,Non-El Nino
2025-07-19,Sulawesi,62.0,Tidak,2025,7,Non-El Nino
2025-07-19,Bali-Nusa Tenggara,107.0,Tidak,2025,7,Non-El Nino
2025-07-19,Maluku,2.0,Tidak,2025,7,Non-El Nino
2025-07-19,Papua,0.0,Tidak,2025,7,Non-El Nino
2025-07-20,Sumatera,533.0,Tidak,2025,7,Non-El Nino
2025-07-20,Jawa,25.0,Tidak,2025,7,Non-El Nino
2025-07-20,Kalimantan,342.0,Tidak,2025,7,Non-El Nino
2025-07-20,Sulawesi,54.0,Tidak,2025,7,Non-El Nino
2025-07-20,Bali-Nusa Tenggara,47.0,Tidak,2025,7,Non-El Nino
2025-07-20,Maluku,10.0,Tidak,2025,7,Non-El Nino
2025-07-20,Papua,0.0,Tidak,2025,7,Non-El Nino
2025-07-21,Sumatera,569.0,Tidak,2025,7,Non-El Nino
2025-07-21,Jawa,32.0,Tidak,2025,7,Non-El Nino
2025-07-21,Kalimantan,393.0,Tidak,2025,7,Non-El Nino
2025-07-21,Sulawesi,35.0,Tidak,2025,7,Non-El Nino
2025-07-21,Bali-Nusa Tenggara,24.0,Tidak,2025,7,Non-El Nino
2025-07-21,Maluku,28.0,Tidak,2025,7,Non-El Nino
2025-07-21,Papua,3.0,Tidak,2025,7,Non-El Nino
2025-07-22,Sumatera,445.0,Tidak,2025,7,Non-El Nino
2025-07-22,Jawa,28.0,Tidak,2025,7,Non-El Nino
2025-07-22,Kalimantan,479.0,Tidak,2025,7,Non-El Nino
2025-07-22,Sulawesi,26.0,Tidak,2025,7,Non-El Nino
2025-07-22,Bali-Nusa Tenggara,31.0,Tidak,2025,7,Non-El Nino
2025-07-22,Maluku,11.0,Tidak,2025,7,Non-El Nino
2025-07-22,Papua,4.0,Tidak,2025,7,Non-El Nino
2025-07-23,Sumatera,354.0,Tidak,2025,7,Non-El Nino
2025-07-23,Jawa,13.0,Tidak,2025,7,Non-El Nino
2025-07-23,Kalimantan,556.0,Tidak,2025,7,Non-El Nino
2025-07-23,Sulawesi,31.0,Tidak,2025,7,Non-El Nino
2025-07-23,Bali-Nusa Tenggara,54.0,Tidak,2025,7,Non-El Nino
2025-07-23,Maluku,9.0,Tidak,2025,7,Non-El Nino
2025-07-23,Papua,3.0,Tidak,2025,7,Non-El Nino
2025-07-24,Sumatera,277.0,Tidak,2025,7,Non-El Nino
2025-07-24,Jawa,12.0,Tidak,2025,7,Non-El Nino
2025-07-24,Kalimantan,524.0,Tidak,2025,7,Non-El Nino
2025-07-24,Sulawesi,59.0,Tidak,2025,7,Non-El Nino
2025-07-24,Bali-Nusa Tenggara,61.0,Tidak,2025,7,Non-El Nino
2025-07-24,Maluku,5.0,Tidak,2025,7,Non-El Nino
2025-07-24,Papua,0.0,Tidak,2025,7,Non-El Nino
2025-07-25,Sumatera,133.0,Tidak,2025,7,Non-El Nino
2025-07-25,Jawa,14.0,Tidak,2025,7,Non-El Nino
2025-07-25,Kalimantan,344.0,Tidak,2025,7,Non-El Nino
2025-07-25,Sulawesi,52.0,Tidak,2025,7,Non-El Nino
2025-07-25,Bali-Nusa Tenggara,47.0,Tidak,2025,7,Non-El Nino
2025-07-25,Maluku,5.0,Tidak,2025,7,Non-El Nino
2025-07-25,Papua,3.0,Tidak,2025,7,Non-El Nino
2025-07-26,Sumatera,186.0,Tidak,2025,7,Non-El Nino
2025-07-26,Jawa,18.0,Tidak,2025,7,Non-El Nino
2025-07-26,Kalimantan,516.0,Tidak,2025,7,Non-El Nino
2025-07-26,Sulawesi,38.0,Tidak,2025,7,Non-El Nino
2025-07-26,Bali-Nusa Tenggara,39.0,Tidak,2025,7,Non-El Nino
2025-07-26,Maluku,6.0,Tidak,2025,7,Non-El Nino
2025-07-26,Papua,0.0,Tidak,2025,7,Non-El Nino
2025-07-27,Sumatera,96.0,Tidak,2025,7,Non-El Nino
2025-07-27,Jawa,23.0,Tidak,2025,7,Non-El Nino
2025-07-27,Kalimantan,425.0,Tidak,2025,7,Non-El Nino
2025-07-27,Sulawesi,3.0,Tidak,2025,7,Non-El Nino
2025-07-27,Bali-Nusa Tenggara,34.0,Tidak,2025,7,Non-El Nino
2025-07-27,Maluku,0.0,Tidak,2025,7,Non-El Nino
2025-07-27,Papua,0.0,Tidak,2025,7,Non-El Nino
2025-07-28,Sumatera,219.0,Tidak,2025,7,Non-El Nino
2025-07-28,Jawa,20.0,Tidak,2025,7,Non-El Nino
2025-07-28,Kalimantan,591.0,Tidak,2025,7,Non-El Nino
2025-07-28,Sulawesi,18.0,Tidak,2025,7,Non-El Nino
2025-07-28,Bali-Nusa Tenggara,33.0,Tidak,2025,7,Non-El Nino
2025-07-28,Maluku,5.0,Tidak,2025,7,Non-El Nino
2025-07-28,Papua,30.0,Tidak,2025,7,Non-El Nino
2025-07-29,Sumatera,276.0,Tidak,2025,7,Non-El Nino
2025-07-29,Jawa,9.0,Tidak,2025,7,Non-El Nino
2025-07-29,Kalimantan,1081.0,Tidak,2025,7,Non-El Nino
2025-07-29,Sulawesi,59.0,Tidak,2025,7,Non-El Nino
2025-07-29,Bali-Nusa Tenggara,55.0,Tidak,2025,7,Non-El Nino
2025-07-29,Maluku,10.0,Tidak,2025,7,Non-El Nino
2025-07-29,Papua,42.0,Tidak,2025,7,Non-El Nino
2025-07-30,Sumatera,131.0,Tidak,2025,7,Non-El Nino
2025-07-30,Jawa,16.0,Tidak,2025,7,Non-El Nino
2025-07-30,Kalimantan,913.0,Tidak,2025,7,Non-El Nino
2025-07-30,Sulawesi,29.0,Tidak,2025,7,Non-El Nino
2025-07-30,Bali-Nusa Tenggara,20.0,Tidak,2025,7,Non-El Nino
2025-07-30,Maluku,7.0,Tidak,2025,7,Non-El Nino
2025-07-30,Papua,10.0,Tidak,2025,7,Non-El Nino
2025-07-31,Sumatera,125.0,Tidak,2025,7,Non-El Nino
2025-07-31,Jawa,21.0,Tidak,2025,7,Non-El Nino
2025-07-31,Kalimantan,506.0,Tidak,2025,7,Non-El Nino
2025-07-31,Sulawesi,22.0,Tidak,2025,7,Non-El Nino
2025-07-31,Bali-Nusa Tenggara,20.0,Tidak,2025,7,Non-El Nino
2025-07-31,Maluku,11.0,Tidak,2025,7,Non-El Nino
2025-07-31,Papua,2.0,Tidak,2025,7,Non-El Nino
2025-08-01,Sumatera,108.0,Tidak,2025,8,Non-El Nino
2025-08-01,Jawa,51.0,Tidak,2025,8,Non-El Nino
2025-08-01,Kalimantan,583.0,Tidak,2025,8,Non-El Nino
2025-08-01,Sulawesi,11.0,Tidak,2025,8,Non-El Nino
2025-08-01,Bali-Nusa Tenggara,37.0,Tidak,2025,8,Non-El Nino
2025-08-01,Maluku,5.0,Tidak,2025,8,Non-El Nino
2025-08-01,Papua,12.0,Tidak,2025,8,Non-El Nino
2025-08-02,Sumatera,401.0,Tidak,2025,8,Non-El Nino
2025-08-02,Jawa,64.0,Tidak,2025,8,Non-El Nino
2025-08-02,Kalimantan,148.0,Tidak,2025,8,Non-El Nino
2025-08-02,Sulawesi,28.0,Tidak,2025,8,Non-El Nino
2025-08-02,Bali-Nusa Tenggara,79.0,Tidak,2025,8,Non-El Nino
2025-08-02,Maluku,6.0,Tidak,2025,8,Non-El Nino
2025-08-02,Papua,24.0,Tidak,2025,8,Non-El Nino
2025-08-03,Sumatera,127.0,Tidak,2025,8,Non-El Nino
2025-08-03,Jawa,20.0,Tidak,2025,8,Non-El Nino
2025-08-03,Kalimantan,72.0,Tidak,2025,8,Non-El Nino
2025-08-03,Sulawesi,7.0,Tidak,2025,8,Non-El Nino
2025-08-03,Bali-Nusa Tenggara,78.0,Tidak,2025,8,Non-El Nino
2025-08-03,Maluku,1.0,Tidak,2025,8,Non-El Nino
2025-08-03,Papua,10.0,Tidak,2025,8,Non-El Nino
2025-08-04,Sumatera,25.0,Tidak,2025,8,Non-El Nino
2025-08-04,Jawa,10.0,Tidak,2025,8,Non-El Nino
2025-08-04,Kalimantan,13.0,Tidak,2025,8,Non-El Nino
2025-08-04,Sulawesi,19.0,Tidak,2025,8,Non-El Nino
2025-08-04,Bali-Nusa Tenggara,90.0,Tidak,2025,8,Non-El Nino
2025-08-04,Maluku,5.0,Tidak,2025,8,Non-El Nino
2025-08-04,Papua,17.0,Tidak,2025,8,Non-El Nino
2025-08-05,Sumatera,29.0,Tidak,2025,8,Non-El Nino
2025-08-05,Jawa,6.0,Tidak,2025,8,Non-El Nino
2025-08-05,Kalimantan,54.0,Tidak,2025,8,Non-El Nino
2025-08-05,Sulawesi,34.0,Tidak,2025,8,Non-El Nino
2025-08-05,Bali-Nusa Tenggara,100.0,Tidak,2025,8,Non-El Nino
2025-08-05,Maluku,7.0,Tidak,2025,8,Non-El Nino
2025-08-05,Papua,33.0,Tidak,2025,8,Non-El Nino
2025-08-06,Sumatera,66.0,Tidak,2025,8,Non-El Nino
2025-08-06,Jawa,37.0,Tidak,2025,8,Non-El Nino
2025-08-06,Kalimantan,118.0,Tidak,2025,8,Non-El Nino
2025-08-06,Sulawesi,6.0,Tidak,2025,8,Non-El Nino
2025-08-06,Bali-Nusa Tenggara,93.0,Tidak,2025,8,Non-El Nino
2025-08-06,Maluku,9.0,Tidak,2025,8,Non-El Nino
2025-08-06,Papua,15.0,Tidak,2025,8,Non-El Nino
2025-08-07,Sumatera,61.0,Tidak,2025,8,Non-El Nino
2025-08-07,Jawa,51.0,Tidak,2025,8,Non-El Nino
2025-08-07,Kalimantan,748.0,Tidak,2025,8,Non-El Nino
2025-08-07,Sulawesi,6.0,Tidak,2025,8,Non-El Nino
2025-08-07,Bali-Nusa Tenggara,46.0,Tidak,2025,8,Non-El Nino
2025-08-07,Maluku,7.0,Tidak,2025,8,Non-El Nino
2025-08-07,Papua,0.0,Tidak,2025,8,Non-El Nino
2025-08-08,Sumatera,28.0,Tidak,2025,8,Non-El Nino
2025-08-08,Jawa,24.0,Tidak,2025,8,Non-El Nino
2025-08-08,Kalimantan,253.0,Tidak,2025,8,Non-El Nino
2025-08-08,Sulawesi,9.0,Tidak,2025,8,Non-El Nino
2025-08-08,Bali-Nusa Tenggara,81.0,Tidak,2025,8,Non-El Nino
2025-08-08,Maluku,1.0,Tidak,2025,8,Non-El Nino
2025-08-08,Papua,14.0,Tidak,2025,8,Non-El Nino
2025-08-09,Sumatera,82.0,Tidak,2025,8,Non-El Nino
2025-08-09,Jawa,21.0,Tidak,2025,8,Non-El Nino
2025-08-09,Kalimantan,7.0,Tidak,2025,8,Non-El Nino
2025-08-09,Sulawesi,3.0,Tidak,2025,8,Non-El Nino
2025-08-09,Bali-Nusa Tenggara,144.0,Tidak,2025,8,Non-El Nino
2025-08-09,Maluku,4.0,Tidak,2025,8,Non-El Nino
2025-08-09,Papua,9.0,Tidak,2025,8,Non-El Nino
2025-08-10,Sumatera,107.0,Tidak,2025,8,Non-El Nino
2025-08-10,Jawa,17.0,Tidak,2025,8,Non-El Nino
2025-08-10,Kalimantan,73.0,Tidak,2025,8,Non-El Nino
2025-08-10,Sulawesi,5.0,Tidak,2025,8,Non-El Nino
2025-08-10,Bali-Nusa Tenggara,95.0,Tidak,2025,8,Non-El Nino
2025-08-10,Maluku,12.0,Tidak,2025,8,Non-El Nino
2025-08-10,Papua,0.0,Tidak,2025,8,Non-El Nino
2025-08-11,Sumatera,14.0,Tidak,2025,8,Non-El Nino
2025-08-11,Jawa,13.0,Tidak,2025,8,Non-El Nino
2025-08-11,Kalimantan,62.0,Tidak,2025,8,Non-El Nino
2025-08-11,Sulawesi,10.0,Tidak,2025,8,Non-El Nino
2025-08-11,Bali-Nusa Tenggara,195.0,Tidak,2025,8,Non-El Nino
2025-08-11,Maluku,36.0,Tidak,2025,8,Non-El Nino
2025-08-11,Papua,7.0,Tidak,2025,8,Non-El Nino
2025-08-12,Sumatera,47.0,Tidak,2025,8,Non-El Nino
2025-08-12,Jawa,28.0,Tidak,2025,8,Non-El Nino
2025-08-12,Kalimantan,2.0,Tidak,2025,8,Non-El Nino
2025-08-12,Sulawesi,13.0,Tidak,2025,8,Non-El Nino
2025-08-12,Bali-Nusa Tenggara,315.0,Tidak,2025,8,Non-El Nino
2025-08-12,Maluku,12.0,Tidak,2025,8,Non-El Nino
2025-08-12,Papua,7.0,Tidak,2025,8,Non-El Nino
2025-08-13,Sumatera,17.0,Tidak,2025,8,Non-El Nino
2025-08-13,Jawa,17.0,Tidak,2025,8,Non-El Nino
2025-08-13,Kalimantan,8.0,Tidak,2025,8,Non-El Nino
2025-08-13,Sulawesi,46.0,Tidak,2025,8,Non-El Nino
2025-08-13,Bali-Nusa Tenggara,462.0,Tidak,2025,8,Non-El Nino
2025-08-13,Maluku,11.0,Tidak,2025,8,Non-El Nino
2025-08-13,Papua,1.0,Tidak,2025,8,Non-El Nino
2025-08-14,Sumatera,52.0,Tidak,2025,8,Non-El Nino
2025-08-14,Jawa,33.0,Tidak,2025,8,Non-El Nino
2025-08-14,Kalimantan,18.0,Tidak,2025,8,Non-El Nino
2025-08-14,Sulawesi,81.0,Tidak,2025,8,Non-El Nino
2025-08-14,Bali-Nusa Tenggara,249.0,Tidak,2025,8,Non-El Nino
2025-08-14,Maluku,5.0,Tidak,2025,8,Non-El Nino
2025-08-14,Papua,5.0,Tidak,2025,8,Non-El Nino
2025-08-15,Sumatera,58.0,Tidak,2025,8,Non-El Nino
2025-08-15,Jawa,50.0,Tidak,2025,8,Non-El Nino
2025-08-15,Kalimantan,13.0,Tidak,2025,8,Non-El Nino
2025-08-15,Sulawesi,10.0,Tidak,2025,8,Non-El Nino
2025-08-15,Bali-Nusa Tenggara,165.0,Tidak,2025,8,Non-El Nino
2025-08-15,Maluku,11.0,Tidak,2025,8,Non-El Nino
2025-08-15,Papua,1.0,Tidak,2025,8,Non-El Nino
2025-08-16,Sumatera,107.0,Tidak,2025,8,Non-El Nino
2025-08-16,Jawa,42.0,Tidak,2025,8,Non-El Nino
2025-08-16,Kalimantan,71.0,Tidak,2025,8,Non-El Nino
2025-08-16,Sulawesi,4.0,Tidak,2025,8,Non-El Nino
2025-08-16,Bali-Nusa Tenggara,142.0,Tidak,2025,8,Non-El Nino
2025-08-16,Maluku,11.0,Tidak,2025,8,Non-El Nino
2025-08-16,Papua,7.0,Tidak,2025,8,Non-El Nino
2025-08-17,Sumatera,119.0,Tidak,2025,8,Non-El Nino
2025-08-17,Jawa,44.0,Tidak,2025,8,Non-El Nino
2025-08-17,Kalimantan,258.0,Tidak,2025,8,Non-El Nino
2025-08-17,Sulawesi,2.0,Tidak,2025,8,Non-El Nino
2025-08-17,Bali-Nusa Tenggara,101.0,Tidak,2025,8,Non-El Nino
2025-08-17,Maluku,6.0,Tidak,2025,8,Non-El Nino
2025-08-17,Papua,31.0,Tidak,2025,8,Non-El Nino
2025-08-18,Sumatera,268.0,Tidak,2025,8,Non-El Nino
2025-08-18,Jawa,22.0,Tidak,2025,8,Non-El Nino
2025-08-18,Kalimantan,120.0,Tidak,2025,8,Non-El Nino
2025-08-18,Sulawesi,0.0,Tidak,2025,8,Non-El Nino
2025-08-18,Bali-Nusa Tenggara,63.0,Tidak,2025,8,Non-El Nino
2025-08-18,Maluku,12.0,Tidak,2025,8,Non-El Nino
2025-08-18,Papua,42.0,Tidak,2025,8,Non-El Nino
2025-08-19,Sumatera,62.0,Tidak,2025,8,Non-El Nino
2025-08-19,Jawa,5.0,Tidak,2025,8,Non-El Nino
2025-08-19,Kalimantan,34.0,Tidak,2025,8,Non-El Nino
2025-08-19,Sulawesi,23.0,Tidak,2025,8,Non-El Nino
2025-08-19,Bali-Nusa Tenggara,151.0,Tidak,2025,8,Non-El Nino
2025-08-19,Maluku,5.0,Tidak,2025,8,Non-El Nino
2025-08-19,Papua,23.0,Tidak,2025,8,Non-El Nino
2025-08-20,Sumatera,127.0,Tidak,2025,8,Non-El Nino
2025-08-20,Jawa,10.0,Tidak,2025,8,Non-El Nino
2025-08-20,Kalimantan,5.0,Tidak,2025,8,Non-El Nino
2025-08-20,Sulawesi,30.0,Tidak,2025,8,Non-El Nino
2025-08-20,Bali-Nusa Tenggara,146.0,Tidak,2025,8,Non-El Nino
2025-08-20,Maluku,8.0,Tidak,2025,8,Non-El Nino
2025-08-20,Papua,3.0,Tidak,2025,8,Non-El Nino
2025-08-21,Sumatera,161.0,Tidak,2025,8,Non-El Nino
2025-08-21,Jawa,13.0,Tidak,2025,8,Non-El Nino
2025-08-21,Kalimantan,3.0,Tidak,2025,8,Non-El Nino
2025-08-21,Sulawesi,7.0,Tidak,2025,8,Non-El Nino
2025-08-21,Bali-Nusa Tenggara,104.0,Tidak,2025,8,Non-El Nino
2025-08-21,Maluku,7.0,Tidak,2025,8,Non-El Nino
2025-08-21,Papua,0.0,Tidak,2025,8,Non-El Nino
2025-08-22,Sumatera,303.0,Tidak,2025,8,Non-El Nino
2025-08-22,Jawa,19.0,Tidak,2025,8,Non-El Nino
2025-08-22,Kalimantan,187.0,Tidak,2025,8,Non-El Nino
2025-08-22,Sulawesi,8.0,Tidak,2025,8,Non-El Nino
2025-08-22,Bali-Nusa Tenggara,63.0,Tidak,2025,8,Non-El Nino
2025-08-22,Maluku,2.0,Tidak,2025,8,Non-El Nino
2025-08-22,Papua,1.0,Tidak,2025,8,Non-El Nino
2025-08-23,Sumatera,117.0,Tidak,2025,8,Non-El Nino
2025-08-23,Jawa,51.0,Tidak,2025,8,Non-El Nino
2025-08-23,Kalimantan,660.0,Tidak,2025,8,Non-El Nino
2025-08-23,Sulawesi,0.0,Tidak,2025,8,Non-El Nino
2025-08-23,Bali-Nusa Tenggara,103.0,Tidak,2025,8,Non-El Nino
2025-08-23,Maluku,3.0,Tidak,2025,8,Non-El Nino
2025-08-23,Papua,0.0,Tidak,2025,8,Non-El Nino
2025-08-24,Sumatera,14.0,Tidak,2025,8,Non-El Nino
2025-08-24,Jawa,18.0,Tidak,2025,8,Non-El Nino
2025-08-24,Kalimantan,242.0,Tidak,2025,8,Non-El Nino
2025-08-24,Sulawesi,0.0,Tidak,2025,8,Non-El Nino
2025-08-24,Bali-Nusa Tenggara,109.0,Tidak,2025,8,Non-El Nino
2025-08-24,Maluku,0.0,Tidak,2025,8,Non-El Nino
2025-08-24,Papua,4.0,Tidak,2025,8,Non-El Nino
2025-08-25,Sumatera,94.0,Tidak,2025,8,Non-El Nino
2025-08-25,Jawa,13.0,Tidak,2025,8,Non-El Nino
2025-08-25,Kalimantan,10.0,Tidak,2025,8,Non-El Nino
2025-08-25,Sulawesi,0.0,Tidak,2025,8,Non-El Nino
2025-08-25,Bali-Nusa Tenggara,40.0,Tidak,2025,8,Non-El Nino
2025-08-25,Maluku,0.0,Tidak,2025,8,Non-El Nino
2025-08-25,Papua,6.0,Tidak,2025,8,Non-El Nino
2025-08-26,Sumatera,375.0,Tidak,2025,8,Non-El Nino
2025-08-26,Jawa,40.0,Tidak,2025,8,Non-El Nino
2025-08-26,Kalimantan,202.0,Tidak,2025,8,Non-El Nino
2025-08-26,Sulawesi,1.0,Tidak,2025,8,Non-El Nino
2025-08-26,Bali-Nusa Tenggara,93.0,Tidak,2025,8,Non-El Nino
2025-08-26,Maluku,4.0,Tidak,2025,8,Non-El Nino
2025-08-26,Papua,0.0,Tidak,2025,8,Non-El Nino
2025-08-27,Sumatera,316.0,Tidak,2025,8,Non-El Nino
2025-08-27,Jawa,30.0,Tidak,2025,8,Non-El Nino
2025-08-27,Kalimantan,1153.0,Tidak,2025,8,Non-El Nino
2025-08-27,Sulawesi,3.0,Tidak,2025,8,Non-El Nino
2025-08-27,Bali-Nusa Tenggara,85.0,Tidak,2025,8,Non-El Nino
2025-08-27,Maluku,14.0,Tidak,2025,8,Non-El Nino
2025-08-27,Papua,3.0,Tidak,2025,8,Non-El Nino
2025-08-28,Sumatera,144.0,Tidak,2025,8,Non-El Nino
2025-08-28,Jawa,28.0,Tidak,2025,8,Non-El Nino
2025-08-28,Kalimantan,2666.0,Tidak,2025,8,Non-El Nino
2025-08-28,Sulawesi,4.0,Tidak,2025,8,Non-El Nino
2025-08-28,Bali-Nusa Tenggara,36.0,Tidak,2025,8,Non-El Nino
2025-08-28,Maluku,3.0,Tidak,2025,8,Non-El Nino
2025-08-28,Papua,10.0,Tidak,2025,8,Non-El Nino
2025-08-29,Sumatera,55.0,Tidak,2025,8,Non-El Nino
2025-08-29,Jawa,22.0,Tidak,2025,8,Non-El Nino
2025-08-29,Kalimantan,436.0,Tidak,2025,8,Non-El Nino
2025-08-29,Sulawesi,19.0,Tidak,2025,8,Non-El Nino
2025-08-29,Bali-Nusa Tenggara,105.0,Tidak,2025,8,Non-El Nino
2025-08-29,Maluku,2.0,Tidak,2025,8,Non-El Nino
2025-08-29,Papua,3.0,Tidak,2025,8,Non-El Nino
2025-08-30,Sumatera,26.0,Tidak,2025,8,Non-El Nino
2025-08-30,Jawa,29.0,Tidak,2025,8,Non-El Nino
2025-08-30,Kalimantan,514.0,Tidak,2025,8,Non-El Nino
2025-08-30,Sulawesi,87.0,Tidak,2025,8,Non-El Nino
2025-08-30,Bali-Nusa Tenggara,292.0,Tidak,2025,8,Non-El Nino
2025-08-30,Maluku,3.0,Tidak,2025,8,Non-El Nino
2025-08-30,Papua,15.0,Tidak,2025,8,Non-El Nino
2025-08-31,Sumatera,69.0,Tidak,2025,8,Non-El Nino
2025-08-31,Jawa,24.0,Tidak,2025,8,Non-El Nino
2025-08-31,Kalimantan,9.0,Tidak,2025,8,Non-El Nino
2025-08-31,Sulawesi,55.0,Tidak,2025,8,Non-El Nino
2025-08-31,Bali-Nusa Tenggara,223.0,Tidak,2025,8,Non-El Nino
2025-08-31,Maluku,10.0,Tidak,2025,8,Non-El Nino
2025-08-31,Papua,48.0,Tidak,2025,8,Non-El Nino
2025-09-01,Sumatera,33.0,Tidak,2025,9,Non-El Nino
2025-09-01,Jawa,25.0,Tidak,2025,9,Non-El Nino
2025-09-01,Kalimantan,427.0,Tidak,2025,9,Non-El Nino
2025-09-01,Sulawesi,27.0,Tidak,2025,9,Non-El Nino
2025-09-01,Bali-Nusa Tenggara,135.0,Tidak,2025,9,Non-El Nino
2025-09-01,Maluku,11.0,Tidak,2025,9,Non-El Nino
2025-09-01,Papua,6.0,Tidak,2025,9,Non-El Nino
2025-09-02,Sumatera,5.0,Tidak,2025,9,Non-El Nino
2025-09-02,Jawa,65.0,Tidak,2025,9,Non-El Nino
2025-09-02,Kalimantan,151.0,Tidak,2025,9,Non-El Nino
2025-09-02,Sulawesi,20.0,Tidak,2025,9,Non-El Nino
2025-09-02,Bali-Nusa Tenggara,200.0,Tidak,2025,9,Non-El Nino
2025-09-02,Maluku,19.0,Tidak,2025,9,Non-El Nino
2025-09-02,Papua,52.0,Tidak,2025,9,Non-El Nino
2025-09-03,Sumatera,12.0,Tidak,2025,9,Non-El Nino
2025-09-03,Jawa,112.0,Tidak,2025,9,Non-El Nino
2025-09-03,Kalimantan,18.0,Tidak,2025,9,Non-El Nino
2025-09-03,Sulawesi,13.0,Tidak,2025,9,Non-El Nino
2025-09-03,Bali-Nusa Tenggara,349.0,Tidak,2025,9,Non-El Nino
2025-09-03,Maluku,7.0,Tidak,2025,9,Non-El Nino
2025-09-03,Papua,6.0,Tidak,2025,9,Non-El Nino
2025-09-04,Sumatera,11.0,Tidak,2025,9,Non-El Nino
2025-09-04,Jawa,54.0,Tidak,2025,9,Non-El Nino
2025-09-04,Kalimantan,128.0,Tidak,2025,9,Non-El Nino
2025-09-04,Sulawesi,68.0,Tidak,2025,9,Non-El Nino
2025-09-04,Bali-Nusa Tenggara,385.0,Tidak,2025,9,Non-El Nino
2025-09-04,Maluku,10.0,Tidak,2025,9,Non-El Nino
2025-09-04,Papua,4.0,Tidak,2025,9,Non-El Nino
2025-09-05,Sumatera,22.0,Tidak,2025,9,Non-El Nino
2025-09-05,Jawa,30.0,Tidak,2025,9,Non-El Nino
2025-09-05,Kalimantan,5.0,Tidak,2025,9,Non-El Nino
2025-09-05,Sulawesi,74.0,Tidak,2025,9,Non-El Nino
2025-09-05,Bali-Nusa Tenggara,369.0,Tidak,2025,9,Non-El Nino
2025-09-05,Maluku,5.0,Tidak,2025,9,Non-El Nino
2025-09-05,Papua,6.0,Tidak,2025,9,Non-El Nino
2025-09-06,Sumatera,63.0,Tidak,2025,9,Non-El Nino
2025-09-06,Jawa,32.0,Tidak,2025,9,Non-El Nino
2025-09-06,Kalimantan,4.0,Tidak,2025,9,Non-El Nino
2025-09-06,Sulawesi,11.0,Tidak,2025,9,Non-El Nino
2025-09-06,Bali-Nusa Tenggara,133.0,Tidak,2025,9,Non-El Nino
2025-09-06,Maluku,11.0,Tidak,2025,9,Non-El Nino
2025-09-06,Papua,4.0,Tidak,2025,9,Non-El Nino
2025-09-07,Sumatera,23.0,Tidak,2025,9,Non-El Nino
2025-09-07,Jawa,43.0,Tidak,2025,9,Non-El Nino
2025-09-07,Kalimantan,53.0,Tidak,2025,9,Non-El Nino
2025-09-07,Sulawesi,9.0,Tidak,2025,9,Non-El Nino
2025-09-07,Bali-Nusa Tenggara,53.0,Tidak,2025,9,Non-El Nino
2025-09-07,Maluku,4.0,Tidak,2025,9,Non-El Nino
2025-09-07,Papua,1.0,Tidak,2025,9,Non-El Nino
2025-09-08,Sumatera,22.0,Tidak,2025,9,Non-El Nino
2025-09-08,Jawa,24.0,Tidak,2025,9,Non-El Nino
2025-09-08,Kalimantan,26.0,Tidak,2025,9,Non-El Nino
2025-09-08,Sulawesi,3.0,Tidak,2025,9,Non-El Nino
2025-09-08,Bali-Nusa Tenggara,6.0,Tidak,2025,9,Non-El Nino
2025-09-08,Maluku,0.0,Tidak,2025,9,Non-El Nino
2025-09-08,Papua,10.0,Tidak,2025,9,Non-El Nino
2025-09-09,Sumatera,10.0,Tidak,2025,9,Non-El Nino
2025-09-09,Jawa,16.0,Tidak,2025,9,Non-El Nino
2025-09-09,Kalimantan,60.0,Tidak,2025,9,Non-El Nino
2025-09-09,Sulawesi,3.0,Tidak,2025,9,Non-El Nino
2025-09-09,Bali-Nusa Tenggara,1.0,Tidak,2025,9,Non-El Nino
2025-09-09,Maluku,5.0,Tidak,2025,9,Non-El Nino
2025-09-09,Papua,54.0,Tidak,2025,9,Non-El Nino
2025-09-10,Sumatera,37.0,Tidak,2025,9,Non-El Nino
2025-09-10,Jawa,2.0,Tidak,2025,9,Non-El Nino
2025-09-10,Kalimantan,16.0,Tidak,2025,9,Non-El Nino
2025-09-10,Sulawesi,13.0,Tidak,2025,9,Non-El Nino
2025-09-10,Bali-Nusa Tenggara,63.0,Tidak,2025,9,Non-El Nino
2025-09-10,Maluku,2.0,Tidak,2025,9,Non-El Nino
2025-09-10,Papua,7.0,Tidak,2025,9,Non-El Nino
2025-09-11,Sumatera,9.0,Tidak,2025,9,Non-El Nino
2025-09-11,Jawa,12.0,Tidak,2025,9,Non-El Nino
2025-09-11,Kalimantan,121.0,Tidak,2025,9,Non-El Nino
2025-09-11,Sulawesi,27.0,Tidak,2025,9,Non-El Nino
2025-09-11,Bali-Nusa Tenggara,95.0,Tidak,2025,9,Non-El Nino
2025-09-11,Maluku,15.0,Tidak,2025,9,Non-El Nino
2025-09-11,Papua,24.0,Tidak,2025,9,Non-El Nino
2025-09-12,Sumatera,7.0,Tidak,2025,9,Non-El Nino
2025-09-12,Jawa,40.0,Tidak,2025,9,Non-El Nino
2025-09-12,Kalimantan,20.0,Tidak,2025,9,Non-El Nino
2025-09-12,Sulawesi,20.0,Tidak,2025,9,Non-El Nino
2025-09-12,Bali-Nusa Tenggara,63.0,Tidak,2025,9,Non-El Nino
2025-09-12,Maluku,27.0,Tidak,2025,9,Non-El Nino
2025-09-12,Papua,7.0,Tidak,2025,9,Non-El Nino
2025-09-13,Sumatera,7.0,Tidak,2025,9,Non-El Nino
2025-09-13,Jawa,68.0,Tidak,2025,9,Non-El Nino
2025-09-13,Kalimantan,9.0,Tidak,2025,9,Non-El Nino
2025-09-13,Sulawesi,26.0,Tidak,2025,9,Non-El Nino
2025-09-13,Bali-Nusa Tenggara,96.0,Tidak,2025,9,Non-El Nino
2025-09-13,Maluku,11.0,Tidak,2025,9,Non-El Nino
2025-09-13,Papua,2.0,Tidak,2025,9,Non-El Nino
2025-09-14,Sumatera,24.0,Tidak,2025,9,Non-El Nino
2025-09-14,Jawa,30.0,Tidak,2025,9,Non-El Nino
2025-09-14,Kalimantan,29.0,Tidak,2025,9,Non-El Nino
2025-09-14,Sulawesi,7.0,Tidak,2025,9,Non-El Nino
2025-09-14,Bali-Nusa Tenggara,159.0,Tidak,2025,9,Non-El Nino
2025-09-14,Maluku,6.0,Tidak,2025,9,Non-El Nino
2025-09-14,Papua,4.0,Tidak,2025,9,Non-El Nino
2025-09-15,Sumatera,3.0,Tidak,2025,9,Non-El Nino
2025-09-15,Jawa,23.0,Tidak,2025,9,Non-El Nino
2025-09-15,Kalimantan,37.0,Tidak,2025,9,Non-El Nino
2025-09-15,Sulawesi,40.0,Tidak,2025,9,Non-El Nino
2025-09-15,Bali-Nusa Tenggara,110.0,Tidak,2025,9,Non-El Nino
2025-09-15,Maluku,18.0,Tidak,2025,9,Non-El Nino
2025-09-15,Papua,15.0,Tidak,2025,9,Non-El Nino
2025-09-16,Sumatera,10.0,Tidak,2025,9,Non-El Nino
2025-09-16,Jawa,5.0,Tidak,2025,9,Non-El Nino
2025-09-16,Kalimantan,2.0,Tidak,2025,9,Non-El Nino
2025-09-16,Sulawesi,40.0,Tidak,2025,9,Non-El Nino
2025-09-16,Bali-Nusa Tenggara,107.0,Tidak,2025,9,Non-El Nino
2025-09-16,Maluku,28.0,Tidak,2025,9,Non-El Nino
2025-09-16,Papua,42.0,Tidak,2025,9,Non-El Nino
2025-09-17,Sumatera,13.0,Tidak,2025,9,Non-El Nino
2025-09-17,Jawa,20.0,Tidak,2025,9,Non-El Nino
2025-09-17,Kalimantan,1.0,Tidak,2025,9,Non-El Nino
2025-09-17,Sulawesi,39.0,Tidak,2025,9,Non-El Nino
2025-09-17,Bali-Nusa Tenggara,110.0,Tidak,2025,9,Non-El Nino
2025-09-17,Maluku,39.0,Tidak,2025,9,Non-El Nino
2025-09-17,Papua,20.0,Tidak,2025,9,Non-El Nino
2025-09-18,Sumatera,35.0,Tidak,2025,9,Non-El Nino
2025-09-18,Jawa,8.0,Tidak,2025,9,Non-El Nino
2025-09-18,Kalimantan,9.0,Tidak,2025,9,Non-El Nino
2025-09-18,Sulawesi,65.0,Tidak,2025,9,Non-El Nino
2025-09-18,Bali-Nusa Tenggara,39.0,Tidak,2025,9,Non-El Nino
2025-09-18,Maluku,20.0,Tidak,2025,9,Non-El Nino
2025-09-18,Papua,25.0,Tidak,2025,9,Non-El Nino
2025-09-19,Sumatera,73.0,Tidak,2025,9,Non-El Nino
2025-09-19,Jawa,32.0,Tidak,2025,9,Non-El Nino
2025-09-19,Kalimantan,341.0,Tidak,2025,9,Non-El Nino
2025-09-19,Sulawesi,57.0,Tidak,2025,9,Non-El Nino
2025-09-19,Bali-Nusa Tenggara,75.0,Tidak,2025,9,Non-El Nino
2025-09-19,Maluku,4.0,Tidak,2025,9,Non-El Nino
2025-09-19,Papua,3.0,Tidak,2025,9,Non-El Nino
2025-09-20,Sumatera,81.0,Tidak,2025,9,Non-El Nino
2025-09-20,Jawa,15.0,Tidak,2025,9,Non-El Nino
2025-09-20,Kalimantan,216.0,Tidak,2025,9,Non-El Nino
2025-09-20,Sulawesi,188.0,Tidak,2025,9,Non-El Nino
2025-09-20,Bali-Nusa Tenggara,127.0,Tidak,2025,9,Non-El Nino
2025-09-20,Maluku,1.0,Tidak,2025,9,Non-El Nino
2025-09-20,Papua,0.0,Tidak,2025,9,Non-El Nino
2025-09-21,Sumatera,127.0,Tidak,2025,9,Non-El Nino
2025-09-21,Jawa,21.0,Tidak,2025,9,Non-El Nino
2025-09-21,Kalimantan,117.0,Tidak,2025,9,Non-El Nino
2025-09-21,Sulawesi,185.0,Tidak,2025,9,Non-El Nino
2025-09-21,Bali-Nusa Tenggara,198.0,Tidak,2025,9,Non-El Nino
2025-09-21,Maluku,9.0,Tidak,2025,9,Non-El Nino
2025-09-21,Papua,4.0,Tidak,2025,9,Non-El Nino
2025-09-22,Sumatera,246.0,Tidak,2025,9,Non-El Nino
2025-09-22,Jawa,19.0,Tidak,2025,9,Non-El Nino
2025-09-22,Kalimantan,1568.0,Tidak,2025,9,Non-El Nino
2025-09-22,Sulawesi,203.0,Tidak,2025,9,Non-El Nino
2025-09-22,Bali-Nusa Tenggara,212.0,Tidak,2025,9,Non-El Nino
2025-09-22,Maluku,17.0,Tidak,2025,9,Non-El Nino
2025-09-22,Papua,7.0,Tidak,2025,9,Non-El Nino
2025-09-23,Sumatera,280.0,Tidak,2025,9,Non-El Nino
2025-09-23,Jawa,47.0,Tidak,2025,9,Non-El Nino
2025-09-23,Kalimantan,2137.0,Tidak,2025,9,Non-El Nino
2025-09-23,Sulawesi,60.0,Tidak,2025,9,Non-El Nino
2025-09-23,Bali-Nusa Tenggara,121.0,Tidak,2025,9,Non-El Nino
2025-09-23,Maluku,38.0,Tidak,2025,9,Non-El Nino
2025-09-23,Papua,26.0,Tidak,2025,9,Non-El Nino
2025-09-24,Sumatera,276.0,Tidak,2025,9,Non-El Nino
2025-09-24,Jawa,62.0,Tidak,2025,9,Non-El Nino
2025-09-24,Kalimantan,2848.0,Tidak,2025,9,Non-El Nino
2025-09-24,Sulawesi,23.0,Tidak,2025,9,Non-El Nino
2025-09-24,Bali-Nusa Tenggara,89.0,Tidak,2025,9,Non-El Nino
2025-09-24,Maluku,5.0,Tidak,2025,9,Non-El Nino
2025-09-24,Papua,11.0,Tidak,2025,9,Non-El Nino
2025-09-25,Sumatera,148.0,Tidak,2025,9,Non-El Nino
2025-09-25,Jawa,49.0,Tidak,2025,9,Non-El Nino
2025-09-25,Kalimantan,767.0,Tidak,2025,9,Non-El Nino
2025-09-25,Sulawesi,70.0,Tidak,2025,9,Non-El Nino
2025-09-25,Bali-Nusa Tenggara,158.0,Tidak,2025,9,Non-El Nino
2025-09-25,Maluku,7.0,Tidak,2025,9,Non-El Nino
2025-09-25,Papua,1.0,Tidak,2025,9,Non-El Nino
2025-09-26,Sumatera,297.0,Tidak,2025,9,Non-El Nino
2025-09-26,Jawa,33.0,Tidak,2025,9,Non-El Nino
2025-09-26,Kalimantan,315.0,Tidak,2025,9,Non-El Nino
2025-09-26,Sulawesi,76.0,Tidak,2025,9,Non-El Nino
2025-09-26,Bali-Nusa Tenggara,210.0,Tidak,2025,9,Non-El Nino
2025-09-26,Maluku,13.0,Tidak,2025,9,Non-El Nino
2025-09-26,Papua,21.0,Tidak,2025,9,Non-El Nino
2025-09-27,Sumatera,217.0,Tidak,2025,9,Non-El Nino
2025-09-27,Jawa,14.0,Tidak,2025,9,Non-El Nino
2025-09-27,Kalimantan,297.0,Tidak,2025,9,Non-El Nino
2025-09-27,Sulawesi,14.0,Tidak,2025,9,Non-El Nino
2025-09-27,Bali-Nusa Tenggara,191.0,Tidak,2025,9,Non-El Nino
2025-09-27,Maluku,23.0,Tidak,2025,9,Non-El Nino
2025-09-27,Papua,2.0,Tidak,2025,9,Non-El Nino
2025-09-28,Sumatera,44.0,Tidak,2025,9,Non-El Nino
2025-09-28,Jawa,36.0,Tidak,2025,9,Non-El Nino
2025-09-28,Kalimantan,313.0,Tidak,2025,9,Non-El Nino
2025-09-28,Sulawesi,10.0,Tidak,2025,9,Non-El Nino
2025-09-28,Bali-Nusa Tenggara,95.0,Tidak,2025,9,Non-El Nino
2025-09-28,Maluku,6.0,Tidak,2025,9,Non-El Nino
2025-09-28,Papua,13.0,Tidak,2025,9,Non-El Nino
2025-09-29,Sumatera,1.0,Tidak,2025,9,Non-El Nino
2025-09-29,Jawa,17.0,Tidak,2025,9,Non-El Nino
2025-09-29,Kalimantan,66.0,Tidak,2025,9,Non-El Nino
2025-09-29,Sulawesi,36.0,Tidak,2025,9,Non-El Nino
2025-09-29,Bali-Nusa Tenggara,54.0,Tidak,2025,9,Non-El Nino
2025-09-29,Maluku,35.0,Tidak,2025,9,Non-El Nino
2025-09-29,Papua,54.0,Tidak,2025,9,Non-El Nino
2025-09-30,Sumatera,10.0,Tidak,2025,9,Non-El Nino
2025-09-30,Jawa,8.0,Tidak,2025,9,Non-El Nino
2025-09-30,Kalimantan,7.0,Tidak,2025,9,Non-El Nino
2025-09-30,Sulawesi,88.0,Tidak,2025,9,Non-El Nino
2025-09-30,Bali-Nusa Tenggara,90.0,Tidak,2025,9,Non-El Nino
2025-09-30,Maluku,24.0,Tidak,2025,9,Non-El Nino
2025-09-30,Papua,25.0,Tidak,2025,9,Non-El Nino
2025-10-01,Sumatera,9.0,Tidak,2025,10,Non-El Nino
2025-10-01,Jawa,18.0,Tidak,2025,10,Non-El Nino
2025-10-01,Kalimantan,68.0,Tidak,2025,10,Non-El Nino
2025-10-01,Sulawesi,230.0,Tidak,2025,10,Non-El Nino
2025-10-01,Bali-Nusa Tenggara,389.0,Tidak,2025,10,Non-El Nino
2025-10-01,Maluku,5.0,Tidak,2025,10,Non-El Nino
2025-10-01,Papua,3.0,Tidak,2025,10,Non-El Nino
2025-10-02,Sumatera,38.0,Tidak,2025,10,Non-El Nino
2025-10-02,Jawa,26.0,Tidak,2025,10,Non-El Nino
2025-10-02,Kalimantan,173.0,Tidak,2025,10,Non-El Nino
2025-10-02,Sulawesi,193.0,Tidak,2025,10,Non-El Nino
2025-10-02,Bali-Nusa Tenggara,476.0,Tidak,2025,10,Non-El Nino
2025-10-02,Maluku,16.0,Tidak,2025,10,Non-El Nino
2025-10-02,Papua,0.0,Tidak,2025,10,Non-El Nino
2025-10-03,Sumatera,14.0,Tidak,2025,10,Non-El Nino
2025-10-03,Jawa,28.0,Tidak,2025,10,Non-El Nino
2025-10-03,Kalimantan,70.0,Tidak,2025,10,Non-El Nino
2025-10-03,Sulawesi,85.0,Tidak,2025,10,Non-El Nino
2025-10-03,Bali-Nusa Tenggara,263.0,Tidak,2025,10,Non-El Nino
2025-10-03,Maluku,34.0,Tidak,2025,10,Non-El Nino
2025-10-03,Papua,7.0,Tidak,2025,10,Non-El Nino
2025-10-04,Sumatera,62.0,Tidak,2025,10,Non-El Nino
2025-10-04,Jawa,40.0,Tidak,2025,10,Non-El Nino
2025-10-04,Kalimantan,4.0,Tidak,2025,10,Non-El Nino
2025-10-04,Sulawesi,72.0,Tidak,2025,10,Non-El Nino
2025-10-04,Bali-Nusa Tenggara,262.0,Tidak,2025,10,Non-El Nino
2025-10-04,Maluku,16.0,Tidak,2025,10,Non-El Nino
2025-10-04,Papua,7.0,Tidak,2025,10,Non-El Nino
2025-10-05,Sumatera,120.0,Tidak,2025,10,Non-El Nino
2025-10-05,Jawa,48.0,Tidak,2025,10,Non-El Nino
2025-10-05,Kalimantan,18.0,Tidak,2025,10,Non-El Nino
2025-10-05,Sulawesi,53.0,Tidak,2025,10,Non-El Nino
2025-10-05,Bali-Nusa Tenggara,198.0,Tidak,2025,10,Non-El Nino
2025-10-05,Maluku,19.0,Tidak,2025,10,Non-El Nino
2025-10-05,Papua,8.0,Tidak,2025,10,Non-El Nino
2025-10-06,Sumatera,29.0,Tidak,2025,10,Non-El Nino
2025-10-06,Jawa,31.0,Tidak,2025,10,Non-El Nino
2025-10-06,Kalimantan,14.0,Tidak,2025,10,Non-El Nino
2025-10-06,Sulawesi,13.0,Tidak,2025,10,Non-El Nino
2025-10-06,Bali-Nusa Tenggara,394.0,Tidak,2025,10,Non-El Nino
2025-10-06,Maluku,8.0,Tidak,2025,10,Non-El Nino
2025-10-06,Papua,0.0,Tidak,2025,10,Non-El Nino
2025-10-07,Sumatera,53.0,Tidak,2025,10,Non-El Nino
2025-10-07,Jawa,22.0,Tidak,2025,10,Non-El Nino
2025-10-07,Kalimantan,80.0,Tidak,2025,10,Non-El Nino
2025-10-07,Sulawesi,17.0,Tidak,2025,10,Non-El Nino
2025-10-07,Bali-Nusa Tenggara,259.0,Tidak,2025,10,Non-El Nino
2025-10-07,Maluku,15.0,Tidak,2025,10,Non-El Nino
2025-10-07,Papua,3.0,Tidak,2025,10,Non-El Nino
2025-10-08,Sumatera,136.0,Tidak,2025,10,Non-El Nino
2025-10-08,Jawa,29.0,Tidak,2025,10,Non-El Nino
2025-10-08,Kalimantan,95.0,Tidak,2025,10,Non-El Nino
2025-10-08,Sulawesi,45.0,Tidak,2025,10,Non-El Nino
2025-10-08,Bali-Nusa Tenggara,161.0,Tidak,2025,10,Non-El Nino
2025-10-08,Maluku,9.0,Tidak,2025,10,Non-El Nino
2025-10-08,Papua,0.0,Tidak,2025,10,Non-El Nino
2025-10-09,Sumatera,62.0,Tidak,2025,10,Non-El Nino
2025-10-09,Jawa,43.0,Tidak,2025,10,Non-El Nino
2025-10-09,Kalimantan,121.0,Tidak,2025,10,Non-El Nino
2025-10-09,Sulawesi,76.0,Tidak,2025,10,Non-El Nino
2025-10-09,Bali-Nusa Tenggara,56.0,Tidak,2025,10,Non-El Nino
2025-10-09,Maluku,0.0,Tidak,2025,10,Non-El Nino
2025-10-09,Papua,0.0,Tidak,2025,10,Non-El Nino
2025-10-10,Sumatera,44.0,Tidak,2025,10,Non-El Nino
2025-10-10,Jawa,48.0,Tidak,2025,10,Non-El Nino
2025-10-10,Kalimantan,502.0,Tidak,2025,10,Non-El Nino
2025-10-10,Sulawesi,15.0,Tidak,2025,10,Non-El Nino
2025-10-10,Bali-Nusa Tenggara,76.0,Tidak,2025,10,Non-El Nino
2025-10-10,Maluku,6.0,Tidak,2025,10,Non-El Nino
2025-10-10,Papua,10.0,Tidak,2025,10,Non-El Nino
2025-10-11,Sumatera,56.0,Tidak,2025,10,Non-El Nino
2025-10-11,Jawa,10.0,Tidak,2025,10,Non-El Nino
2025-10-11,Kalimantan,345.0,Tidak,2025,10,Non-El Nino
2025-10-11,Sulawesi,70.0,Tidak,2025,10,Non-El Nino
2025-10-11,Bali-Nusa Tenggara,93.0,Tidak,2025,10,Non-El Nino
2025-10-11,Maluku,1.0,Tidak,2025,10,Non-El Nino
2025-10-11,Papua,1.0,Tidak,2025,10,Non-El Nino
2025-10-12,Sumatera,13.0,Tidak,2025,10,Non-El Nino
2025-10-12,Jawa,16.0,Tidak,2025,10,Non-El Nino
2025-10-12,Kalimantan,151.0,Tidak,2025,10,Non-El Nino
2025-10-12,Sulawesi,167.0,Tidak,2025,10,Non-El Nino
2025-10-12,Bali-Nusa Tenggara,147.0,Tidak,2025,10,Non-El Nino
2025-10-12,Maluku,9.0,Tidak,2025,10,Non-El Nino
2025-10-12,Papua,0.0,Tidak,2025,10,Non-El Nino
2025-10-13,Sumatera,12.0,Tidak,2025,10,Non-El Nino
2025-10-13,Jawa,13.0,Tidak,2025,10,Non-El Nino
2025-10-13,Kalimantan,131.0,Tidak,2025,10,Non-El Nino
2025-10-13,Sulawesi,136.0,Tidak,2025,10,Non-El Nino
2025-10-13,Bali-Nusa Tenggara,250.0,Tidak,2025,10,Non-El Nino
2025-10-13,Maluku,32.0,Tidak,2025,10,Non-El Nino
2025-10-13,Papua,12.0,Tidak,2025,10,Non-El Nino
2025-10-14,Sumatera,47.0,Tidak,2025,10,Non-El Nino
2025-10-14,Jawa,42.0,Tidak,2025,10,Non-El Nino
2025-10-14,Kalimantan,139.0,Tidak,2025,10,Non-El Nino
2025-10-14,Sulawesi,95.0,Tidak,2025,10,Non-El Nino
2025-10-14,Bali-Nusa Tenggara,194.0,Tidak,2025,10,Non-El Nino
2025-10-14,Maluku,52.0,Tidak,2025,10,Non-El Nino
2025-10-14,Papua,7.0,Tidak,2025,10,Non-El Nino
2025-10-15,Sumatera,36.0,Tidak,2025,10,Non-El Nino
2025-10-15,Jawa,31.0,Tidak,2025,10,Non-El Nino
2025-10-15,Kalimantan,206.0,Tidak,2025,10,Non-El Nino
2025-10-15,Sulawesi,87.0,Tidak,2025,10,Non-El Nino
2025-10-15,Bali-Nusa Tenggara,131.0,Tidak,2025,10,Non-El Nino
2025-10-15,Maluku,13.0,Tidak,2025,10,Non-El Nino
2025-10-15,Papua,3.0,Tidak,2025,10,Non-El Nino
2025-10-16,Sumatera,15.0,Tidak,2025,10,Non-El Nino
2025-10-16,Jawa,54.0,Tidak,2025,10,Non-El Nino
2025-10-16,Kalimantan,238.0,Tidak,2025,10,Non-El Nino
2025-10-16,Sulawesi,90.0,Tidak,2025,10,Non-El Nino
2025-10-16,Bali-Nusa Tenggara,197.0,Tidak,2025,10,Non-El Nino
2025-10-16,Maluku,23.0,Tidak,2025,10,Non-El Nino
2025-10-16,Papua,14.0,Tidak,2025,10,Non-El Nino
2025-10-17,Sumatera,16.0,Tidak,2025,10,Non-El Nino
2025-10-17,Jawa,34.0,Tidak,2025,10,Non-El Nino
2025-10-17,Kalimantan,122.0,Tidak,2025,10,Non-El Nino
2025-10-17,Sulawesi,178.0,Tidak,2025,10,Non-El Nino
2025-10-17,Bali-Nusa Tenggara,280.0,Tidak,2025,10,Non-El Nino
2025-10-17,Maluku,6.0,Tidak,2025,10,Non-El Nino
2025-10-17,Papua,23.0,Tidak,2025,10,Non-El Nino
2025-10-18,Sumatera,36.0,Tidak,2025,10,Non-El Nino
2025-10-18,Jawa,21.0,Tidak,2025,10,Non-El Nino
2025-10-18,Kalimantan,106.0,Tidak,2025,10,Non-El Nino
2025-10-18,Sulawesi,96.0,Tidak,2025,10,Non-El Nino
2025-10-18,Bali-Nusa Tenggara,30.0,Tidak,2025,10,Non-El Nino
2025-10-18,Maluku,8.0,Tidak,2025,10,Non-El Nino
2025-10-18,Papua,13.0,Tidak,2025,10,Non-El Nino
2025-10-19,Sumatera,11.0,Tidak,2025,10,Non-El Nino
2025-10-19,Jawa,15.0,Tidak,2025,10,Non-El Nino
2025-10-19,Kalimantan,25.0,Tidak,2025,10,Non-El Nino
2025-10-19,Sulawesi,39.0,Tidak,2025,10,Non-El Nino
2025-10-19,Bali-Nusa Tenggara,56.0,Tidak,2025,10,Non-El Nino
2025-10-19,Maluku,11.0,Tidak,2025,10,Non-El Nino
2025-10-19,Papua,2.0,Tidak,2025,10,Non-El Nino
2025-10-20,Sumatera,0.0,Tidak,2025,10,Non-El Nino
2025-10-20,Jawa,11.0,Tidak,2025,10,Non-El Nino
2025-10-20,Kalimantan,13.0,Tidak,2025,10,Non-El Nino
2025-10-20,Sulawesi,17.0,Tidak,2025,10,Non-El Nino
2025-10-20,Bali-Nusa Tenggara,89.0,Tidak,2025,10,Non-El Nino
2025-10-20,Maluku,23.0,Tidak,2025,10,Non-El Nino
2025-10-20,Papua,17.0,Tidak,2025,10,Non-El Nino
2025-10-21,Sumatera,1.0,Tidak,2025,10,Non-El Nino
2025-10-21,Jawa,2.0,Tidak,2025,10,Non-El Nino
2025-10-21,Kalimantan,47.0,Tidak,2025,10,Non-El Nino
2025-10-21,Sulawesi,13.0,Tidak,2025,10,Non-El Nino
2025-10-21,Bali-Nusa Tenggara,113.0,Tidak,2025,10,Non-El Nino
2025-10-21,Maluku,27.0,Tidak,2025,10,Non-El Nino
2025-10-21,Papua,47.0,Tidak,2025,10,Non-El Nino
2025-10-22,Sumatera,0.0,Tidak,2025,10,Non-El Nino
2025-10-22,Jawa,0.0,Tidak,2025,10,Non-El Nino
2025-10-22,Kalimantan,8.0,Tidak,2025,10,Non-El Nino
2025-10-22,Sulawesi,44.0,Tidak,2025,10,Non-El Nino
2025-10-22,Bali-Nusa Tenggara,242.0,Tidak,2025,10,Non-El Nino
2025-10-22,Maluku,33.0,Tidak,2025,10,Non-El Nino
2025-10-22,Papua,14.0,Tidak,2025,10,Non-El Nino
2025-10-23,Sumatera,5.0,Tidak,2025,10,Non-El Nino
2025-10-23,Jawa,1.0,Tidak,2025,10,Non-El Nino
2025-10-23,Kalimantan,12.0,Tidak,2025,10,Non-El Nino
2025-10-23,Sulawesi,93.0,Tidak,2025,10,Non-El Nino
2025-10-23,Bali-Nusa Tenggara,312.0,Tidak,2025,10,Non-El Nino
2025-10-23,Maluku,28.0,Tidak,2025,10,Non-El Nino
2025-10-23,Papua,20.0,Tidak,2025,10,Non-El Nino
2025-10-24,Sumatera,1.0,Tidak,2025,10,Non-El Nino
2025-10-24,Jawa,1.0,Tidak,2025,10,Non-El Nino
2025-10-24,Kalimantan,3.0,Tidak,2025,10,Non-El Nino
2025-10-24,Sulawesi,22.0,Tidak,2025,10,Non-El Nino
2025-10-24,Bali-Nusa Tenggara,178.0,Tidak,2025,10,Non-El Nino
2025-10-24,Maluku,47.0,Tidak,2025,10,Non-El Nino
2025-10-24,Papua,3.0,Tidak,2025,10,Non-El Nino
2025-10-25,Sumatera,7.0,Tidak,2025,10,Non-El Nino
2025-10-25,Jawa,8.0,Tidak,2025,10,Non-El Nino
2025-10-25,Kalimantan,12.0,Tidak,2025,10,Non-El Nino
2025-10-25,Sulawesi,12.0,Tidak,2025,10,Non-El Nino
2025-10-25,Bali-Nusa Tenggara,109.0,Tidak,2025,10,Non-El Nino
2025-10-25,Maluku,53.0,Tidak,2025,10,Non-El Nino
2025-10-25,Papua,3.0,Tidak,2025,10,Non-El Nino
2025-10-26,Sumatera,26.0,Tidak,2025,10,Non-El Nino
2025-10-26,Jawa,8.0,Tidak,2025,10,Non-El Nino
2025-10-26,Kalimantan,2.0,Tidak,2025,10,Non-El Nino
2025-10-26,Sulawesi,0.0,Tidak,2025,10,Non-El Nino
2025-10-26,Bali-Nusa Tenggara,54.0,Tidak,2025,10,Non-El Nino
2025-10-26,Maluku,29.0,Tidak,2025,10,Non-El Nino
2025-10-26,Papua,12.0,Tidak,2025,10,Non-El Nino
2025-10-27,Sumatera,59.0,Tidak,2025,10,Non-El Nino
2025-10-27,Jawa,4.0,Tidak,2025,10,Non-El Nino
2025-10-27,Kalimantan,10.0,Tidak,2025,10,Non-El Nino
2025-10-27,Sulawesi,3.0,Tidak,2025,10,Non-El Nino
2025-10-27,Bali-Nusa Tenggara,36.0,Tidak,2025,10,Non-El Nino
2025-10-27,Maluku,6.0,Tidak,2025,10,Non-El Nino
2025-10-27,Papua,10.0,Tidak,2025,10,Non-El Nino
2025-10-28,Sumatera,202.0,Tidak,2025,10,Non-El Nino
2025-10-28,Jawa,1.0,Tidak,2025,10,Non-El Nino
2025-10-28,Kalimantan,7.0,Tidak,2025,10,Non-El Nino
2025-10-28,Sulawesi,22.0,Tidak,2025,10,Non-El Nino
2025-10-28,Bali-Nusa Tenggara,185.0,Tidak,2025,10,Non-El Nino
2025-10-28,Maluku,18.0,Tidak,2025,10,Non-El Nino
2025-10-28,Papua,0.0,Tidak,2025,10,Non-El Nino
2025-10-29,Sumatera,214.0,Tidak,2025,10,Non-El Nino
2025-10-29,Jawa,3.0,Tidak,2025,10,Non-El Nino
2025-10-29,Kalimantan,9.0,Tidak,2025,10,Non-El Nino
2025-10-29,Sulawesi,6.0,Tidak,2025,10,Non-El Nino
2025-10-29,Bali-Nusa Tenggara,96.0,Tidak,2025,10,Non-El Nino
2025-10-29,Maluku,11.0,Tidak,2025,10,Non-El Nino
2025-10-29,Papua,0.0,Tidak,2025,10,Non-El Nino
2025-10-30,Sumatera,255.0,Tidak,2025,10,Non-El Nino
2025-10-30,Jawa,2.0,Tidak,2025,10,Non-El Nino
2025-10-30,Kalimantan,81.0,Tidak,2025,10,Non-El Nino
2025-10-30,Sulawesi,8.0,Tidak,2025,10,Non-El Nino
2025-10-30,Bali-Nusa Tenggara,58.0,Tidak,2025,10,Non-El Nino
2025-10-30,Maluku,7.0,Tidak,2025,10,Non-El Nino
2025-10-30,Papua,1.0,Tidak,2025,10,Non-El Nino
2025-10-31,Sumatera,163.0,Tidak,2025,10,Non-El Nino
2025-10-31,Jawa,7.0,Tidak,2025,10,Non-El Nino
2025-10-31,Kalimantan,25.0,Tidak,2025,10,Non-El Nino
2025-10-31,Sulawesi,5.0,Tidak,2025,10,Non-El Nino
2025-10-31,Bali-Nusa Tenggara,41.0,Tidak,2025,10,Non-El Nino
2025-10-31,Maluku,12.0,Tidak,2025,10,Non-El Nino
2025-10-31,Papua,7.0,Tidak,2025,10,Non-El Nino
2025-11-01,Sumatera,200.0,Tidak,2025,11,Non-El Nino
2025-11-01,Jawa,5.0,Tidak,2025,11,Non-El Nino
2025-11-01,Kalimantan,184.0,Tidak,2025,11,Non-El Nino
2025-11-01,Sulawesi,57.0,Tidak,2025,11,Non-El Nino
2025-11-01,Bali-Nusa Tenggara,109.0,Tidak,2025,11,Non-El Nino
2025-11-01,Maluku,24.0,Tidak,2025,11,Non-El Nino
2025-11-01,Papua,6.0,Tidak,2025,11,Non-El Nino
2025-11-02,Sumatera,185.0,Tidak,2025,11,Non-El Nino
2025-11-02,Jawa,6.0,Tidak,2025,11,Non-El Nino
2025-11-02,Kalimantan,65.0,Tidak,2025,11,Non-El Nino
2025-11-02,Sulawesi,57.0,Tidak,2025,11,Non-El Nino
2025-11-02,Bali-Nusa Tenggara,75.0,Tidak,2025,11,Non-El Nino
2025-11-02,Maluku,40.0,Tidak,2025,11,Non-El Nino
2025-11-02,Papua,0.0,Tidak,2025,11,Non-El Nino
2025-11-03,Sumatera,290.0,Tidak,2025,11,Non-El Nino
2025-11-03,Jawa,1.0,Tidak,2025,11,Non-El Nino
2025-11-03,Kalimantan,45.0,Tidak,2025,11,Non-El Nino
2025-11-03,Sulawesi,103.0,Tidak,2025,11,Non-El Nino
2025-11-03,Bali-Nusa Tenggara,126.0,Tidak,2025,11,Non-El Nino
2025-11-03,Maluku,49.0,Tidak,2025,11,Non-El Nino
2025-11-03,Papua,0.0,Tidak,2025,11,Non-El Nino
2025-11-04,Sumatera,54.0,Tidak,2025,11,Non-El Nino
2025-11-04,Jawa,0.0,Tidak,2025,11,Non-El Nino
2025-11-04,Kalimantan,21.0,Tidak,2025,11,Non-El Nino
2025-11-04,Sulawesi,20.0,Tidak,2025,11,Non-El Nino
2025-11-04,Bali-Nusa Tenggara,70.0,Tidak,2025,11,Non-El Nino
2025-11-04,Maluku,35.0,Tidak,2025,11,Non-El Nino
2025-11-04,Papua,5.0,Tidak,2025,11,Non-El Nino
2025-11-05,Sumatera,33.0,Tidak,2025,11,Non-El Nino
2025-11-05,Jawa,2.0,Tidak,2025,11,Non-El Nino
2025-11-05,Kalimantan,6.0,Tidak,2025,11,Non-El Nino
2025-11-05,Sulawesi,70.0,Tidak,2025,11,Non-El Nino
2025-11-05,Bali-Nusa Tenggara,23.0,Tidak,2025,11,Non-El Nino
2025-11-05,Maluku,13.0,Tidak,2025,11,Non-El Nino
2025-11-05,Papua,2.0,Tidak,2025,11,Non-El Nino
2025-11-06,Sumatera,43.0,Tidak,2025,11,Non-El Nino
2025-11-06,Jawa,1.0,Tidak,2025,11,Non-El Nino
2025-11-06,Kalimantan,42.0,Tidak,2025,11,Non-El Nino
2025-11-06,Sulawesi,16.0,Tidak,2025,11,Non-El Nino
2025-11-06,Bali-Nusa Tenggara,5.0,Tidak,2025,11,Non-El Nino
2025-11-06,Maluku,20.0,Tidak,2025,11,Non-El Nino
2025-11-06,Papua,5.0,Tidak,2025,11,Non-El Nino
2025-11-07,Sumatera,29.0,Tidak,2025,11,Non-El Nino
2025-11-07,Jawa,3.0,Tidak,2025,11,Non-El Nino
2025-11-07,Kalimantan,19.0,Tidak,2025,11,Non-El Nino
2025-11-07,Sulawesi,15.0,Tidak,2025,11,Non-El Nino
2025-11-07,Bali-Nusa Tenggara,63.0,Tidak,2025,11,Non-El Nino
2025-11-07,Maluku,5.0,Tidak,2025,11,Non-El Nino
2025-11-07,Papua,4.0,Tidak,2025,11,Non-El Nino
2025-11-08,Sumatera,103.0,Tidak,2025,11,Non-El Nino
2025-11-08,Jawa,1.0,Tidak,2025,11,Non-El Nino
2025-11-08,Kalimantan,81.0,Tidak,2025,11,Non-El Nino
2025-11-08,Sulawesi,85.0,Tidak,2025,11,Non-El Nino
2025-11-08,Bali-Nusa Tenggara,17.0,Tidak,2025,11,Non-El Nino
2025-11-08,Maluku,1.0,Tidak,2025,11,Non-El Nino
2025-11-08,Papua,1.0,Tidak,2025,11,Non-El Nino
2025-11-09,Sumatera,43.0,Tidak,2025,11,Non-El Nino
2025-11-09,Jawa,0.0,Tidak,2025,11,Non-El Nino
2025-11-09,Kalimantan,8.0,Tidak,2025,11,Non-El Nino
2025-11-09,Sulawesi,3.0,Tidak,2025,11,Non-El Nino
2025-11-09,Bali-Nusa Tenggara,19.0,Tidak,2025,11,Non-El Nino
2025-11-09,Maluku,6.0,Tidak,2025,11,Non-El Nino
2025-11-09,Papua,0.0,Tidak,2025,11,Non-El Nino
2025-11-10,Sumatera,62.0,Tidak,2025,11,Non-El Nino
2025-11-10,Jawa,3.0,Tidak,2025,11,Non-El Nino
2025-11-10,Kalimantan,32.0,Tidak,2025,11,Non-El Nino
2025-11-10,Sulawesi,4.0,Tidak,2025,11,Non-El Nino
2025-11-10,Bali-Nusa Tenggara,4.0,Tidak,2025,11,Non-El Nino
2025-11-10,Maluku,3.0,Tidak,2025,11,Non-El Nino
2025-11-10,Papua,5.0,Tidak,2025,11,Non-El Nino
2025-11-11,Sumatera,5.0,Tidak,2025,11,Non-El Nino
2025-11-11,Jawa,2.0,Tidak,2025,11,Non-El Nino
2025-11-11,Kalimantan,45.0,Tidak,2025,11,Non-El Nino
2025-11-11,Sulawesi,2.0,Tidak,2025,11,Non-El Nino
2025-11-11,Bali-Nusa Tenggara,0.0,Tidak,2025,11,Non-El Nino
2025-11-11,Maluku,0.0,Tidak,2025,11,Non-El Nino
2025-11-11,Papua,0.0,Tidak,2025,11,Non-El Nino
2025-11-12,Sumatera,,Ya,2025,11,Non-El Nino
2025-11-12,Jawa,,Ya,2025,11,Non-El Nino
2025-11-12,Kalimantan,,Ya,2025,11,Non-El Nino
2025-11-12,Sulawesi,,Ya,2025,11,Non-El Nino
2025-11-12,Bali-Nusa Tenggara,,Ya,2025,11,Non-El Nino
2025-11-12,Maluku,,Ya,2025,11,Non-El Nino
2025-11-12,Papua,,Ya,2025,11,Non-El Nino
2025-11-13,Sumatera,17.0,Tidak,2025,11,Non-El Nino
2025-11-13,Jawa,0.0,Tidak,2025,11,Non-El Nino
2025-11-13,Kalimantan,14.0,Tidak,2025,11,Non-El Nino
2025-11-13,Sulawesi,10.0,Tidak,2025,11,Non-El Nino
2025-11-13,Bali-Nusa Tenggara,5.0,Tidak,2025,11,Non-El Nino
2025-11-13,Maluku,5.0,Tidak,2025,11,Non-El Nino
2025-11-13,Papua,0.0,Tidak,2025,11,Non-El Nino
2025-11-14,Sumatera,63.0,Tidak,2025,11,Non-El Nino
2025-11-14,Jawa,0.0,Tidak,2025,11,Non-El Nino
2025-11-14,Kalimantan,11.0,Tidak,2025,11,Non-El Nino
2025-11-14,Sulawesi,9.0,Tidak,2025,11,Non-El Nino
2025-11-14,Bali-Nusa Tenggara,0.0,Tidak,2025,11,Non-El Nino
2025-11-14,Maluku,4.0,Tidak,2025,11,Non-El Nino
2025-11-14,Papua,0.0,Tidak,2025,11,Non-El Nino
2025-11-15,Sumatera,23.0,Tidak,2025,11,Non-El Nino
2025-11-15,Jawa,1.0,Tidak,2025,11,Non-El Nino
2025-11-15,Kalimantan,4.0,Tidak,2025,11,Non-El Nino
2025-11-15,Sulawesi,3.0,Tidak,2025,11,Non-El Nino
2025-11-15,Bali-Nusa Tenggara,1.0,Tidak,2025,11,Non-El Nino
2025-11-15,Maluku,0.0,Tidak,2025,11,Non-El Nino
2025-11-15,Papua,1.0,Tidak,2025,11,Non-El Nino
2025-11-16,Sumatera,1.0,Tidak,2025,11,Non-El Nino
2025-11-16,Jawa,4.0,Tidak,2025,11,Non-El Nino
2025-11-16,Kalimantan,6.0,Tidak,2025,11,Non-El Nino
2025-11-16,Sulawesi,0.0,Tidak,2025,11,Non-El Nino
2025-11-16,Bali-Nusa Tenggara,1.0,Tidak,2025,11,Non-El Nino
2025-11-16,Maluku,1.0,Tidak,2025,11,Non-El Nino
2025-11-16,Papua,1.0,Tidak,2025,11,Non-El Nino
2025-11-17,Sumatera,5.0,Tidak,2025,11,Non-El Nino
2025-11-17,Jawa,0.0,Tidak,2025,11,Non-El Nino
2025-11-17,Kalimantan,16.0,Tidak,2025,11,Non-El Nino
2025-11-17,Sulawesi,24.0,Tidak,2025,11,Non-El Nino
2025-11-17,Bali-Nusa Tenggara,6.0,Tidak,2025,11,Non-El Nino
2025-11-17,Maluku,0.0,Tidak,2025,11,Non-El Nino
2025-11-17,Papua,4.0,Tidak,2025,11,Non-El Nino
2025-11-18,Sumatera,0.0,Tidak,2025,11,Non-El Nino
2025-11-18,Jawa,2.0,Tidak,2025,11,Non-El Nino
2025-11-18,Kalimantan,5.0,Tidak,2025,11,Non-El Nino
2025-11-18,Sulawesi,7.0,Tidak,2025,11,Non-El Nino
2025-11-18,Bali-Nusa Tenggara,4.0,Tidak,2025,11,Non-El Nino
2025-11-18,Maluku,0.0,Tidak,2025,11,Non-El Nino
2025-11-18,Papua,0.0,Tidak,2025,11,Non-El Nino
2025-11-19,Sumatera,2.0,Tidak,2025,11,Non-El Nino
2025-11-19,Jawa,0.0,Tidak,2025,11,Non-El Nino
2025-11-19,Kalimantan,6.0,Tidak,2025,11,Non-El Nino
2025-11-19,Sulawesi,9.0,Tidak,2025,11,Non-El Nino
2025-11-19,Bali-Nusa Tenggara,14.0,Tidak,2025,11,Non-El Nino
2025-11-19,Maluku,3.0,Tidak,2025,11,Non-El Nino
2025-11-19,Papua,0.0,Tidak,2025,11,Non-El Nino
2025-11-20,Sumatera,11.0,Tidak,2025,11,Non-El Nino
2025-11-20,Jawa,0.0,Tidak,2025,11,Non-El Nino
2025-11-20,Kalimantan,0.0,Tidak,2025,11,Non-El Nino
2025-11-20,Sulawesi,6.0,Tidak,2025,11,Non-El Nino
2025-11-20,Bali-Nusa Tenggara,12.0,Tidak,2025,11,Non-El Nino
2025-11-20,Maluku,4.0,Tidak,2025,11,Non-El Nino
2025-11-20,Papua,0.0,Tidak,2025,11,Non-El Nino
2025-11-21,Sumatera,3.0,Tidak,2025,11,Non-El Nino
2025-11-21,Jawa,0.0,Tidak,2025,11,Non-El Nino
2025-11-21,Kalimantan,3.0,Tidak,2025,11,Non-El Nino
2025-11-21,Sulawesi,4.0,Tidak,2025,11,Non-El Nino
2025-11-21,Bali-Nusa Tenggara,6.0,Tidak,2025,11,Non-El Nino
2025-11-21,Maluku,1.0,Tidak,2025,11,Non-El Nino
2025-11-21,Papua,4.0,Tidak,2025,11,Non-El Nino
2025-11-22,Sumatera,2.0,Tidak,2025,11,Non-El Nino
2025-11-22,Jawa,0.0,Tidak,2025,11,Non-El Nino
2025-11-22,Kalimantan,3.0,Tidak,2025,11,Non-El Nino
2025-11-22,Sulawesi,2.0,Tidak,2025,11,Non-El Nino
2025-11-22,Bali-Nusa Tenggara,2.0,Tidak,2025,11,Non-El Nino
2025-11-22,Maluku,3.0,Tidak,2025,11,Non-El Nino
2025-11-22,Papua,0.0,Tidak,2025,11,Non-El Nino
2025-11-23,Sumatera,2.0,Tidak,2025,11,Non-El Nino
2025-11-23,Jawa,0.0,Tidak,2025,11,Non-El Nino
2025-11-23,Kalimantan,3.0,Tidak,2025,11,Non-El Nino
2025-11-23,Sulawesi,8.0,Tidak,2025,11,Non-El Nino
2025-11-23,Bali-Nusa Tenggara,14.0,Tidak,2025,11,Non-El Nino
2025-11-23,Maluku,2.0,Tidak,2025,11,Non-El Nino
2025-11-23,Papua,6.0,Tidak,2025,11,Non-El Nino
2025-11-24,Sumatera,9.0,Tidak,2025,11,Non-El Nino
2025-11-24,Jawa,3.0,Tidak,2025,11,Non-El Nino
2025-11-24,Kalimantan,1.0,Tidak,2025,11,Non-El Nino
2025-11-24,Sulawesi,32.0,Tidak,2025,11,Non-El Nino
2025-11-24,Bali-Nusa Tenggara,4.0,Tidak,2025,11,Non-El Nino
2025-11-24,Maluku,1.0,Tidak,2025,11,Non-El Nino
2025-11-24,Papua,9.0,Tidak,2025,11,Non-El Nino
2025-11-25,Sumatera,4.0,Tidak,2025,11,Non-El Nino
2025-11-25,Jawa,0.0,Tidak,2025,11,Non-El Nino
2025-11-25,Kalimantan,9.0,Tidak,2025,11,Non-El Nino
2025-11-25,Sulawesi,30.0,Tidak,2025,11,Non-El Nino
2025-11-25,Bali-Nusa Tenggara,8.0,Tidak,2025,11,Non-El Nino
2025-11-25,Maluku,4.0,Tidak,2025,11,Non-El Nino
2025-11-25,Papua,9.0,Tidak,2025,11,Non-El Nino
2025-11-26,Sumatera,24.0,Tidak,2025,11,Non-El Nino
2025-11-26,Jawa,1.0,Tidak,2025,11,Non-El Nino
2025-11-26,Kalimantan,4.0,Tidak,2025,11,Non-El Nino
2025-11-26,Sulawesi,1.0,Tidak,2025,11,Non-El Nino
2025-11-26,Bali-Nusa Tenggara,2.0,Tidak,2025,11,Non-El Nino
2025-11-26,Maluku,6.0,Tidak,2025,11,Non-El Nino
2025-11-26,Papua,2.0,Tidak,2025,11,Non-El Nino
2025-11-27,Sumatera,1.0,Tidak,2025,11,Non-El Nino
2025-11-27,Jawa,1.0,Tidak,2025,11,Non-El Nino
2025-11-27,Kalimantan,17.0,Tidak,2025,11,Non-El Nino
2025-11-27,Sulawesi,8.0,Tidak,2025,11,Non-El Nino
2025-11-27,Bali-Nusa Tenggara,4.0,Tidak,2025,11,Non-El Nino
2025-11-27,Maluku,5.0,Tidak,2025,11,Non-El Nino
2025-11-27,Papua,0.0,Tidak,2025,11,Non-El Nino
2025-11-28,Sumatera,5.0,Tidak,2025,11,Non-El Nino
2025-11-28,Jawa,1.0,Tidak,2025,11,Non-El Nino
2025-11-28,Kalimantan,53.0,Tidak,2025,11,Non-El Nino
2025-11-28,Sulawesi,20.0,Tidak,2025,11,Non-El Nino
2025-11-28,Bali-Nusa Tenggara,6.0,Tidak,2025,11,Non-El Nino
2025-11-28,Maluku,3.0,Tidak,2025,11,Non-El Nino
2025-11-28,Papua,18.0,Tidak,2025,11,Non-El Nino
2025-11-29,Sumatera,17.0,Tidak,2025,11,Non-El Nino
2025-11-29,Jawa,2.0,Tidak,2025,11,Non-El Nino
2025-11-29,Kalimantan,0.0,Tidak,2025,11,Non-El Nino
2025-11-29,Sulawesi,35.0,Tidak,2025,11,Non-El Nino
2025-11-29,Bali-Nusa Tenggara,6.0,Tidak,2025,11,Non-El Nino
2025-11-29,Maluku,4.0,Tidak,2025,11,Non-El Nino
2025-11-29,Papua,3.0,Tidak,2025,11,Non-El Nino
2025-11-30,Sumatera,45.0,Tidak,2025,11,Non-El Nino
2025-11-30,Jawa,0.0,Tidak,2025,11,Non-El Nino
2025-11-30,Kalimantan,1.0,Tidak,2025,11,Non-El Nino
2025-11-30,Sulawesi,14.0,Tidak,2025,11,Non-El Nino
2025-11-30,Bali-Nusa Tenggara,1.0,Tidak,2025,11,Non-El Nino
2025-11-30,Maluku,7.0,Tidak,2025,11,Non-El Nino
2025-11-30,Papua,3.0,Tidak,2025,11,Non-El Nino
2025-12-01,Sumatera,2.0,Tidak,2025,12,Non-El Nino
2025-12-01,Jawa,3.0,Tidak,2025,12,Non-El Nino
2025-12-01,Kalimantan,2.0,Tidak,2025,12,Non-El Nino
2025-12-01,Sulawesi,1.0,Tidak,2025,12,Non-El Nino
2025-12-01,Bali-Nusa Tenggara,2.0,Tidak,2025,12,Non-El Nino
2025-12-01,Maluku,2.0,Tidak,2025,12,Non-El Nino
2025-12-01,Papua,13.0,Tidak,2025,12,Non-El Nino
2025-12-02,Sumatera,5.0,Tidak,2025,12,Non-El Nino
2025-12-02,Jawa,5.0,Tidak,2025,12,Non-El Nino
2025-12-02,Kalimantan,0.0,Tidak,2025,12,Non-El Nino
2025-12-02,Sulawesi,8.0,Tidak,2025,12,Non-El Nino
2025-12-02,Bali-Nusa Tenggara,1.0,Tidak,2025,12,Non-El Nino
2025-12-02,Maluku,4.0,Tidak,2025,12,Non-El Nino
2025-12-02,Papua,6.0,Tidak,2025,12,Non-El Nino
2025-12-03,Sumatera,10.0,Tidak,2025,12,Non-El Nino
2025-12-03,Jawa,2.0,Tidak,2025,12,Non-El Nino
2025-12-03,Kalimantan,8.0,Tidak,2025,12,Non-El Nino
2025-12-03,Sulawesi,7.0,Tidak,2025,12,Non-El Nino
2025-12-03,Bali-Nusa Tenggara,3.0,Tidak,2025,12,Non-El Nino
2025-12-03,Maluku,1.0,Tidak,2025,12,Non-El Nino
2025-12-03,Papua,1.0,Tidak,2025,12,Non-El Nino
2025-12-04,Sumatera,5.0,Tidak,2025,12,Non-El Nino
2025-12-04,Jawa,2.0,Tidak,2025,12,Non-El Nino
2025-12-04,Kalimantan,14.0,Tidak,2025,12,Non-El Nino
2025-12-04,Sulawesi,22.0,Tidak,2025,12,Non-El Nino
2025-12-04,Bali-Nusa Tenggara,7.0,Tidak,2025,12,Non-El Nino
2025-12-04,Maluku,1.0,Tidak,2025,12,Non-El Nino
2025-12-04,Papua,1.0,Tidak,2025,12,Non-El Nino
2025-12-05,Sumatera,5.0,Tidak,2025,12,Non-El Nino
2025-12-05,Jawa,2.0,Tidak,2025,12,Non-El Nino
2025-12-05,Kalimantan,3.0,Tidak,2025,12,Non-El Nino
2025-12-05,Sulawesi,5.0,Tidak,2025,12,Non-El Nino
2025-12-05,Bali-Nusa Tenggara,3.0,Tidak,2025,12,Non-El Nino
2025-12-05,Maluku,0.0,Tidak,2025,12,Non-El Nino
2025-12-05,Papua,0.0,Tidak,2025,12,Non-El Nino
2025-12-06,Sumatera,6.0,Tidak,2025,12,Non-El Nino
2025-12-06,Jawa,2.0,Tidak,2025,12,Non-El Nino
2025-12-06,Kalimantan,1.0,Tidak,2025,12,Non-El Nino
2025-12-06,Sulawesi,14.0,Tidak,2025,12,Non-El Nino
2025-12-06,Bali-Nusa Tenggara,3.0,Tidak,2025,12,Non-El Nino
2025-12-06,Maluku,0.0,Tidak,2025,12,Non-El Nino
2025-12-06,Papua,0.0,Tidak,2025,12,Non-El Nino
2025-12-07,Sumatera,2.0,Tidak,2025,12,Non-El Nino
2025-12-07,Jawa,4.0,Tidak,2025,12,Non-El Nino
2025-12-07,Kalimantan,16.0,Tidak,2025,12,Non-El Nino
2025-12-07,Sulawesi,0.0,Tidak,2025,12,Non-El Nino
2025-12-07,Bali-Nusa Tenggara,0.0,Tidak,2025,12,Non-El Nino
2025-12-07,Maluku,0.0,Tidak,2025,12,Non-El Nino
2025-12-07,Papua,5.0,Tidak,2025,12,Non-El Nino
2025-12-08,Sumatera,3.0,Tidak,2025,12,Non-El Nino
2025-12-08,Jawa,0.0,Tidak,2025,12,Non-El Nino
2025-12-08,Kalimantan,1.0,Tidak,2025,12,Non-El Nino
2025-12-08,Sulawesi,4.0,Tidak,2025,12,Non-El Nino
2025-12-08,Bali-Nusa Tenggara,0.0,Tidak,2025,12,Non-El Nino
2025-12-08,Maluku,2.0,Tidak,2025,12,Non-El Nino
2025-12-08,Papua,0.0,Tidak,2025,12,Non-El Nino
2025-12-09,Sumatera,1.0,Tidak,2025,12,Non-El Nino
2025-12-09,Jawa,4.0,Tidak,2025,12,Non-El Nino
2025-12-09,Kalimantan,1.0,Tidak,2025,12,Non-El Nino
2025-12-09,Sulawesi,1.0,Tidak,2025,12,Non-El Nino
2025-12-09,Bali-Nusa Tenggara,3.0,Tidak,2025,12,Non-El Nino
2025-12-09,Maluku,0.0,Tidak,2025,12,Non-El Nino
2025-12-09,Papua,2.0,Tidak,2025,12,Non-El Nino
2025-12-10,Sumatera,1.0,Tidak,2025,12,Non-El Nino
2025-12-10,Jawa,2.0,Tidak,2025,12,Non-El Nino
2025-12-10,Kalimantan,6.0,Tidak,2025,12,Non-El Nino
2025-12-10,Sulawesi,5.0,Tidak,2025,12,Non-El Nino
2025-12-10,Bali-Nusa Tenggara,0.0,Tidak,2025,12,Non-El Nino
2025-12-10,Maluku,0.0,Tidak,2025,12,Non-El Nino
2025-12-10,Papua,1.0,Tidak,2025,12,Non-El Nino
2025-12-11,Sumatera,3.0,Tidak,2025,12,Non-El Nino
2025-12-11,Jawa,1.0,Tidak,2025,12,Non-El Nino
2025-12-11,Kalimantan,9.0,Tidak,2025,12,Non-El Nino
2025-12-11,Sulawesi,5.0,Tidak,2025,12,Non-El Nino
2025-12-11,Bali-Nusa Tenggara,2.0,Tidak,2025,12,Non-El Nino
2025-12-11,Maluku,1.0,Tidak,2025,12,Non-El Nino
2025-12-11,Papua,2.0,Tidak,2025,12,Non-El Nino
2025-12-12,Sumatera,1.0,Tidak,2025,12,Non-El Nino
2025-12-12,Jawa,0.0,Tidak,2025,12,Non-El Nino
2025-12-12,Kalimantan,1.0,Tidak,2025,12,Non-El Nino
2025-12-12,Sulawesi,6.0,Tidak,2025,12,Non-El Nino
2025-12-12,Bali-Nusa Tenggara,0.0,Tidak,2025,12,Non-El Nino
2025-12-12,Maluku,3.0,Tidak,2025,12,Non-El Nino
2025-12-12,Papua,1.0,Tidak,2025,12,Non-El Nino
2025-12-13,Sumatera,0.0,Tidak,2025,12,Non-El Nino
2025-12-13,Jawa,1.0,Tidak,2025,12,Non-El Nino
2025-12-13,Kalimantan,1.0,Tidak,2025,12,Non-El Nino
2025-12-13,Sulawesi,7.0,Tidak,2025,12,Non-El Nino
2025-12-13,Bali-Nusa Tenggara,0.0,Tidak,2025,12,Non-El Nino
2025-12-13,Maluku,3.0,Tidak,2025,12,Non-El Nino
2025-12-13,Papua,6.0,Tidak,2025,12,Non-El Nino
2025-12-14,Sumatera,0.0,Tidak,2025,12,Non-El Nino
2025-12-14,Jawa,0.0,Tidak,2025,12,Non-El Nino
2025-12-14,Kalimantan,6.0,Tidak,2025,12,Non-El Nino
2025-12-14,Sulawesi,4.0,Tidak,2025,12,Non-El Nino
2025-12-14,Bali-Nusa Tenggara,0.0,Tidak,2025,12,Non-El Nino
2025-12-14,Maluku,2.0,Tidak,2025,12,Non-El Nino
2025-12-14,Papua,7.0,Tidak,2025,12,Non-El Nino
2025-12-15,Sumatera,1.0,Tidak,2025,12,Non-El Nino
2025-12-15,Jawa,1.0,Tidak,2025,12,Non-El Nino
2025-12-15,Kalimantan,2.0,Tidak,2025,12,Non-El Nino
2025-12-15,Sulawesi,6.0,Tidak,2025,12,Non-El Nino
2025-12-15,Bali-Nusa Tenggara,0.0,Tidak,2025,12,Non-El Nino
2025-12-15,Maluku,2.0,Tidak,2025,12,Non-El Nino
2025-12-15,Papua,3.0,Tidak,2025,12,Non-El Nino
2025-12-16,Sumatera,0.0,Tidak,2025,12,Non-El Nino
2025-12-16,Jawa,3.0,Tidak,2025,12,Non-El Nino
2025-12-16,Kalimantan,4.0,Tidak,2025,12,Non-El Nino
2025-12-16,Sulawesi,8.0,Tidak,2025,12,Non-El Nino
2025-12-16,Bali-Nusa Tenggara,3.0,Tidak,2025,12,Non-El Nino
2025-12-16,Maluku,3.0,Tidak,2025,12,Non-El Nino
2025-12-16,Papua,1.0,Tidak,2025,12,Non-El Nino
2025-12-17,Sumatera,2.0,Tidak,2025,12,Non-El Nino
2025-12-17,Jawa,8.0,Tidak,2025,12,Non-El Nino
2025-12-17,Kalimantan,13.0,Tidak,2025,12,Non-El Nino
2025-12-17,Sulawesi,5.0,Tidak,2025,12,Non-El Nino
2025-12-17,Bali-Nusa Tenggara,2.0,Tidak,2025,12,Non-El Nino
2025-12-17,Maluku,0.0,Tidak,2025,12,Non-El Nino
2025-12-17,Papua,0.0,Tidak,2025,12,Non-El Nino
2025-12-18,Sumatera,7.0,Tidak,2025,12,Non-El Nino
2025-12-18,Jawa,14.0,Tidak,2025,12,Non-El Nino
2025-12-18,Kalimantan,8.0,Tidak,2025,12,Non-El Nino
2025-12-18,Sulawesi,3.0,Tidak,2025,12,Non-El Nino
2025-12-18,Bali-Nusa Tenggara,3.0,Tidak,2025,12,Non-El Nino
2025-12-18,Maluku,0.0,Tidak,2025,12,Non-El Nino
2025-12-18,Papua,4.0,Tidak,2025,12,Non-El Nino
2025-12-19,Sumatera,3.0,Tidak,2025,12,Non-El Nino
2025-12-19,Jawa,10.0,Tidak,2025,12,Non-El Nino
2025-12-19,Kalimantan,9.0,Tidak,2025,12,Non-El Nino
2025-12-19,Sulawesi,14.0,Tidak,2025,12,Non-El Nino
2025-12-19,Bali-Nusa Tenggara,0.0,Tidak,2025,12,Non-El Nino
2025-12-19,Maluku,3.0,Tidak,2025,12,Non-El Nino
2025-12-19,Papua,0.0,Tidak,2025,12,Non-El Nino
2025-12-20,Sumatera,11.0,Tidak,2025,12,Non-El Nino
2025-12-20,Jawa,7.0,Tidak,2025,12,Non-El Nino
2025-12-20,Kalimantan,5.0,Tidak,2025,12,Non-El Nino
2025-12-20,Sulawesi,8.0,Tidak,2025,12,Non-El Nino
2025-12-20,Bali-Nusa Tenggara,1.0,Tidak,2025,12,Non-El Nino
2025-12-20,Maluku,5.0,Tidak,2025,12,Non-El Nino
2025-12-20,Papua,0.0,Tidak,2025,12,Non-El Nino
2025-12-21,Sumatera,5.0,Tidak,2025,12,Non-El Nino
2025-12-21,Jawa,0.0,Tidak,2025,12,Non-El Nino
2025-12-21,Kalimantan,2.0,Tidak,2025,12,Non-El Nino
2025-12-21,Sulawesi,10.0,Tidak,2025,12,Non-El Nino
2025-12-21,Bali-Nusa Tenggara,0.0,Tidak,2025,12,Non-El Nino
2025-12-21,Maluku,8.0,Tidak,2025,12,Non-El Nino
2025-12-21,Papua,0.0,Tidak,2025,12,Non-El Nino
2025-12-22,Sumatera,32.0,Tidak,2025,12,Non-El Nino
2025-12-22,Jawa,6.0,Tidak,2025,12,Non-El Nino
2025-12-22,Kalimantan,5.0,Tidak,2025,12,Non-El Nino
2025-12-22,Sulawesi,4.0,Tidak,2025,12,Non-El Nino
2025-12-22,Bali-Nusa Tenggara,0.0,Tidak,2025,12,Non-El Nino
2025-12-22,Maluku,4.0,Tidak,2025,12,Non-El Nino
2025-12-22,Papua,0.0,Tidak,2025,12,Non-El Nino
2025-12-23,Sumatera,13.0,Tidak,2025,12,Non-El Nino
2025-12-23,Jawa,1.0,Tidak,2025,12,Non-El Nino
2025-12-23,Kalimantan,0.0,Tidak,2025,12,Non-El Nino
2025-12-23,Sulawesi,3.0,Tidak,2025,12,Non-El Nino
2025-12-23,Bali-Nusa Tenggara,0.0,Tidak,2025,12,Non-El Nino
2025-12-23,Maluku,4.0,Tidak,2025,12,Non-El Nino
2025-12-23,Papua,0.0,Tidak,2025,12,Non-El Nino
2025-12-24,Sumatera,15.0,Tidak,2025,12,Non-El Nino
2025-12-24,Jawa,4.0,Tidak,2025,12,Non-El Nino
2025-12-24,Kalimantan,7.0,Tidak,2025,12,Non-El Nino
2025-12-24,Sulawesi,1.0,Tidak,2025,12,Non-El Nino
2025-12-24,Bali-Nusa Tenggara,0.0,Tidak,2025,12,Non-El Nino
2025-12-24,Maluku,0.0,Tidak,2025,12,Non-El Nino
2025-12-24,Papua,4.0,Tidak,2025,12,Non-El Nino
2025-12-25,Sumatera,4.0,Tidak,2025,12,Non-El Nino
2025-12-25,Jawa,5.0,Tidak,2025,12,Non-El Nino
2025-12-25,Kalimantan,12.0,Tidak,2025,12,Non-El Nino
2025-12-25,Sulawesi,6.0,Tidak,2025,12,Non-El Nino
2025-12-25,Bali-Nusa Tenggara,4.0,Tidak,2025,12,Non-El Nino
2025-12-25,Maluku,0.0,Tidak,2025,12,Non-El Nino
2025-12-25,Papua,0.0,Tidak,2025,12,Non-El Nino
2025-12-26,Sumatera,1.0,Tidak,2025,12,Non-El Nino
2025-12-26,Jawa,1.0,Tidak,2025,12,Non-El Nino
2025-12-26,Kalimantan,18.0,Tidak,2025,12,Non-El Nino
2025-12-26,Sulawesi,35.0,Tidak,2025,12,Non-El Nino
2025-12-26,Bali-Nusa Tenggara,0.0,Tidak,2025,12,Non-El Nino
2025-12-26,Maluku,4.0,Tidak,2025,12,Non-El Nino
2025-12-26,Papua,0.0,Tidak,2025,12,Non-El Nino
2025-12-27,Sumatera,0.0,Tidak,2025,12,Non-El Nino
2025-12-27,Jawa,0.0,Tidak,2025,12,Non-El Nino
2025-12-27,Kalimantan,0.0,Tidak,2025,12,Non-El Nino
2025-12-27,Sulawesi,4.0,Tidak,2025,12,Non-El Nino
2025-12-27,Bali-Nusa Tenggara,0.0,Tidak,2025,12,Non-El Nino
2025-12-27,Maluku,2.0,Tidak,2025,12,Non-El Nino
2025-12-27,Papua,0.0,Tidak,2025,12,Non-El Nino
2025-12-28,Sumatera,0.0,Tidak,2025,12,Non-El Nino
2025-12-28,Jawa,2.0,Tidak,2025,12,Non-El Nino
2025-12-28,Kalimantan,3.0,Tidak,2025,12,Non-El Nino
2025-12-28,Sulawesi,4.0,Tidak,2025,12,Non-El Nino
2025-12-28,Bali-Nusa Tenggara,0.0,Tidak,2025,12,Non-El Nino
2025-12-28,Maluku,3.0,Tidak,2025,12,Non-El Nino
2025-12-28,Papua,0.0,Tidak,2025,12,Non-El Nino
2025-12-29,Sumatera,0.0,Tidak,2025,12,Non-El Nino
2025-12-29,Jawa,3.0,Tidak,2025,12,Non-El Nino
2025-12-29,Kalimantan,5.0,Tidak,2025,12,Non-El Nino
2025-12-29,Sulawesi,5.0,Tidak,2025,12,Non-El Nino
2025-12-29,Bali-Nusa Tenggara,0.0,Tidak,2025,12,Non-El Nino
2025-12-29,Maluku,0.0,Tidak,2025,12,Non-El Nino
2025-12-29,Papua,1.0,Tidak,2025,12,Non-El Nino
2025-12-30,Sumatera,0.0,Tidak,2025,12,Non-El Nino
2025-12-30,Jawa,5.0,Tidak,2025,12,Non-El Nino
2025-12-30,Kalimantan,1.0,Tidak,2025,12,Non-El Nino
2025-12-30,Sulawesi,2.0,Tidak,2025,12,Non-El Nino
2025-12-30,Bali-Nusa Tenggara,1.0,Tidak,2025,12,Non-El Nino
2025-12-30,Maluku,1.0,Tidak,2025,12,Non-El Nino
2025-12-30,Papua,5.0,Tidak,2025,12,Non-El Nino
2025-12-31,Sumatera,3.0,Tidak,2025,12,Non-El Nino
2025-12-31,Jawa,0.0,Tidak,2025,12,Non-El Nino
2025-12-31,Kalimantan,1.0,Tidak,2025,12,Non-El Nino
2025-12-31,Sulawesi,6.0,Tidak,2025,12,Non-El Nino
2025-12-31,Bali-Nusa Tenggara,0.0,Tidak,2025,12,Non-El Nino
2025-12-31,Maluku,0.0,Tidak,2025,12,Non-El Nino
2025-12-31,Papua,0.0,Tidak,2025,12,Non-El Nino
